split,image,label,depth,valid,failure_reason,length_m,width_m,area_m2,area_pos_m2,mean_depth_m,median_depth_m,p90_depth_m,p99_depth_m,max_depth_m,volume_m3,valid_depth_pixels,valid_pothole_depth_pixels,mask_pixels,cavity_pixels,pothole_depth_coverage,volume_area_mean_depth_ratio,road_plane_inliers,road_plane_inlier_ratio,mask_path,depth_target_path
train,images/train/20250227_135438.jpg,labels/train/20250227_135438.txt,depths/train/20250227_135438.npy,True,,0.5571995090286419,0.4603872716286086,0.25321662425994873,0.25321662425994873,0.04116569086909294,0.043358683586120605,0.06166912987828255,0.06734836846590042,0.07128846645355225,0.010360971093177795,289012.0,66215.0,66215.0,66215.0,1.0,0.9939689979466564,24875,0.995,targets_v2/train/20250227_135438_mask.png,targets_v2/train/20250227_135438_cavity_depth.npy
train,images/train/20250227_135652.jpg,labels/train/20250227_135652.txt,depths/train/20250227_135652.npy,True,,0.7690127193967439,0.6453305796608622,0.4872380197048187,0.4872380197048187,0.044233497232198715,0.047194838523864746,0.06541383266448975,0.07260210812091827,0.07719695568084717,0.021038847044110298,291818.0,86135.0,86135.0,86135.0,1.0,0.9761790647326805,24998,0.99992,targets_v2/train/20250227_135652_mask.png,targets_v2/train/20250227_135652_cavity_depth.npy
train,images/train/20250227_140407.jpg,labels/train/20250227_140407.txt,depths/train/20250227_140407.npy,True,,0.19329636703997843,0.12270176209918188,0.022610820829868317,0.022610820829868317,0.03708554059267044,0.036466360092163086,0.04607626795768738,0.05115824565291405,0.05260723829269409,0.0008338936604559422,286326.0,7492.0,7492.0,7492.0,1.0,0.9944655190838226,23400,0.936,targets_v2/train/20250227_140407_mask.png,targets_v2/train/20250227_140407_cavity_depth.npy
train,images/train/20250227_141050.jpg,labels/train/20250227_141050.txt,depths/train/20250227_141050.npy,True,,0.30132349243220263,0.2734532715086408,0.07798606902360916,0.07798606902360916,0.025817418470978737,0.027166128158569336,0.037542425096035004,0.040085408836603165,0.04224294424057007,0.0020190062932670116,283701.0,42689.0,42689.0,42689.0,1.0,1.002784999116745,23630,0.9452,targets_v2/train/20250227_141050_mask.png,targets_v2/train/20250227_141050_cavity_depth.npy
train,images/train/20250227_141418.jpg,labels/train/20250227_141418.txt,depths/train/20250227_141418.npy,True,,0.5072354005823487,0.4835433133383271,0.23320487141609192,0.23320487141609192,0.02447524480521679,0.02479568123817444,0.033100925385951996,0.03623304143548012,0.037950873374938965,0.00569957634434104,291240.0,72812.0,72812.0,72812.0,1.0,0.9985686165988825,25000,1.0,targets_v2/train/20250227_141418_mask.png,targets_v2/train/20250227_141418_cavity_depth.npy
train,images/train/20250227_142113.jpg,labels/train/20250227_142113.txt,depths/train/20250227_142113.npy,True,,1.315657700041764,0.8605965841251,1.0744047164916992,1.0707969665527344,0.035897910594940186,0.03746938705444336,0.05012965202331543,0.060229089111089706,0.06804966926574707,0.0396939292550087,294186.0,102363.0,102363.0,102173.0,1.0,1.0291697521329288,24876,0.99504,targets_v2/train/20250227_142113_mask.png,targets_v2/train/20250227_142113_cavity_depth.npy
train,images/train/20250227_142636.jpg,labels/train/20250227_142636.txt,depths/train/20250227_142636.npy,True,,0.707006270606936,0.5118675675691577,0.3453064560890198,0.3449375033378601,0.02502930350601673,0.02705135941505432,0.031603049486875534,0.03474413976073265,0.03704547882080078,0.008534040302038193,292504.0,63128.0,63128.0,63020.0,1.0,0.9874184245297317,24979,0.99916,targets_v2/train/20250227_142636_mask.png,targets_v2/train/20250227_142636_cavity_depth.npy
train,images/train/20250227_142923.jpg,labels/train/20250227_142923.txt,depths/train/20250227_142923.npy,True,,0.35262193009275905,0.24978380247697227,0.07671692967414856,0.07671692967414856,0.030424602329730988,0.030382871627807617,0.04276224970817566,0.04770488664507866,0.054749906063079834,0.002355760894715786,287182.0,39796.0,39796.0,39796.0,1.0,1.009287941342239,24974,0.99896,targets_v2/train/20250227_142923_mask.png,targets_v2/train/20250227_142923_cavity_depth.npy
train,images/train/20250227_143049.jpg,labels/train/20250227_143049.txt,depths/train/20250227_143049.npy,True,,0.3783382630783208,0.26171769598741457,0.09918329119682312,0.09909285604953766,0.020895464345812798,0.02231520414352417,0.02932751178741455,0.033156514167785645,0.04005783796310425,0.0020312932319939137,280582.0,54296.0,54523.0,54239.0,0.9958366194083231,0.9801263826292692,25000,1.0,targets_v2/train/20250227_143049_mask.png,targets_v2/train/20250227_143049_cavity_depth.npy
train,images/train/20250227_143331.jpg,labels/train/20250227_143331.txt,depths/train/20250227_143331.npy,True,,0.2879193152452777,0.16099284201701886,0.04351752996444702,0.04336314648389816,0.016667459160089493,0.017099618911743164,0.025067579001188278,0.027958042919635773,0.0291939377784729,0.0007420409237965941,284680.0,37266.0,37266.0,37127.0,1.0,1.02304378349693,25000,1.0,targets_v2/train/20250227_143331_mask.png,targets_v2/train/20250227_143331_cavity_depth.npy
train,images/train/20250227_151014.jpg,labels/train/20250227_151014.txt,depths/train/20250227_151014.npy,True,,0.4035481892161491,0.393073697786037,0.12155342102050781,0.12155342102050781,0.061481039971113205,0.06733274459838867,0.07705402374267578,0.08533275872468948,0.09605675935745239,0.007592384237796068,291153.0,35196.0,35299.0,35196.0,0.9970820703136066,1.0159440415546803,22802,0.91208,targets_v2/train/20250227_151014_mask.png,targets_v2/train/20250227_151014_cavity_depth.npy
train,images/train/20250227_152725.jpg,labels/train/20250227_152725.txt,depths/train/20250227_152725.npy,True,,0.3753224998876418,0.14103725420663676,0.04882971942424774,0.046949602663517,0.020502304658293724,0.02293333411216736,0.02846921607851982,0.031011857092380524,0.03361111879348755,0.0009649554267525673,287653.0,16611.0,16611.0,16012.0,1.0,0.9638741681183681,24997,0.99988,targets_v2/train/20250227_152725_mask.png,targets_v2/train/20250227_152725_cavity_depth.npy
train,images/train/20250227_152914.jpg,labels/train/20250227_152914.txt,depths/train/20250227_152914.npy,True,,1.3265164443069697,0.3088193068707522,0.402236670255661,0.402236670255661,0.039940543472766876,0.04414713382720947,0.05272872373461723,0.05698738619685173,0.061693787574768066,0.015791546553373337,292641.0,53485.0,53513.0,53485.0,0.9994767626558032,0.9829445838706492,23785,0.9514,targets_v2/train/20250227_152914_mask.png,targets_v2/train/20250227_152914_cavity_depth.npy
train,images/train/20250227_154005.jpg,labels/train/20250227_154005.txt,depths/train/20250227_154005.npy,True,,0.5375220751225818,0.2695693275136778,0.11698845773935318,0.10885683447122574,0.039835430681705475,0.039093732833862305,0.06066621094942093,0.0664672702550888,0.07012659311294556,0.0044120727106928825,288739.0,44060.0,44060.0,40675.0,1.0,0.9467386959707432,23980,0.9592,targets_v2/train/20250227_154005_mask.png,targets_v2/train/20250227_154005_cavity_depth.npy
train,images/train/20250227_154322.jpg,labels/train/20250227_154322.txt,depths/train/20250227_154322.npy,True,,0.6278416273481254,0.5337560184056777,0.29603731632232666,0.28642454743385315,0.030496608465909958,0.027560770511627197,0.057222649455070496,0.06783866882324219,0.07445412874221802,0.008746396750211716,287073.0,120374.0,121076.0,116150.0,0.99420198883346,0.9687933992782852,24943,0.99772,targets_v2/train/20250227_154322_mask.png,targets_v2/train/20250227_154322_cavity_depth.npy
train,images/train/20250227_154522.jpg,labels/train/20250227_154522.txt,depths/train/20250227_154522.npy,True,,1.0220879457070224,0.7581340709521234,0.7393177151679993,0.6674888730049133,0.04967871308326721,0.049774765968322754,0.08341264724731445,0.09218406677246094,0.10306429862976074,0.03473670035600662,292641.0,130070.0,130070.0,113351.0,1.0,0.945773437969752,24209,0.96836,targets_v2/train/20250227_154522_mask.png,targets_v2/train/20250227_154522_cavity_depth.npy
train,images/train/20250227_155233.jpg,labels/train/20250227_155233.txt,depths/train/20250227_155233.npy,True,,0.3499768937325478,0.3213967123872414,0.10390503704547882,0.10390503704547882,0.07617363333702087,0.07789766788482666,0.09425032138824463,0.10010646283626556,0.10209554433822632,0.0078065237030386925,290173.0,29485.0,29485.0,29485.0,1.0,0.986316753463911,17171,0.68684,targets_v2/train/20250227_155233_mask.png,targets_v2/train/20250227_155233_cavity_depth.npy
train,images/train/20250227_155737.jpg,labels/train/20250227_155737.txt,depths/train/20250227_155737.npy,True,,1.1109869474071181,0.9860825012049927,1.1792256832122803,1.172959566116333,0.05413883179426193,0.05411571264266968,0.08511336892843246,0.0987827405333519,0.10722887516021729,0.06244778633117676,289044.0,91442.0,91442.0,91118.0,1.0,0.978163015827613,22403,0.89612,targets_v2/train/20250227_155737_mask.png,targets_v2/train/20250227_155737_cavity_depth.npy
train,images/train/20250227_155838.jpg,labels/train/20250227_155838.txt,depths/train/20250227_155838.npy,True,,1.344021423009203,1.0054133006915285,1.3447688817977905,1.2869844436645508,0.056478943675756454,0.05837535858154297,0.08765438944101334,0.10051120817661285,0.10891485214233398,0.07097872346639633,242976.0,94363.0,94363.0,87900.0,1.0,0.934531550328496,22059,0.88236,targets_v2/train/20250227_155838_mask.png,targets_v2/train/20250227_155838_cavity_depth.npy
train,images/train/20250227_161423.jpg,labels/train/20250227_161423.txt,depths/train/20250227_161423.npy,True,,0.482925266273154,0.21953978661611787,0.09337928891181946,0.0931931585073471,0.027425765991210938,0.03111124038696289,0.038091421127319336,0.04134160652756691,0.04293256998062134,0.0024878992699086666,287135.0,28508.0,28508.0,28459.0,1.0,0.9714567363210144,24757,0.99028,targets_v2/train/20250227_161423_mask.png,targets_v2/train/20250227_161423_cavity_depth.npy
train,images/train/20250227_161957.jpg,labels/train/20250227_161957.txt,depths/train/20250227_161957.npy,True,,1.4085655286320153,0.12716601825418575,0.18923145532608032,0.18696089088916779,0.023658838123083115,0.02499675750732422,0.033304497599601746,0.039460618048906326,0.04435014724731445,0.004377962090075016,235046.0,7337.0,8843.0,7267.0,0.8296958045912021,0.9778793031957682,24518,0.98072,targets_v2/train/20250227_161957_mask.png,targets_v2/train/20250227_161957_cavity_depth.npy
train,images/train/20250227_162352.jpg,labels/train/20250227_162352.txt,depths/train/20250227_162352.npy,True,,1.0069086399362068,0.5888627176972967,0.5457020998001099,0.5393948554992676,0.04129103571176529,0.03771317005157471,0.07905889302492142,0.08781564235687256,0.09495747089385986,0.025334171950817108,292846.0,61075.0,61075.0,59944.0,1.0,1.124333918495389,23274,0.93096,targets_v2/train/20250227_162352_mask.png,targets_v2/train/20250227_162352_cavity_depth.npy
train,images/train/20250227_162629.jpg,labels/train/20250227_162629.txt,depths/train/20250227_162629.npy,True,,0.6059607390647835,0.4544361852233767,0.27207088470458984,0.22912061214447021,0.025475211441516876,0.02481740713119507,0.0451926589012146,0.05297074466943741,0.055661797523498535,0.005769642535597086,289101.0,43989.0,43989.0,38241.0,1.0,0.8324325249156043,19625,0.785,targets_v2/train/20250227_162629_mask.png,targets_v2/train/20250227_162629_cavity_depth.npy
train,images/train/20250227_162651.jpg,labels/train/20250227_162651.txt,depths/train/20250227_162651.npy,True,,0.8038582572758396,0.19305662061110723,0.15656618773937225,0.15351209044456482,0.0170592050999403,0.01578664779663086,0.02793973684310913,0.034011807292699814,0.0371631383895874,0.0027797562070190907,291022.0,23565.0,23565.0,23203.0,1.0,1.04075843885443,24392,0.97568,targets_v2/train/20250227_162651_mask.png,targets_v2/train/20250227_162651_cavity_depth.npy
train,images/train/20250227_162942.jpg,labels/train/20250227_162942.txt,depths/train/20250227_162942.npy,True,,1.4582444737500586,0.9819659534647702,1.487045407295227,1.4723376035690308,0.04833221063017845,0.04215288162231445,0.09431946277618408,0.11387961357831955,0.12313413619995117,0.06159176677465439,270090.0,54974.0,55558.0,54561.0,0.9894884625076497,0.8569624105805298,22203,0.88812,targets_v2/train/20250227_162942_mask.png,targets_v2/train/20250227_162942_cavity_depth.npy
train,images/train/20250227_163015.jpg,labels/train/20250227_163015.txt,depths/train/20250227_163015.npy,True,,1.0930738796735646,0.5158342529529069,0.5271719694137573,0.5176569223403931,0.038716260343790054,0.04231107234954834,0.04945085197687149,0.05432815104722977,0.05798900127410889,0.0187875647097826,293046.0,60473.0,60473.0,59837.0,1.0,0.9205020876648851,24972,0.99888,targets_v2/train/20250227_163015_mask.png,targets_v2/train/20250227_163015_cavity_depth.npy
train,images/train/20250227_163135.jpg,labels/train/20250227_163135.txt,depths/train/20250227_163135.npy,True,,0.4790397260886281,0.31056336762279035,0.1184944361448288,0.1184944361448288,0.05047116428613663,0.05163079500198364,0.07244478166103363,0.07876665890216827,0.08149915933609009,0.006075643934309483,286564.0,40842.0,40842.0,40842.0,1.0,1.015900167443992,24788,0.99152,targets_v2/train/20250227_163135_mask.png,targets_v2/train/20250227_163135_cavity_depth.npy
train,images/train/20250227_163300.jpg,labels/train/20250227_163300.txt,depths/train/20250227_163300.npy,True,,0.7435776347660017,0.3160022509110566,0.217078298330307,0.20715521275997162,0.03018501214683056,0.031816959381103516,0.052687548100948334,0.06159989535808563,0.0649561882019043,0.006126007530838251,289870.0,54391.0,54391.0,52009.0,1.0,0.9349099091333827,25000,1.0,targets_v2/train/20250227_163300_mask.png,targets_v2/train/20250227_163300_cavity_depth.npy
train,images/train/20250227_163440.jpg,labels/train/20250227_163440.txt,depths/train/20250227_163440.npy,True,,0.8424264736997331,0.5715866629800173,0.41593503952026367,0.41593503952026367,0.06675565987825394,0.07111167907714844,0.09746794402599335,0.10532219707965851,0.11037492752075195,0.02861407771706581,292448.0,46777.0,46777.0,46777.0,1.0,1.0305430791875516,22205,0.8882,targets_v2/train/20250227_163440_mask.png,targets_v2/train/20250227_163440_cavity_depth.npy
train,images/train/20250227_163601.jpg,labels/train/20250227_163601.txt,depths/train/20250227_163601.npy,True,,1.1193885986193528,0.6108340590359163,0.7177257537841797,0.6112479567527771,0.04984806850552559,0.05359131097793579,0.07403824478387833,0.08107546716928482,0.08666253089904785,0.028987029567360878,293667.0,81599.0,81599.0,72684.0,1.0,0.8102085992980813,23081,0.92324,targets_v2/train/20250227_163601_mask.png,targets_v2/train/20250227_163601_cavity_depth.npy
train,images/train/20250227_165206.jpg,labels/train/20250227_165206.txt,depths/train/20250227_165206.npy,True,,1.2525514735369008,0.6053521782435314,0.5998877286911011,0.5572595000267029,0.027211330831050873,0.027843236923217773,0.04046673700213432,0.04605988413095474,0.05009138584136963,0.015186062082648277,291736.0,71489.0,72717.0,67635.0,0.9831126146568203,0.9303051185560669,22845,0.9138,targets_v2/train/20250227_165206_mask.png,targets_v2/train/20250227_165206_cavity_depth.npy
train,images/train/20250227_165450.jpg,labels/train/20250227_165450.txt,depths/train/20250227_165450.npy,True,,0.7059240434339551,0.4968108973194413,0.332044780254364,0.33029499650001526,0.03509506955742836,0.037060439586639404,0.051093876361846924,0.05808326229453087,0.06300103664398193,0.011540801264345646,291573.0,55288.0,55288.0,54862.0,1.0,0.990360242274081,23299,0.93196,targets_v2/train/20250227_165450_mask.png,targets_v2/train/20250227_165450_cavity_depth.npy
train,images/train/20250227_165536.jpg,labels/train/20250227_165536.txt,depths/train/20250227_165536.npy,True,,0.8533495556300066,0.45792073982571657,0.40550917387008667,0.3748081922531128,0.026599401608109474,0.027258634567260742,0.0383014902472496,0.04416096955537796,0.04761040210723877,0.0099828215315938,291865.0,68062.0,68062.0,64307.0,1.0,0.9255092350683709,23750,0.95,targets_v2/train/20250227_165536_mask.png,targets_v2/train/20250227_165536_cavity_depth.npy
train,images/train/20250227_165705.jpg,labels/train/20250227_165705.txt,depths/train/20250227_165705.npy,True,,0.6599730456660808,0.3397612711520005,0.20414352416992188,0.20414352416992188,0.05074838921427727,0.05195140838623047,0.06406369060277939,0.06809158623218536,0.07108497619628906,0.0105233583599329,290354.0,34787.0,34787.0,34787.0,1.0,1.0157725916247393,16845,0.6738,targets_v2/train/20250227_165705_mask.png,targets_v2/train/20250227_165705_cavity_depth.npy
train,images/train/20250227_165810.jpg,labels/train/20250227_165810.txt,depths/train/20250227_165810.npy,True,,0.8218135539131244,0.3528827645848581,0.24848273396492004,0.24568483233451843,0.03876369073987007,0.03800022602081299,0.05932651832699776,0.06591687351465225,0.07129836082458496,0.009716006927192211,291058.0,45342.0,45342.0,44908.0,1.0,1.0087103544575828,23477,0.93908,targets_v2/train/20250227_165810_mask.png,targets_v2/train/20250227_165810_cavity_depth.npy
train,images/train/20250227_165925.jpg,labels/train/20250227_165925.txt,depths/train/20250227_165925.npy,True,,0.7771433937747371,0.26875054741358256,0.19937455654144287,0.18996213376522064,0.024691229686141014,0.021396994590759277,0.047839462757110596,0.053875602781772614,0.05708509683609009,0.0049247415736317635,286954.0,79424.0,79424.0,73117.0,1.0,1.000393800951743,24929,0.99716,targets_v2/train/20250227_165925_mask.png,targets_v2/train/20250227_165925_cavity_depth.npy
train,images/train/20250227_170024.jpg,labels/train/20250227_170024.txt,depths/train/20250227_170024.npy,True,,0.3730315966087443,0.13731041588571938,0.04077739268541336,0.040551990270614624,0.022874459624290466,0.02452385425567627,0.03269475698471069,0.03662137687206268,0.038807213306427,0.0009213106823153794,282920.0,26863.0,26863.0,26712.0,1.0,0.9877244627197753,25000,1.0,targets_v2/train/20250227_170024_mask.png,targets_v2/train/20250227_170024_cavity_depth.npy
train,images/train/20250227_170125.jpg,labels/train/20250227_170125.txt,depths/train/20250227_170125.npy,True,,0.6085613373708653,0.3985592135987194,0.2080751359462738,0.2080751359462738,0.03445208817720413,0.03418976068496704,0.0512731559574604,0.05502990633249283,0.05729246139526367,0.007127637974917889,290227.0,42835.0,42835.0,42835.0,1.0,0.9942827295310737,24496,0.97984,targets_v2/train/20250227_170125_mask.png,targets_v2/train/20250227_170125_cavity_depth.npy
train,images/train/20250227_170327.jpg,labels/train/20250227_170327.txt,depths/train/20250227_170327.npy,True,,0.25643572780137963,0.19091621112595036,0.04364246875047684,0.04364246875047684,0.03147907927632332,0.03298377990722656,0.03770274296402931,0.039351098239421844,0.04069572687149048,0.0013697681715711951,284028.0,23628.0,23628.0,23628.0,1.0,0.9970472492303536,24828,0.99312,targets_v2/train/20250227_170327_mask.png,targets_v2/train/20250227_170327_cavity_depth.npy
train,images/train/20250227_170438.jpg,labels/train/20250227_170438.txt,depths/train/20250227_170438.npy,True,,0.1822516313139302,0.06231171457539485,0.012142651714384556,0.012044684961438179,0.021764282137155533,0.02555161714553833,0.029051274061203003,0.03026033379137516,0.031056493520736694,0.00025931737036444247,267972.0,20626.0,20630.0,20469.0,0.9998061076102763,0.9812365647827308,25000,1.0,targets_v2/train/20250227_170438_mask.png,targets_v2/train/20250227_170438_cavity_depth.npy
train,images/train/20250227_170442.jpg,labels/train/20250227_170442.txt,depths/train/20250227_170442.npy,True,,1.0405923027451587,0.6769026299952189,0.5526145696640015,0.5496784448623657,0.030396945774555206,0.028519034385681152,0.05171608552336693,0.06251277774572372,0.07339966297149658,0.017611142247915268,290903.0,115241.0,115241.0,114445.0,1.0,1.0484198750112916,25000,1.0,targets_v2/train/20250227_170442_mask.png,targets_v2/train/20250227_170442_cavity_depth.npy
train,images/train/20250227_170443.jpg,labels/train/20250227_170443.txt,depths/train/20250227_170443.npy,True,,0.25076194521313905,0.07597237705187294,0.017721431329846382,0.016074905171990395,0.01482541486620903,0.014615267515182495,0.022107135504484177,0.0240065548568964,0.02520596981048584,0.00023863934620749205,263620.0,40339.0,40340.0,36654.0,0.9999752107089738,0.9083148177251182,25000,1.0,targets_v2/train/20250227_170443_mask.png,targets_v2/train/20250227_170443_cavity_depth.npy
train,images/train/20250227_170538.jpg,labels/train/20250227_170538.txt,depths/train/20250227_170538.npy,True,,0.7400205752212172,0.5139172467804058,0.3780139088630676,0.3773084282875061,0.05312396585941315,0.057579874992370605,0.07999613136053085,0.08913152664899826,0.09359753131866455,0.019499346613883972,291745.0,59600.0,59600.0,59499.0,1.0,0.9710057249794086,22946,0.91784,targets_v2/train/20250227_170538_mask.png,targets_v2/train/20250227_170538_cavity_depth.npy
train,images/train/20250227_170604.jpg,labels/train/20250227_170604.txt,depths/train/20250227_170604.npy,True,,0.33927082715871576,0.1876741086544816,0.04866332188248634,0.0485735684633255,0.02135380543768406,0.021358489990234375,0.033903300762176514,0.037249043583869934,0.039155662059783936,0.001030848827213049,280484.0,34380.0,34380.0,34305.0,1.0,0.9920143354510405,24995,0.9998,targets_v2/train/20250227_170604_mask.png,targets_v2/train/20250227_170604_cavity_depth.npy
train,images/train/20250227_170611.jpg,labels/train/20250227_170611.txt,depths/train/20250227_170611.npy,True,,0.5203403227830441,0.30812661101432004,0.15896177291870117,0.1434936821460724,0.019848328083753586,0.019516408443450928,0.033667467534542084,0.037816599011421204,0.039583444595336914,0.002742273500189185,284112.0,77647.0,77647.0,71538.0,1.0,0.8691488082719714,25000,1.0,targets_v2/train/20250227_170611_mask.png,targets_v2/train/20250227_170611_cavity_depth.npy
train,images/train/20250227_170622.jpg,labels/train/20250227_170622.txt,depths/train/20250227_170622.npy,True,,0.6040395862212018,0.296315449887346,0.1312164068222046,0.1312164068222046,0.01905341073870659,0.019587188959121704,0.026928983628749847,0.02988993003964424,0.031535565853118896,0.002391194924712181,282611.0,66570.0,66575.0,66570.0,0.9999248967330079,0.9564320248642114,25000,1.0,targets_v2/train/20250227_170622_mask.png,targets_v2/train/20250227_170622_cavity_depth.npy
train,images/train/20250227_170624.jpg,labels/train/20250227_170624.txt,depths/train/20250227_170624.npy,True,,0.5582769694607832,0.3354337392221581,0.14258798956871033,0.1356654167175293,0.014669288881123066,0.015100538730621338,0.021237289533019066,0.02411957085132599,0.026444435119628906,0.0019917376339435577,285659.0,65522.0,65522.0,61593.0,1.0,0.9522261909977074,25000,1.0,targets_v2/train/20250227_170624_mask.png,targets_v2/train/20250227_170624_cavity_depth.npy
train,images/train/20250227_170710.jpg,labels/train/20250227_170710.txt,depths/train/20250227_170710.npy,True,,0.6119292758044852,0.5944148652766974,0.2828664779663086,0.2765868008136749,0.03180117532610893,0.029630541801452637,0.05616308003664017,0.06297137588262558,0.06601941585540771,0.008848290890455246,285850.0,110542.0,110542.0,106739.0,1.0,0.9836367304992409,25000,1.0,targets_v2/train/20250227_170710_mask.png,targets_v2/train/20250227_170710_cavity_depth.npy
train,images/train/20250227_170729.jpg,labels/train/20250227_170729.txt,depths/train/20250227_170729.npy,True,,0.44382065920407504,0.22725791777793103,0.09299767017364502,0.08447978645563126,0.01150549203157425,0.011825203895568848,0.01852230913937092,0.021925922483205795,0.024167895317077637,0.0009892811067402363,283187.0,61601.0,61601.0,55365.0,1.0,0.9245756479235628,25000,1.0,targets_v2/train/20250227_170729_mask.png,targets_v2/train/20250227_170729_cavity_depth.npy
train,images/train/20250227_170736.jpg,labels/train/20250227_170736.txt,depths/train/20250227_170736.npy,True,,0.3437233916219878,0.2032447986313568,0.06608183681964874,0.06248132884502411,0.008822161704301834,0.00881621241569519,0.012165755033493042,0.014992475509643555,0.01761162281036377,0.0005520957056432962,282064.0,44520.0,44520.0,42326.0,1.0,0.9470158528367738,25000,1.0,targets_v2/train/20250227_170736_mask.png,targets_v2/train/20250227_170736_cavity_depth.npy
train,images/train/20250227_170828.jpg,labels/train/20250227_170828.txt,depths/train/20250227_170828.npy,True,,0.14630084190041234,0.07858867205147124,0.008641674183309078,0.008641674183309078,0.03483722358942032,0.039093226194381714,0.045343656092882156,0.04691971465945244,0.047577857971191406,0.0003004115424118936,275528.0,9012.0,9016.0,9012.0,0.9995563442768411,0.997872814544594,24752,0.99008,targets_v2/train/20250227_170828_mask.png,targets_v2/train/20250227_170828_cavity_depth.npy
train,images/train/20250227_170837.jpg,labels/train/20250227_170837.txt,depths/train/20250227_170837.npy,True,,0.28320032431403885,0.11601083655116795,0.01833973452448845,0.018275093287229538,0.011760991998016834,0.011202365159988403,0.01860128715634346,0.02017197571694851,0.020814061164855957,0.00020941866387147456,273819.0,23721.0,23721.0,23629.0,1.0,0.9709086831046052,25000,1.0,targets_v2/train/20250227_170837_mask.png,targets_v2/train/20250227_170837_cavity_depth.npy
train,images/train/20250227_170852.jpg,labels/train/20250227_170852.txt,depths/train/20250227_170852.npy,True,,1.5477541735689668,0.8579340463147405,1.2372978925704956,1.2370707988739014,0.04557792842388153,0.051317572593688965,0.06985585391521454,0.0782829001545906,0.08608543872833252,0.060034215450286865,231811.0,52507.0,60500.0,52490.0,0.8678842975206612,1.064559608668672,24177,0.96708,targets_v2/train/20250227_170852_mask.png,targets_v2/train/20250227_170852_cavity_depth.npy
train,images/train/20250227_170934.jpg,labels/train/20250227_170934.txt,depths/train/20250227_170934.npy,True,,0.512914775595922,0.26635186183834825,0.12509675323963165,0.12262383848428726,0.03301369771361351,0.03197184205055237,0.05428168922662735,0.05960246920585632,0.0620158314704895,0.00397905707359314,282207.0,71482.0,71486.0,70324.0,0.9999440449878297,0.9634739124001033,25000,1.0,targets_v2/train/20250227_170934_mask.png,targets_v2/train/20250227_170934_cavity_depth.npy
train,images/train/20250227_170945.jpg,labels/train/20250227_170945.txt,depths/train/20250227_170945.npy,True,,0.33845173855281563,0.21332542224262507,0.05675341933965683,0.05603862553834915,0.019763538613915443,0.01992851495742798,0.028579235076904297,0.03003268502652645,0.03152060508728027,0.0011011152528226376,279186.0,44275.0,44275.0,43619.0,1.0,0.9816937804507873,25000,1.0,targets_v2/train/20250227_170945_mask.png,targets_v2/train/20250227_170945_cavity_depth.npy
train,images/train/20250227_171023.jpg,labels/train/20250227_171023.txt,depths/train/20250227_171023.npy,True,,0.8669373184008982,0.2728719332722557,0.12505614757537842,0.12505614757537842,0.03428231179714203,0.035341620445251465,0.046286989003419876,0.05248759686946869,0.05673253536224365,0.004241401329636574,291294.0,23285.0,23285.0,23285.0,1.0,0.9893141524155026,24889,0.99556,targets_v2/train/20250227_171023_mask.png,targets_v2/train/20250227_171023_cavity_depth.npy
train,images/train/20250227_171035.jpg,labels/train/20250227_171035.txt,depths/train/20250227_171035.npy,True,,0.5599335099359659,0.3846220644071271,0.1676061749458313,0.16419611871242523,0.029104452580213547,0.032833635807037354,0.04144726321101189,0.044685591012239456,0.04712587594985962,0.004722012206912041,285243.0,76238.0,76238.0,74822.0,1.0,0.9680051223200756,25000,1.0,targets_v2/train/20250227_171035_mask.png,targets_v2/train/20250227_171035_cavity_depth.npy
train,images/train/20250227_171044.jpg,labels/train/20250227_171044.txt,depths/train/20250227_171044.npy,True,,1.6024358511982473,0.3517560701069906,0.410631000995636,0.4019331634044647,0.03198517858982086,0.033156752586364746,0.04834704473614693,0.054179806262254715,0.06468486785888672,0.012767825275659561,293796.0,42097.0,42772.0,41287.0,0.9842186477134574,0.9721122527522204,24790,0.9916,targets_v2/train/20250227_171044_mask.png,targets_v2/train/20250227_171044_cavity_depth.npy
train,images/train/20250227_171154.jpg,labels/train/20250227_171154.txt,depths/train/20250227_171154.npy,True,,0.38510083455955757,0.28422940011482745,0.10019925981760025,0.09910654276609421,0.024134719744324684,0.02562737464904785,0.03314626216888428,0.036061324179172516,0.038269996643066406,0.0023805578239262104,286226.0,38298.0,38298.0,37941.0,1.0,0.9844008080477336,25000,1.0,targets_v2/train/20250227_171154_mask.png,targets_v2/train/20250227_171154_cavity_depth.npy
train,images/train/20250227_171430.jpg,labels/train/20250227_171430.txt,depths/train/20250227_171430.npy,True,,0.5275856598752076,0.41761120660519396,0.20134401321411133,0.20131851732730865,0.035938285291194916,0.03828150033950806,0.04727901145815849,0.05017343908548355,0.05275237560272217,0.0071506439708173275,286356.0,88262.0,88262.0,88249.0,1.0,0.9882096315641755,23938,0.95752,targets_v2/train/20250227_171430_mask.png,targets_v2/train/20250227_171430_cavity_depth.npy
train,images/train/20250227_171441.jpg,labels/train/20250227_171441.txt,depths/train/20250227_171441.npy,True,,0.8623424714829251,0.4002773396979741,0.25005295872688293,0.2500443458557129,0.03891453891992569,0.04007667303085327,0.05124204605817795,0.0588727630674839,0.06358587741851807,0.00977695919573307,288068.0,88316.0,88316.0,88312.0,1.0,1.0047543981685896,19660,0.7864,targets_v2/train/20250227_171441_mask.png,targets_v2/train/20250227_171441_cavity_depth.npy
train,images/train/20250227_171506.jpg,labels/train/20250227_171506.txt,depths/train/20250227_171506.npy,True,,0.44720882332819045,0.22813844231383024,0.09461379051208496,0.09437024593353271,0.015711797401309013,0.01653909683227539,0.021058272570371628,0.024208709597587585,0.026662230491638184,0.0014754984294995666,285421.0,39689.0,39689.0,39609.0,1.0,0.9925638167166957,25000,1.0,targets_v2/train/20250227_171506_mask.png,targets_v2/train/20250227_171506_cavity_depth.npy
train,images/train/20250227_171513.jpg,labels/train/20250227_171513.txt,depths/train/20250227_171513.npy,True,,0.6062376637830209,0.3968305475434205,0.23286721110343933,0.23026561737060547,0.020185673609375954,0.0206720232963562,0.029416894540190697,0.03289639949798584,0.035927772521972656,0.004812960512936115,287523.0,80708.0,80708.0,79489.0,1.0,1.0239074665239274,25000,1.0,targets_v2/train/20250227_171513_mask.png,targets_v2/train/20250227_171513_cavity_depth.npy
train,images/train/20250227_171518.jpg,labels/train/20250227_171518.txt,depths/train/20250227_171518.npy,True,,0.25263552536564265,0.11746992804313422,0.028033971786499023,0.024209238588809967,0.00867019034922123,0.009112060070037842,0.012132024392485619,0.014555015601217747,0.01569420099258423,0.00020941731054335833,282061.0,18158.0,18158.0,15785.0,1.0,0.8615873493877507,25000,1.0,targets_v2/train/20250227_171518_mask.png,targets_v2/train/20250227_171518_cavity_depth.npy
train,images/train/20250227_171539.jpg,labels/train/20250227_171539.txt,depths/train/20250227_171539.npy,True,,0.24986192654142514,0.23939226566583283,0.0577714666724205,0.05729982256889343,0.017309127375483513,0.016619443893432617,0.025814030319452286,0.027991287410259247,0.02980118989944458,0.0009947562357410789,275908.0,63499.0,63500.0,62952.0,0.9999842519685039,0.9947824230885123,24996,0.99984,targets_v2/train/20250227_171539_mask.png,targets_v2/train/20250227_171539_cavity_depth.npy
train,images/train/20250227_171606.jpg,labels/train/20250227_171606.txt,depths/train/20250227_171606.npy,True,,0.7304045670284126,0.5376998386657303,0.34538549184799194,0.34538549184799194,0.03485848009586334,0.03454291820526123,0.04247891902923584,0.05295122414827347,0.06103038787841797,0.012056436389684677,289812.0,69709.0,69709.0,69709.0,1.0,1.0013973120474962,24540,0.9816,targets_v2/train/20250227_171606_mask.png,targets_v2/train/20250227_171606_cavity_depth.npy
train,images/train/20250227_171856.jpg,labels/train/20250227_171856.txt,depths/train/20250227_171856.npy,True,,1.3529401508193994,0.24201144252898946,0.3197346329689026,0.3028356730937958,0.019004885107278824,0.020285367965698242,0.028271067887544632,0.03273392468690872,0.036249756813049316,0.005950958468019962,292506.0,39653.0,39653.0,37628.0,1.0,0.9793366109043041,23286,0.93144,targets_v2/train/20250227_171856_mask.png,targets_v2/train/20250227_171856_cavity_depth.npy
train,images/train/20250227_172052.jpg,labels/train/20250227_172052.txt,depths/train/20250227_172052.npy,True,,0.965674975392121,0.2769618682741893,0.23814406991004944,0.21880605816841125,0.025214212015271187,0.02711033821105957,0.03706695884466171,0.044584404677152634,0.04852437973022461,0.005424320697784424,289691.0,52377.0,52377.0,48549.0,1.0,0.9033586059307132,25000,1.0,targets_v2/train/20250227_172052_mask.png,targets_v2/train/20250227_172052_cavity_depth.npy
train,images/train/20250227_172520.jpg,labels/train/20250227_172520.txt,depths/train/20250227_172520.npy,True,,0.2496240105304714,0.2308423827744698,0.05270921438932419,0.05270921438932419,0.055988699197769165,0.06678995490074158,0.07586071640253067,0.0792708471417427,0.08095383644104004,0.0029023520182818174,285712.0,23930.0,23964.0,23930.0,0.9985812051410449,0.9834746383275135,24965,0.9986,targets_v2/train/20250227_172520_mask.png,targets_v2/train/20250227_172520_cavity_depth.npy
train,images/train/20250227_172528.jpg,labels/train/20250227_172528.txt,depths/train/20250227_172528.npy,True,,1.5349939913000894,0.3002682372737955,0.4133830666542053,0.4126076400279999,0.03246714174747467,0.03409123420715332,0.04824516549706459,0.05532398074865341,0.05948615074157715,0.01333936583250761,294605.0,40832.0,41235.0,40777.0,0.9902267491208925,0.9938902802616594,23083,0.92332,targets_v2/train/20250227_172528_mask.png,targets_v2/train/20250227_172528_cavity_depth.npy
train,images/train/20250227_172615.jpg,labels/train/20250227_172615.txt,depths/train/20250227_172615.npy,True,,0.41571436716506716,0.28740986397541757,0.10935601592063904,0.10285389423370361,0.013562437146902084,0.014338910579681396,0.01738070324063301,0.01930837705731392,0.021585524082183838,0.0013930026907473803,280950.0,81521.0,81521.0,76883.0,1.0,0.939229094480338,25000,1.0,targets_v2/train/20250227_172615_mask.png,targets_v2/train/20250227_172615_cavity_depth.npy
train,images/train/20250227_172620.jpg,labels/train/20250227_172620.txt,depths/train/20250227_172620.npy,True,,0.18404554983027333,0.16543179509714012,0.029969457536935806,0.024897273629903793,0.013727066107094288,0.014651656150817871,0.018622780218720436,0.0196829941123724,0.020495295524597168,0.0003371817001607269,281850.0,18582.0,18582.0,15744.0,1.0,0.8196102649164893,25000,1.0,targets_v2/train/20250227_172620_mask.png,targets_v2/train/20250227_172620_cavity_depth.npy
train,images/train/20250227_172633.jpg,labels/train/20250227_172633.txt,depths/train/20250227_172633.npy,True,,0.5099625187764583,0.2519491283871388,0.1261545866727829,0.12508386373519897,0.020868297666311264,0.02143716812133789,0.02902454137802124,0.03213132917881012,0.03390377759933472,0.002599030267447233,283169.0,80709.0,80709.0,80091.0,1.0,0.9872366490956221,25000,1.0,targets_v2/train/20250227_172633_mask.png,targets_v2/train/20250227_172633_cavity_depth.npy
train,images/train/20250227_172639.jpg,labels/train/20250227_172639.txt,depths/train/20250227_172639.npy,True,,0.5740703441416668,0.3564665566690126,0.15402576327323914,0.14334160089492798,0.023443715646862984,0.02208426594734192,0.038927558809518814,0.04416082054376602,0.04744940996170044,0.0033227994572371244,280932.0,106781.0,106781.0,99792.0,1.0,0.9202044224670888,24719,0.98876,targets_v2/train/20250227_172639_mask.png,targets_v2/train/20250227_172639_cavity_depth.npy
train,images/train/20250227_172731.jpg,labels/train/20250227_172731.txt,depths/train/20250227_172731.npy,True,,0.4912738124040573,0.27426508885481937,0.11730051040649414,0.11105560511350632,0.02230832166969776,0.020852088928222656,0.03985316678881645,0.04233357310295105,0.04452168941497803,0.0024743673857301474,280816.0,89560.0,89560.0,85085.0,1.0,0.9455780510765908,25000,1.0,targets_v2/train/20250227_172731_mask.png,targets_v2/train/20250227_172731_cavity_depth.npy
train,images/train/20250227_172840.jpg,labels/train/20250227_172840.txt,depths/train/20250227_172840.npy,True,,0.9481367335463335,0.6186516585121546,0.5320643782615662,0.512088418006897,0.018153412267565727,0.018356502056121826,0.025494489818811417,0.030707992613315582,0.03549385070800781,0.009297668933868408,290373.0,119066.0,119066.0,115070.0,1.0,0.9626127805352027,25000,1.0,targets_v2/train/20250227_172840_mask.png,targets_v2/train/20250227_172840_cavity_depth.npy
train,images/train/20250227_173016.jpg,labels/train/20250227_173016.txt,depths/train/20250227_173016.npy,True,,0.5500230435437925,0.265980668721874,0.14149528741836548,0.12867985665798187,0.026662677526474,0.029280781745910645,0.03468666970729828,0.03713947907090187,0.03859180212020874,0.0034106613602489233,284778.0,66123.0,66123.0,60383.0,1.0,0.9040508633871427,23065,0.9226,targets_v2/train/20250227_173016_mask.png,targets_v2/train/20250227_173016_cavity_depth.npy
train,images/train/20250227_173136.jpg,labels/train/20250227_173136.txt,depths/train/20250227_173136.npy,True,,0.6790218184369322,0.6007799912516236,0.4180251359939575,0.3698366582393646,0.020155195146799088,0.021309971809387207,0.029503080993890762,0.034346140921115875,0.038492798805236816,0.007468868046998978,290193.0,109076.0,109076.0,97319.0,1.0,0.8864727347065455,23308,0.93232,targets_v2/train/20250227_173136_mask.png,targets_v2/train/20250227_173136_cavity_depth.npy
train,images/train/20250227_173306.jpg,labels/train/20250227_173306.txt,depths/train/20250227_173306.npy,True,,0.6668844075961038,0.5946564099187831,0.3511090576648712,0.3511090576648712,0.04865861311554909,0.05111432075500488,0.06594960391521454,0.07254160940647125,0.07687675952911377,0.016844982281327248,291292.0,58619.0,58619.0,58619.0,1.0,0.9859815739325672,24500,0.98,targets_v2/train/20250227_173306_mask.png,targets_v2/train/20250227_173306_cavity_depth.npy
train,images/train/20250227_173312.jpg,labels/train/20250227_173312.txt,depths/train/20250227_173312.npy,True,,0.40738322652106235,0.30061005345927283,0.1233125850558281,0.12134670466184616,0.02707870863378048,0.029479503631591797,0.04165687784552574,0.04593393951654434,0.052358806133270264,0.0032636586111038923,284188.0,67712.0,67712.0,66710.0,1.0,0.9773933333817095,25000,1.0,targets_v2/train/20250227_173312_mask.png,targets_v2/train/20250227_173312_cavity_depth.npy
train,images/train/20250227_173336.jpg,labels/train/20250227_173336.txt,depths/train/20250227_173336.npy,True,,0.9362092811127052,0.7790362003313908,0.749467670917511,0.7422488927841187,0.03186758980154991,0.03059828281402588,0.05412459373474121,0.0638614073395729,0.06729996204376221,0.025473598390817642,292515.0,97121.0,97121.0,95706.0,1.0,1.0665670813243404,24712,0.98848,targets_v2/train/20250227_173336_mask.png,targets_v2/train/20250227_173336_cavity_depth.npy
train,images/train/20250227_174003.jpg,labels/train/20250227_174003.txt,depths/train/20250227_174003.npy,True,,0.5884045866524636,0.3837114345993745,0.23495712876319885,0.23495712876319885,0.03779694437980652,0.04108154773712158,0.04893290996551514,0.05358879640698433,0.06037163734436035,0.008791080676019192,289752.0,47249.0,47249.0,47249.0,1.0,0.9899128177326588,24642,0.98568,targets_v2/train/20250227_174003_mask.png,targets_v2/train/20250227_174003_cavity_depth.npy
train,images/train/20250227_174013.jpg,labels/train/20250227_174013.txt,depths/train/20250227_174013.npy,True,,0.3210404319953124,0.19481490595545778,0.0582471638917923,0.0582471638917923,0.013043475337326527,0.012953758239746094,0.018636226654052734,0.022018777206540108,0.024178743362426758,0.0007489084382541478,284006.0,28725.0,28725.0,28725.0,1.0,0.9857360021055561,25000,1.0,targets_v2/train/20250227_174013_mask.png,targets_v2/train/20250227_174013_cavity_depth.npy
train,images/train/20250227_174024.jpg,labels/train/20250227_174024.txt,depths/train/20250227_174024.npy,True,,0.7100751865376305,0.26553085823168404,0.17164182662963867,0.16366726160049438,0.020101062953472137,0.0208013653755188,0.03071683645248413,0.03448322042822838,0.036456286907196045,0.003267487045377493,288331.0,55930.0,55930.0,53567.0,1.0,0.9470474150074443,25000,1.0,targets_v2/train/20250227_174024_mask.png,targets_v2/train/20250227_174024_cavity_depth.npy
train,images/train/20250227_174035.jpg,labels/train/20250227_174035.txt,depths/train/20250227_174035.npy,True,,0.7869954694007797,0.4265591001595851,0.27945807576179504,0.2740931212902069,0.020667992532253265,0.022520363330841064,0.028801918029785156,0.03228031098842621,0.03546035289764404,0.005556996911764145,289917.0,62461.0,62461.0,61104.0,1.0,0.9621110334079026,25000,1.0,targets_v2/train/20250227_174035_mask.png,targets_v2/train/20250227_174035_cavity_depth.npy
train,images/train/20250227_174047.jpg,labels/train/20250227_174047.txt,depths/train/20250227_174047.npy,True,,0.6422175303162807,0.5620329461783007,0.3541780710220337,0.35393205285072327,0.049981050193309784,0.05215561389923096,0.07159848511219025,0.0884845033288002,0.14104437828063965,0.017063867300748825,291837.0,55054.0,55080.0,55018.0,0.9995279593318809,0.9639409262789641,20535,0.8214,targets_v2/train/20250227_174047_mask.png,targets_v2/train/20250227_174047_cavity_depth.npy
train,images/train/20250227_174138.jpg,labels/train/20250227_174138.txt,depths/train/20250227_174138.npy,True,,0.5669893785459963,0.325798111563381,0.14699406921863556,0.14691826701164246,0.03665172681212425,0.036118149757385254,0.05322980880737305,0.06067253276705742,0.06409120559692383,0.00528478529304266,289561.0,39306.0,39306.0,39291.0,1.0,0.9809188816603177,22990,0.9196,targets_v2/train/20250227_174138_mask.png,targets_v2/train/20250227_174138_cavity_depth.npy
train,images/train/20250227_174207.jpg,labels/train/20250227_174207.txt,depths/train/20250227_174207.npy,True,,0.6513259196843793,0.3936885816576764,0.23625287413597107,0.233889639377594,0.025598781183362007,0.025305509567260742,0.03878943622112274,0.04770359396934509,0.054207801818847656,0.0059914058074355125,289387.0,49027.0,49027.0,48655.0,1.0,0.9906776091332139,24960,0.9984,targets_v2/train/20250227_174207_mask.png,targets_v2/train/20250227_174207_cavity_depth.npy
train,images/train/20250227_174526.jpg,labels/train/20250227_174526.txt,depths/train/20250227_174526.npy,True,,0.7400323705748857,0.5817178754906547,0.3646810054779053,0.3646810054779053,0.04064997285604477,0.04123049974441528,0.05856800079345703,0.07806606590747833,0.11915850639343262,0.014996406622231007,291754.0,61430.0,61430.0,61430.0,1.0,1.0116116081202338,24700,0.988,targets_v2/train/20250227_174526_mask.png,targets_v2/train/20250227_174526_cavity_depth.npy
train,images/train/20250227_174609.jpg,labels/train/20250227_174609.txt,depths/train/20250227_174609.npy,True,,0.24343208962232413,0.22300958262913054,0.0502043217420578,0.0502043217420578,0.019642330706119537,0.021055519580841064,0.023889828473329544,0.0257971603423357,0.026883602142333984,0.0009881407022476196,282348.0,35985.0,35985.0,35985.0,1.0,1.0020390941730852,25000,1.0,targets_v2/train/20250227_174609_mask.png,targets_v2/train/20250227_174609_cavity_depth.npy
train,images/train/20250227_174614.jpg,labels/train/20250227_174614.txt,depths/train/20250227_174614.npy,True,,0.6143302488265143,0.4162881965553804,0.2568315267562866,0.2568315267562866,0.039244942367076874,0.041188955307006836,0.05762922763824463,0.07134624570608139,0.0975797176361084,0.009782759472727776,289871.0,48605.0,48605.0,48605.0,1.0,0.9705755497860012,24823,0.99292,targets_v2/train/20250227_174614_mask.png,targets_v2/train/20250227_174614_cavity_depth.npy
train,images/train/20250227_174723.jpg,labels/train/20250227_174723.txt,depths/train/20250227_174723.npy,True,,0.2799787591124765,0.13242876526628977,0.035658709704875946,0.035658709704875946,0.019562024623155594,0.020485877990722656,0.027221715077757835,0.028966780751943588,0.03044891357421875,0.0007004521903581917,280624.0,28903.0,28903.0,28903.0,1.0,1.004151108682507,25000,1.0,targets_v2/train/20250227_174723_mask.png,targets_v2/train/20250227_174723_cavity_depth.npy
train,images/train/20250227_174724.jpg,labels/train/20250227_174724.txt,depths/train/20250227_174724.npy,True,,1.0720091525666715,0.6465372953769576,0.5896883010864258,0.5896883010864258,0.04604576528072357,0.04727005958557129,0.06464211642742157,0.07140493392944336,0.0750274658203125,0.027646541595458984,292384.0,57945.0,57945.0,57945.0,1.0,1.018189477314521,24054,0.96216,targets_v2/train/20250227_174724_mask.png,targets_v2/train/20250227_174724_cavity_depth.npy
train,images/train/20250227_174810.jpg,labels/train/20250227_174810.txt,depths/train/20250227_174810.npy,True,,0.4456067106355195,0.37165263553226163,0.15639129281044006,0.15605154633522034,0.02573613077402115,0.022908508777618408,0.04291851446032524,0.05078286677598953,0.056575775146484375,0.0039723534137010574,283564.0,81013.0,81013.0,80867.0,1.0,0.9869429646269593,25000,1.0,targets_v2/train/20250227_174810_mask.png,targets_v2/train/20250227_174810_cavity_depth.npy
train,images/train/20250227_174815.jpg,labels/train/20250227_174815.txt,depths/train/20250227_174815.npy,True,,0.9150914486993854,0.5982976042356403,0.4816519618034363,0.46184977889060974,0.04010619595646858,0.038977205753326416,0.061504065990448,0.0965505838394165,0.14553964138031006,0.017981603741645813,287730.0,72977.0,76162.0,70654.0,0.9581812452404086,0.9308583910784171,24076,0.96304,targets_v2/train/20250227_174815_mask.png,targets_v2/train/20250227_174815_cavity_depth.npy
train,images/train/20250227_174819.jpg,labels/train/20250227_174819.txt,depths/train/20250227_174819.npy,True,,0.73748048116164,0.537856494220966,0.39713749289512634,0.39705178141593933,0.04048433154821396,0.03984940052032471,0.06024719029664993,0.07581277191638947,0.0953524112701416,0.015137625858187675,290541.0,50843.0,50848.0,50833.0,0.9999016677155443,0.941520768494299,22040,0.8816,targets_v2/train/20250227_174819_mask.png,targets_v2/train/20250227_174819_cavity_depth.npy
train,images/train/20250227_174930.jpg,labels/train/20250227_174930.txt,depths/train/20250227_174930.npy,True,,0.475699670585071,0.37104675229004064,0.1450224220752716,0.14444904029369354,0.027693653479218483,0.02833348512649536,0.03855261951684952,0.04409794509410858,0.04702800512313843,0.004001942463219166,286689.0,57645.0,57645.0,57428.0,1.0,0.9964498187460245,24944,0.99776,targets_v2/train/20250227_174930_mask.png,targets_v2/train/20250227_174930_cavity_depth.npy
train,images/train/20250227_175001.jpg,labels/train/20250227_175001.txt,depths/train/20250227_175001.npy,True,,0.7952571229615231,0.3240076293381423,0.2542354464530945,0.22103434801101685,0.030805563554167747,0.028961628675460815,0.05721002817153931,0.06153055652976036,0.0647241473197937,0.0067289131693542,287032.0,91780.0,91780.0,80294.0,1.0,0.8591711087205058,25000,1.0,targets_v2/train/20250227_175001_mask.png,targets_v2/train/20250227_175001_cavity_depth.npy
train,images/train/20250227_175013.jpg,labels/train/20250227_175013.txt,depths/train/20250227_175013.npy,True,,0.5500483531576899,0.37951337146424124,0.19113652408123016,0.19113652408123016,0.038647569715976715,0.03908514976501465,0.05524463579058647,0.06340369582176208,0.0663905143737793,0.00733310217037797,289560.0,49259.0,49259.0,49259.0,1.0,0.9927087795629299,24784,0.99136,targets_v2/train/20250227_175013_mask.png,targets_v2/train/20250227_175013_cavity_depth.npy
train,images/train/20250227_175021.jpg,labels/train/20250227_175021.txt,depths/train/20250227_175021.npy,True,,0.45415761492284873,0.30510101573291976,0.1285681426525116,0.1285681426525116,0.03618072718381882,0.038295865058898926,0.05024045705795288,0.05530635640025139,0.05773365497589111,0.0046242605894804,288809.0,40808.0,40808.0,40808.0,1.0,0.994103581519233,23726,0.94904,targets_v2/train/20250227_175021_mask.png,targets_v2/train/20250227_175021_cavity_depth.npy
train,images/train/20250227_175036.jpg,labels/train/20250227_175036.txt,depths/train/20250227_175036.npy,True,,0.3342733653006221,0.26053181243971174,0.0819486677646637,0.0819486677646637,0.01455850899219513,0.014911472797393799,0.019046930596232414,0.021355465054512024,0.02243518829345703,0.001189755043014884,286563.0,33068.0,33068.0,33068.0,1.0,0.9972378589457165,25000,1.0,targets_v2/train/20250227_175036_mask.png,targets_v2/train/20250227_175036_cavity_depth.npy
train,images/train/20250227_175049.jpg,labels/train/20250227_175049.txt,depths/train/20250227_175049.npy,True,,0.8346268365300388,0.5873241881649582,0.48263680934906006,0.48263680934906006,0.03580547496676445,0.03718280792236328,0.04374891519546509,0.05016482621431351,0.054535865783691406,0.01715805009007454,291857.0,60016.0,60016.0,60016.0,1.0,0.9928829454868954,24979,0.99916,targets_v2/train/20250227_175049_mask.png,targets_v2/train/20250227_175049_cavity_depth.npy
train,images/train/20250227_175101.jpg,labels/train/20250227_175101.txt,depths/train/20250227_175101.npy,True,,0.7581631661915066,0.6838563000549993,0.36091017723083496,0.32740235328674316,0.016049467027187347,0.01566636562347412,0.026188109070062637,0.030978010967373848,0.034627556800842285,0.005402007140219212,291988.0,54620.0,54620.0,49997.0,1.0,0.9325999980408066,24922,0.99688,targets_v2/train/20250227_175101_mask.png,targets_v2/train/20250227_175101_cavity_depth.npy
train,images/train/20250227_175202.jpg,labels/train/20250227_175202.txt,depths/train/20250227_175202.npy,True,,0.5168293798628248,0.41626899278720286,0.15816038846969604,0.15816038846969604,0.027726275846362114,0.028012007474899292,0.04343211650848389,0.04910977929830551,0.05135166645050049,0.004200708121061325,291395.0,24706.0,24706.0,24706.0,1.0,0.9579288291855932,24998,0.99992,targets_v2/train/20250227_175202_mask.png,targets_v2/train/20250227_175202_cavity_depth.npy
train,images/train/20250227_175216.jpg,labels/train/20250227_175216.txt,depths/train/20250227_175216.npy,True,,0.9401588854565155,0.5125951534148723,0.47147709131240845,0.4240087866783142,0.035509511828422546,0.03491443395614624,0.06461790204048157,0.07182913273572922,0.07773327827453613,0.014933567494153976,290487.0,107869.0,107869.0,97278.0,1.0,0.8919864800016452,24799,0.99196,targets_v2/train/20250227_175216_mask.png,targets_v2/train/20250227_175216_cavity_depth.npy
train,images/train/20250227_175237.jpg,labels/train/20250227_175237.txt,depths/train/20250227_175237.npy,True,,0.3666525879883781,0.3018128840794715,0.07298021018505096,0.07283133268356323,0.038238443434238434,0.037281960248947144,0.05467112734913826,0.05761738121509552,0.05974394083023071,0.002774864435195923,287131.0,28926.0,28926.0,28870.0,1.0,0.9943435379477625,23712,0.94848,targets_v2/train/20250227_175237_mask.png,targets_v2/train/20250227_175237_cavity_depth.npy
train,images/train/20250227_175242.jpg,labels/train/20250227_175242.txt,depths/train/20250227_175242.npy,True,,0.3618834062545692,0.2584718083525886,0.0786285325884819,0.0786285325884819,0.022141873836517334,0.021178007125854492,0.03710367530584335,0.04109887406229973,0.043690621852874756,0.001730478834360838,284596.0,34769.0,34769.0,34769.0,1.0,0.9939665040548663,25000,1.0,targets_v2/train/20250227_175242_mask.png,targets_v2/train/20250227_175242_cavity_depth.npy
train,images/train/20250227_175304.jpg,labels/train/20250227_175304.txt,depths/train/20250227_175304.npy,True,,0.45223304703253475,0.3147474380263129,0.12736032903194427,0.12714599072933197,0.03438122197985649,0.0391274094581604,0.049764037132263184,0.05455606058239937,0.05666470527648926,0.004359113983809948,288401.0,40346.0,40346.0,40284.0,1.0,0.9955033928861434,24915,0.9966,targets_v2/train/20250227_175304_mask.png,targets_v2/train/20250227_175304_cavity_depth.npy
train,images/train/20250227_175621.jpg,labels/train/20250227_175621.txt,depths/train/20250227_175621.npy,True,,1.167361830619981,1.0663405545628852,1.232023000717163,1.2162303924560547,0.04708033800125122,0.046411991119384766,0.07652179896831512,0.08861148357391357,0.0974043607711792,0.05546274036169052,292714.0,100199.0,100199.0,99023.0,1.0,0.9561872226168556,24707,0.98828,targets_v2/train/20250227_175621_mask.png,targets_v2/train/20250227_175621_cavity_depth.npy
train,images/train/20250227_175724.jpg,labels/train/20250227_175724.txt,depths/train/20250227_175724.npy,True,,0.33576425536404836,0.26356847473376444,0.08651820570230484,0.08577992767095566,0.018454231321811676,0.01857858896255493,0.029812704771757126,0.033258840441703796,0.03462439775466919,0.0015800872351974249,283165.0,54024.0,54024.0,53569.0,1.0,0.989640819946157,25000,1.0,targets_v2/train/20250227_175724_mask.png,targets_v2/train/20250227_175724_cavity_depth.npy
train,images/train/20250227_175817.jpg,labels/train/20250227_175817.txt,depths/train/20250227_175817.npy,True,,1.2552172172427865,0.6405127251455587,0.7204740643501282,0.7066240906715393,0.06733506172895432,0.06602883338928223,0.10699546337127686,0.15993289649486542,0.24068379402160645,0.046655893325805664,291500.0,64723.0,67077.0,63766.0,0.964906003548161,0.9617161187388928,18748,0.74992,targets_v2/train/20250227_175817_mask.png,targets_v2/train/20250227_175817_cavity_depth.npy
train,images/train/20250227_180039.jpg,labels/train/20250227_180039.txt,depths/train/20250227_180039.npy,True,,1.0169497431136671,0.6372288532248895,0.6143091917037964,0.6070131063461304,0.04286978766322136,0.04353606700897217,0.06297414004802704,0.07954944670200348,0.10760998725891113,0.02576206438243389,293181.0,95842.0,95861.0,94607.0,0.9998017963509666,0.978233013287384,23771,0.95084,targets_v2/train/20250227_180039_mask.png,targets_v2/train/20250227_180039_cavity_depth.npy
train,images/train/20250227_180158.jpg,labels/train/20250227_180158.txt,depths/train/20250227_180158.npy,True,,0.4652557817637505,0.3064854808538857,0.10120104253292084,0.10120104253292084,0.030945098027586937,0.03272223472595215,0.0427732951939106,0.04634043201804161,0.049126505851745605,0.0031384206376969814,287376.0,34905.0,34905.0,34905.0,1.0,1.0021536249696619,25000,1.0,targets_v2/train/20250227_180158_mask.png,targets_v2/train/20250227_180158_cavity_depth.npy
train,images/train/20250227_180624.jpg,labels/train/20250227_180624.txt,depths/train/20250227_180624.npy,True,,0.6263132242435423,0.5531667068450065,0.33676713705062866,0.33676713705062866,0.03951504826545715,0.0390019416809082,0.05063927173614502,0.060859717428684235,0.07226765155792236,0.013198615983128548,291995.0,59811.0,59811.0,59811.0,1.0,0.9918275591416826,22783,0.91132,targets_v2/train/20250227_180624_mask.png,targets_v2/train/20250227_180624_cavity_depth.npy
train,images/train/20250227_180722.jpg,labels/train/20250227_180722.txt,depths/train/20250227_180722.npy,True,,0.5516463725187923,0.4485311936870971,0.229272723197937,0.22878894209861755,0.047083426266908646,0.04979139566421509,0.0743522047996521,0.08064447343349457,0.08372896909713745,0.010673092678189278,287543.0,78125.0,78125.0,77953.0,1.0,0.9887120614809607,24590,0.9836,targets_v2/train/20250227_180722_mask.png,targets_v2/train/20250227_180722_cavity_depth.npy
train,images/train/20250227_181001.jpg,labels/train/20250227_181001.txt,depths/train/20250227_181001.npy,True,,0.448882402581386,0.223007597677145,0.09290356934070587,0.08746110647916794,0.02412896230816841,0.027587592601776123,0.03252226114273071,0.038939543068408966,0.04120415449142456,0.0021004267036914825,284964.0,47890.0,47890.0,45235.0,1.0,0.9369933015551127,25000,1.0,targets_v2/train/20250227_181001_mask.png,targets_v2/train/20250227_181001_cavity_depth.npy
train,images/train/20250227_181024.jpg,labels/train/20250227_181024.txt,depths/train/20250227_181024.npy,True,,0.3495816176568534,0.215298291872562,0.06141168624162674,0.0595402866601944,0.01971067301928997,0.019628912210464478,0.03147989511489868,0.034610532224178314,0.03704404830932617,0.0011713721323758364,278939.0,56021.0,56021.0,54304.0,1.0,0.967703722823744,25000,1.0,targets_v2/train/20250227_181024_mask.png,targets_v2/train/20250227_181024_cavity_depth.npy
train,images/train/20250227_181028.jpg,labels/train/20250227_181028.txt,depths/train/20250227_181028.npy,True,,0.22594727717974533,0.07303475210531468,0.01610800251364708,0.014987040311098099,0.008393235504627228,0.008201569318771362,0.012342415750026703,0.01448996365070343,0.014634191989898682,0.00012543279444798827,269242.0,26896.0,26896.0,25037.0,1.0,0.9277693051755509,25000,1.0,targets_v2/train/20250227_181028_mask.png,targets_v2/train/20250227_181028_cavity_depth.npy
train,images/train/20250227_181033.jpg,labels/train/20250227_181033.txt,depths/train/20250227_181033.npy,True,,0.5360538738092171,0.3889689168874185,0.07485797256231308,0.06720823049545288,0.012095392681658268,0.0124034583568573,0.018514150753617287,0.021472133696079254,0.022544026374816895,0.0008032799232751131,276536.0,75840.0,78237.0,68324.0,0.96936232217493,0.887174150890931,25000,1.0,targets_v2/train/20250227_181033_mask.png,targets_v2/train/20250227_181033_cavity_depth.npy
train,images/train/20250227_182647.jpg,labels/train/20250227_182647.txt,depths/train/20250227_182647.npy,True,,0.6871748718142059,0.4011546807993575,0.2733030915260315,0.2619755268096924,0.03581041470170021,0.03807830810546875,0.056507110595703125,0.06187562644481659,0.06695687770843506,0.009174125269055367,289339.0,66541.0,66541.0,63981.0,1.0,0.9373693982171432,24298,0.97192,targets_v2/train/20250227_182647_mask.png,targets_v2/train/20250227_182647_cavity_depth.npy
train,images/train/20250227_182730.jpg,labels/train/20250227_182730.txt,depths/train/20250227_182730.npy,True,,0.7680142320272095,0.5381944958625993,0.39856284856796265,0.3927944600582123,0.04502325505018234,0.048184752464294434,0.06969588249921799,0.07725030183792114,0.08118462562561035,0.017383694648742676,289684.0,92728.0,92728.0,91535.0,1.0,0.9687425611958475,25000,1.0,targets_v2/train/20250227_182730_mask.png,targets_v2/train/20250227_182730_cavity_depth.npy
train,images/train/20250227_182812.jpg,labels/train/20250227_182812.txt,depths/train/20250227_182812.npy,True,,0.8869073666612936,0.6245567598591175,0.545254647731781,0.5345982313156128,0.04644707217812538,0.04760026931762695,0.07658276706933975,0.08532270789146423,0.0922248363494873,0.02439843863248825,290579.0,111969.0,111969.0,110007.0,1.0,0.9633948389630097,24882,0.99528,targets_v2/train/20250227_182812_mask.png,targets_v2/train/20250227_182812_cavity_depth.npy
train,images/train/20250227_182831.jpg,labels/train/20250227_182831.txt,depths/train/20250227_182831.npy,True,,0.37389147180404064,0.26273932050133675,0.09887831658124924,0.09506961703300476,0.01959991455078125,0.019506752490997314,0.03296065330505371,0.03533290699124336,0.0363958477973938,0.0018526242347434163,282586.0,65667.0,65667.0,63321.0,1.0,0.9559432237659589,25000,1.0,targets_v2/train/20250227_182831_mask.png,targets_v2/train/20250227_182831_cavity_depth.npy
train,images/train/20250227_183114.jpg,labels/train/20250227_183114.txt,depths/train/20250227_183114.npy,True,,0.4156987790091775,0.37597979368120715,0.14464285969734192,0.14463628828525543,0.03170382231473923,0.0315435528755188,0.05010617896914482,0.05347570776939392,0.05566304922103882,0.004564193077385426,288130.0,47925.0,47925.0,47923.0,1.0,0.9953031603688285,25000,1.0,targets_v2/train/20250227_183114_mask.png,targets_v2/train/20250227_183114_cavity_depth.npy
train,images/train/20250227_183214.jpg,labels/train/20250227_183214.txt,depths/train/20250227_183214.npy,True,,1.0060651102072002,0.7251313422642913,0.6653337478637695,0.6538125276565552,0.03351474925875664,0.03343057632446289,0.0544804222881794,0.06774208694696426,0.07497859001159668,0.021202843636274338,292278.0,93434.0,93434.0,92217.0,1.0,0.9508643897706365,24989,0.99956,targets_v2/train/20250227_183214_mask.png,targets_v2/train/20250227_183214_cavity_depth.npy
train,images/train/20250227_183313.jpg,labels/train/20250227_183313.txt,depths/train/20250227_183313.npy,True,,0.8707155383311836,0.5627408292401616,0.45747822523117065,0.4348607659339905,0.04560811072587967,0.045069992542266846,0.0768575370311737,0.08687253296375275,0.09351849555969238,0.019408902153372765,290239.0,84724.0,84724.0,81724.0,1.0,0.9302259714712474,24800,0.992,targets_v2/train/20250227_183313_mask.png,targets_v2/train/20250227_183313_cavity_depth.npy
train,images/train/20250227_183322.jpg,labels/train/20250227_183322.txt,depths/train/20250227_183322.npy,True,,0.3961259035392329,0.34371377030584527,0.13068264722824097,0.13067734241485596,0.03167809918522835,0.029909491539001465,0.04908132553100586,0.060038402676582336,0.06327855587005615,0.004181417170912027,288449.0,42923.0,42923.0,42921.0,1.0,1.010058344101758,24980,0.9992,targets_v2/train/20250227_183322_mask.png,targets_v2/train/20250227_183322_cavity_depth.npy
train,images/train/20250227_183509.jpg,labels/train/20250227_183509.txt,depths/train/20250227_183509.npy,True,,0.6807947827080174,0.5504544443315784,0.36765196919441223,0.36721551418304443,0.04886437952518463,0.04943358898162842,0.07619727402925491,0.08442503213882446,0.08793604373931885,0.017339566722512245,290233.0,78715.0,78715.0,78645.0,1.0,0.9651814271408586,24952,0.99808,targets_v2/train/20250227_183509_mask.png,targets_v2/train/20250227_183509_cavity_depth.npy
train,images/train/20250227_183734.jpg,labels/train/20250227_183734.txt,depths/train/20250227_183734.npy,True,,0.5364592974112817,0.35427712818588686,0.18029481172561646,0.17910459637641907,0.03722448647022247,0.037354111671447754,0.05291743203997612,0.059890709817409515,0.0622553825378418,0.006611115299165249,289658.0,43471.0,43471.0,43185.0,1.0,0.9850602329211735,24946,0.99784,targets_v2/train/20250227_183734_mask.png,targets_v2/train/20250227_183734_cavity_depth.npy
train,images/train/20250227_183846.jpg,labels/train/20250227_183846.txt,depths/train/20250227_183846.npy,True,,0.5003419218808296,0.4260008982844181,0.19902583956718445,0.19028033316135406,0.032731276005506516,0.03608238697052002,0.04808442294597626,0.0517963208258152,0.05405128002166748,0.006178596988320351,288905.0,55343.0,55343.0,53249.0,1.0,0.9484566097859518,24995,0.9998,targets_v2/train/20250227_183846_mask.png,targets_v2/train/20250227_183846_cavity_depth.npy
train,images/train/20250227_184048.jpg,labels/train/20250227_184048.txt,depths/train/20250227_184048.npy,True,,1.001644581584702,0.7977805044412511,0.7973904609680176,0.7928333282470703,0.05063100531697273,0.05314993858337402,0.07912993431091309,0.08832356333732605,0.09286749362945557,0.03902028501033783,293441.0,85704.0,85704.0,85346.0,1.0,0.966502208022157,24467,0.97868,targets_v2/train/20250227_184048_mask.png,targets_v2/train/20250227_184048_cavity_depth.npy
train,images/train/20250227_184349.jpg,labels/train/20250227_184349.txt,depths/train/20250227_184349.npy,True,,0.9946402760410318,0.7130225904431922,0.6917647123336792,0.6866666078567505,0.05467759445309639,0.060643911361694336,0.08247697353363037,0.09150040149688721,0.09722745418548584,0.03660229220986366,292569.0,88866.0,88866.0,88301.0,1.0,0.9676994181945626,24993,0.99972,targets_v2/train/20250227_184349_mask.png,targets_v2/train/20250227_184349_cavity_depth.npy
train,images/train/20250227_184422.jpg,labels/train/20250227_184422.txt,depths/train/20250227_184422.npy,True,,0.8371132742565979,0.7211447611917234,0.6112462282180786,0.5983942747116089,0.05952957272529602,0.06659483909606934,0.08261656761169434,0.08791235089302063,0.0909186601638794,0.03398966044187546,290589.0,85971.0,85971.0,84496.0,1.0,0.9341096707547333,24096,0.96384,targets_v2/train/20250227_184422_mask.png,targets_v2/train/20250227_184422_cavity_depth.npy
train,images/train/20250227_184521.jpg,labels/train/20250227_184521.txt,depths/train/20250227_184521.npy,True,,0.38126570008102467,0.25744275232967373,0.0962655320763588,0.09578318893909454,0.0293768011033535,0.033358633518218994,0.04032707214355469,0.043577924370765686,0.0452839732170105,0.0028023726772516966,284821.0,41564.0,41564.0,41359.0,1.0,0.9909473293616076,25000,1.0,targets_v2/train/20250227_184521_mask.png,targets_v2/train/20250227_184521_cavity_depth.npy
train,images/train/20250227_184542.jpg,labels/train/20250227_184542.txt,depths/train/20250227_184542.npy,True,,0.7626442382502728,0.5425343546375319,0.4238535165786743,0.403251588344574,0.05338173732161522,0.057707905769348145,0.07694399356842041,0.08190226554870605,0.08883178234100342,0.021060623228549957,290896.0,82182.0,82182.0,78551.0,1.0,0.930813608656896,24958,0.99832,targets_v2/train/20250227_184542_mask.png,targets_v2/train/20250227_184542_cavity_depth.npy
train,images/train/20250227_184609.jpg,labels/train/20250227_184609.txt,depths/train/20250227_184609.npy,True,,0.7621841650726546,0.6033902345103843,0.41726601123809814,0.41681820154190063,0.050219640135765076,0.05545151233673096,0.0722222551703453,0.077867791056633,0.08283555507659912,0.020608872175216675,290224.0,105049.0,105049.0,104945.0,1.0,0.9834847247167714,25000,1.0,targets_v2/train/20250227_184609_mask.png,targets_v2/train/20250227_184609_cavity_depth.npy
train,images/train/20250227_184651.jpg,labels/train/20250227_184651.txt,depths/train/20250227_184651.npy,True,,0.32560324630602355,0.22724379938109665,0.07420255243778229,0.07399600744247437,0.030204812064766884,0.033277690410614014,0.04158778116106987,0.04388575628399849,0.046324312686920166,0.002216913504526019,284438.0,36931.0,36931.0,36835.0,1.0,0.9891308938841112,25000,1.0,targets_v2/train/20250227_184651_mask.png,targets_v2/train/20250227_184651_cavity_depth.npy
train,images/train/20250227_184856.jpg,labels/train/20250227_184856.txt,depths/train/20250227_184856.npy,True,,0.7321975313577845,0.6022434531311092,0.40758493542671204,0.40758493542671204,0.05472220852971077,0.05950969457626343,0.0743199810385704,0.082137830555439,0.08724212646484375,0.0218295119702816,290552.0,78500.0,78500.0,78500.0,1.0,0.9787286150719147,24999,0.99996,targets_v2/train/20250227_184856_mask.png,targets_v2/train/20250227_184856_cavity_depth.npy
train,images/train/20250227_184930.jpg,labels/train/20250227_184930.txt,depths/train/20250227_184930.npy,True,,0.6461813030366469,0.21911466989691986,0.061154402792453766,0.0583639070391655,0.02136150188744068,0.021995246410369873,0.028052961453795433,0.03898610919713974,0.04185289144515991,0.0012350494507700205,283792.0,32727.0,36001.0,30985.0,0.9090580817199522,0.9454201049694463,25000,1.0,targets_v2/train/20250227_184930_mask.png,targets_v2/train/20250227_184930_cavity_depth.npy
train,images/train/20250227_184938.jpg,labels/train/20250227_184938.txt,depths/train/20250227_184938.npy,True,,0.9502667710126518,0.6498808065187067,0.5884132385253906,0.5867317914962769,0.05908370763063431,0.06294727325439453,0.0823127031326294,0.09032267332077026,0.09626185894012451,0.03429345041513443,292868.0,75938.0,75938.0,75761.0,1.0,0.9864180439766455,21099,0.84396,targets_v2/train/20250227_184938_mask.png,targets_v2/train/20250227_184938_cavity_depth.npy
train,images/train/20250227_185027.jpg,labels/train/20250227_185027.txt,depths/train/20250227_185027.npy,True,,0.6460384000826932,0.6371050587368621,0.37421444058418274,0.37270063161849976,0.03901351988315582,0.04019272327423096,0.06049339473247528,0.06755445152521133,0.07261347770690918,0.014527890831232071,290825.0,76820.0,76820.0,76549.0,1.0,0.9951003755817508,24461,0.97844,targets_v2/train/20250227_185027_mask.png,targets_v2/train/20250227_185027_cavity_depth.npy
train,images/train/20250227_185038.jpg,labels/train/20250227_185038.txt,depths/train/20250227_185038.npy,True,,0.44515685927443593,0.27656648672631845,0.12762518227100372,0.11925424635410309,0.02939613349735737,0.03239753842353821,0.043569017201662064,0.046265628188848495,0.04753690958023071,0.003477302845567465,286453.0,51287.0,51287.0,48032.0,1.0,0.9268638194693913,25000,1.0,targets_v2/train/20250227_185038_mask.png,targets_v2/train/20250227_185038_cavity_depth.npy
train,images/train/20250227_185112.jpg,labels/train/20250227_185112.txt,depths/train/20250227_185112.npy,True,,0.27020791508713937,0.17505673189714926,0.038234639912843704,0.03761628270149231,0.02038414590060711,0.0223844051361084,0.02599314972758293,0.028485490009188652,0.029580414295196533,0.0007641934789717197,275240.0,43950.0,43954.0,43264.0,0.9999089957683033,0.9805140109497623,25000,1.0,targets_v2/train/20250227_185112_mask.png,targets_v2/train/20250227_185112_cavity_depth.npy
train,images/train/20250227_185125.jpg,labels/train/20250227_185125.txt,depths/train/20250227_185125.npy,True,,0.6470020821345439,0.5491074557353989,0.3413181006908417,0.34094810485839844,0.0548214465379715,0.05642443895339966,0.07957407087087631,0.08878037333488464,0.09369993209838867,0.01826431043446064,290547.0,62152.0,62152.0,62102.0,1.0,0.9760981037394397,23759,0.95036,targets_v2/train/20250227_185125_mask.png,targets_v2/train/20250227_185125_cavity_depth.npy
train,images/train/20250227_185135.jpg,labels/train/20250227_185135.txt,depths/train/20250227_185135.npy,True,,0.6634908202857016,0.6083983311208614,0.3489658236503601,0.34662696719169617,0.04756607487797737,0.04978752136230469,0.06763291358947754,0.07579563558101654,0.0831756591796875,0.016277002170681953,290090.0,67667.0,67667.0,67317.0,1.0,0.9806052414404965,24922,0.99688,targets_v2/train/20250227_185135_mask.png,targets_v2/train/20250227_185135_cavity_depth.npy
train,images/train/20250227_185200.jpg,labels/train/20250227_185200.txt,depths/train/20250227_185200.npy,True,,1.0236244452734415,0.7089174988385802,0.7394366264343262,0.7307654619216919,0.052198924124240875,0.05720674991607666,0.07691480964422226,0.08719902485609055,0.09413576126098633,0.03759608417749405,292389.0,107140.0,107140.0,105927.0,1.0,0.9740474256315883,24956,0.99824,targets_v2/train/20250227_185200_mask.png,targets_v2/train/20250227_185200_cavity_depth.npy
train,images/train/20250227_185221.jpg,labels/train/20250227_185221.txt,depths/train/20250227_185221.npy,True,,0.37773991217187786,0.16489887801093675,0.05617243051528931,0.05573371797800064,0.019698239862918854,0.02162337303161621,0.02633000537753105,0.028212135657668114,0.031042039394378662,0.0010923966765403748,275030.0,65778.0,65778.0,65289.0,1.0,0.9872558890248012,25000,1.0,targets_v2/train/20250227_185221_mask.png,targets_v2/train/20250227_185221_cavity_depth.npy
train,images/train/20250227_185245.jpg,labels/train/20250227_185245.txt,depths/train/20250227_185245.npy,True,,0.1196949424336854,0.11121934395323635,0.010631341487169266,0.010207640007138252,0.011672434397041798,0.013074561953544617,0.01685207709670067,0.0181073397397995,0.018758058547973633,0.00011829943105112761,252875.0,37369.0,37446.0,35922.0,0.9979437056027346,0.9533077988984757,25000,1.0,targets_v2/train/20250227_185245_mask.png,targets_v2/train/20250227_185245_cavity_depth.npy
train,images/train/20250227_185259.jpg,labels/train/20250227_185259.txt,depths/train/20250227_185259.npy,True,,0.16242277650361164,0.08285041720845777,0.011378852650523186,0.011104980483651161,0.01643526181578636,0.018738210201263428,0.021552443504333496,0.022463321685791016,0.02288767695426941,0.00018275831826031208,264883.0,25629.0,25760.0,25021.0,0.9949145962732919,0.9772418396507946,25000,1.0,targets_v2/train/20250227_185259_mask.png,targets_v2/train/20250227_185259_cavity_depth.npy
train,images/train/20250227_185309.jpg,labels/train/20250227_185309.txt,depths/train/20250227_185309.npy,True,,0.23683580072266555,0.11663435716838086,0.021506166085600853,0.018486153334379196,0.01381602417677641,0.01555013656616211,0.020399779081344604,0.022746481001377106,0.023686379194259644,0.000254782207775861,264736.0,48424.0,48439.0,41648.0,0.9996903321703586,0.8574780599062106,25000,1.0,targets_v2/train/20250227_185309_mask.png,targets_v2/train/20250227_185309_cavity_depth.npy
train,images/train/20250227_185330.jpg,labels/train/20250227_185330.txt,depths/train/20250227_185330.npy,True,,0.3377290828642515,0.27570473388667865,0.06895764172077179,0.06718625873327255,0.023405352607369423,0.02688056230545044,0.03217523172497749,0.03580434247851372,0.03724241256713867,0.0015717672649770975,281805.0,46354.0,46354.0,45233.0,1.0,0.9738468203550954,25000,1.0,targets_v2/train/20250227_185330_mask.png,targets_v2/train/20250227_185330_cavity_depth.npy
train,images/train/20250227_185340.jpg,labels/train/20250227_185340.txt,depths/train/20250227_185340.npy,True,,0.23567107989870362,0.17380726722282103,0.033397529274225235,0.031757842749357224,0.017934568226337433,0.019771456718444824,0.023741234093904495,0.026221826672554016,0.027206718921661377,0.0005684773786924779,270323.0,54604.0,54629.0,51953.0,0.9995423676069487,0.9490911480437398,25000,1.0,targets_v2/train/20250227_185340_mask.png,targets_v2/train/20250227_185340_cavity_depth.npy
train,images/train/20250227_185350.jpg,labels/train/20250227_185350.txt,depths/train/20250227_185350.npy,True,,0.7972996891644897,0.23911769602829264,0.15729306638240814,0.1485302448272705,0.022180253639817238,0.021804094314575195,0.03827160596847534,0.04321032762527466,0.04569190740585327,0.0032737841829657555,287922.0,53280.0,53280.0,50474.0,1.0,0.9383696633468337,25000,1.0,targets_v2/train/20250227_185350_mask.png,targets_v2/train/20250227_185350_cavity_depth.npy
train,images/train/20250227_185406.jpg,labels/train/20250227_185406.txt,depths/train/20250227_185406.npy,True,,0.5467092219174268,0.46097592966139667,0.2599388659000397,0.25904834270477295,0.03785298019647598,0.039009809494018555,0.05531269311904907,0.060524508357048035,0.06488943099975586,0.009724807925522327,290206.0,57457.0,57457.0,57286.0,1.0,0.9883476523075275,25000,1.0,targets_v2/train/20250227_185406_mask.png,targets_v2/train/20250227_185406_cavity_depth.npy
train,images/train/20250227_185425.jpg,labels/train/20250227_185425.txt,depths/train/20250227_185425.npy,True,,0.47293340148644203,0.3706152226734865,0.15097180008888245,0.1508295089006424,0.04015403613448143,0.041165053844451904,0.060457993298769,0.06632523983716965,0.0690305233001709,0.006123339291661978,289595.0,41657.0,41657.0,41614.0,1.0,1.010097474769731,24528,0.98112,targets_v2/train/20250227_185425_mask.png,targets_v2/train/20250227_185425_cavity_depth.npy
train,images/train/20250227_185437.jpg,labels/train/20250227_185437.txt,depths/train/20250227_185437.npy,True,,0.5473320129578039,0.27929541153227644,0.15364715456962585,0.15266361832618713,0.032684385776519775,0.034503161907196045,0.04998002573847771,0.05344424769282341,0.05683422088623047,0.004940813407301903,286478.0,61572.0,61572.0,61202.0,1.0,0.9838606771711502,25000,1.0,targets_v2/train/20250227_185437_mask.png,targets_v2/train/20250227_185437_cavity_depth.npy
train,images/train/20250227_185446.jpg,labels/train/20250227_185446.txt,depths/train/20250227_185446.npy,True,,0.3222414923953262,0.20645437721742954,0.06628624349832535,0.06624628603458405,0.025099018588662148,0.028029978275299072,0.034844670444726944,0.03867514058947563,0.04175400733947754,0.0016575061017647386,280746.0,50827.0,50827.0,50797.0,1.0,0.9962652626339907,25000,1.0,targets_v2/train/20250227_185446_mask.png,targets_v2/train/20250227_185446_cavity_depth.npy
train,images/train/20250227_185450.jpg,labels/train/20250227_185450.txt,depths/train/20250227_185450.npy,True,,0.2883613908900614,0.1440470123044144,0.04110237956047058,0.04001884534955025,0.01784411258995533,0.019754022359848022,0.02534300461411476,0.02789955399930477,0.02871561050415039,0.000713855610229075,277717.0,41225.0,41225.0,40134.0,1.0,0.9733038847075347,25000,1.0,targets_v2/train/20250227_185450_mask.png,targets_v2/train/20250227_185450_cavity_depth.npy
train,images/train/20250227_185523.jpg,labels/train/20250227_185523.txt,depths/train/20250227_185523.npy,True,,0.35415581703151133,0.2655516403181645,0.09106012433767319,0.0909447893500328,0.025653276592493057,0.028159141540527344,0.03506594896316528,0.03893161192536354,0.04067420959472656,0.0023420844227075577,284761.0,49050.0,49050.0,48989.0,1.0,1.0026086862852652,24940,0.9976,targets_v2/train/20250227_185523_mask.png,targets_v2/train/20250227_185523_cavity_depth.npy
train,images/train/20250227_185544.jpg,labels/train/20250227_185544.txt,depths/train/20250227_185544.npy,True,,0.7858736246032991,0.5897819087784139,0.47431105375289917,0.4669640064239502,0.04496230557560921,0.04910224676132202,0.0688536986708641,0.07642601430416107,0.08247530460357666,0.020726440474390984,290307.0,98997.0,98997.0,97702.0,1.0,0.9718805810207174,25000,1.0,targets_v2/train/20250227_185544_mask.png,targets_v2/train/20250227_185544_cavity_depth.npy
train,images/train/20250227_185556.jpg,labels/train/20250227_185556.txt,depths/train/20250227_185556.npy,True,,0.49752755630151435,0.3640355713216164,0.17226311564445496,0.1704912781715393,0.03142459690570831,0.03462713956832886,0.04519284889101982,0.04714579880237579,0.04919499158859253,0.005330419167876244,285847.0,78471.0,78471.0,77687.0,1.0,0.9846895943825583,25000,1.0,targets_v2/train/20250227_185556_mask.png,targets_v2/train/20250227_185556_cavity_depth.npy
train,images/train/20250227_185615.jpg,labels/train/20250227_185615.txt,depths/train/20250227_185615.npy,True,,0.6662152680675515,0.4308566898058165,0.27278435230255127,0.26598280668258667,0.038110047578811646,0.041130781173706055,0.057190071791410446,0.06039047986268997,0.062442898750305176,0.010013614781200886,287690.0,95388.0,95388.0,93000.0,1.0,0.9632342909912119,25000,1.0,targets_v2/train/20250227_185615_mask.png,targets_v2/train/20250227_185615_cavity_depth.npy
train,images/train/20250227_185645.jpg,labels/train/20250227_185645.txt,depths/train/20250227_185645.npy,True,,0.6312585859284884,0.30257223350328516,0.1743541955947876,0.1702767312526703,0.025645745918154716,0.02800816297531128,0.04045828431844711,0.043542418628931046,0.04486191272735596,0.004305669106543064,284755.0,78655.0,78910.0,76903.0,0.996768470409327,0.9629259998134948,25000,1.0,targets_v2/train/20250227_185645_mask.png,targets_v2/train/20250227_185645_cavity_depth.npy
train,images/train/20250227_185703.jpg,labels/train/20250227_185703.txt,depths/train/20250227_185703.npy,True,,0.5539410393238162,0.43775104749481164,0.23468078672885895,0.23346289992332458,0.03426956757903099,0.03731030225753784,0.049265243113040924,0.05513867735862732,0.05762970447540283,0.007878247648477554,289198.0,62455.0,62455.0,62164.0,1.0,0.9795880276434514,24999,0.99996,targets_v2/train/20250227_185703_mask.png,targets_v2/train/20250227_185703_cavity_depth.npy
train,images/train/20250227_190027.jpg,labels/train/20250227_190027.txt,depths/train/20250227_190027.npy,True,,0.5544788126422846,0.25592558010820043,0.14515730738639832,0.14452776312828064,0.019299333915114403,0.018978655338287354,0.029754208400845528,0.03302249312400818,0.035487234592437744,0.002756367204710841,286543.0,60114.0,60114.0,59905.0,1.0,0.9839110774141653,25000,1.0,targets_v2/train/20250227_190027_mask.png,targets_v2/train/20250227_190027_cavity_depth.npy
train,images/train/20250227_190037.jpg,labels/train/20250227_190037.txt,depths/train/20250227_190037.npy,True,,0.503978744360035,0.4103328066523346,0.17930284142494202,0.16747114062309265,0.029708169400691986,0.03331202268600464,0.04074542969465256,0.045735664665699005,0.049001336097717285,0.004933539312332869,282645.0,69563.0,69563.0,65230.0,1.0,0.92618027942794,23817,0.95268,targets_v2/train/20250227_190037_mask.png,targets_v2/train/20250227_190037_cavity_depth.npy
train,images/train/20250227_190104.jpg,labels/train/20250227_190104.txt,depths/train/20250227_190104.npy,True,,0.5158882630436465,0.39425599274636625,0.19392633438110352,0.18681600689888,0.028341734781861305,0.02903604507446289,0.04692213237285614,0.05155833438038826,0.05491971969604492,0.0052064647898077965,288290.0,52419.0,52419.0,50637.0,1.0,0.9472829435081106,24974,0.99896,targets_v2/train/20250227_190104_mask.png,targets_v2/train/20250227_190104_cavity_depth.npy
train,images/train/20250227_190125.jpg,labels/train/20250227_190125.txt,depths/train/20250227_190125.npy,True,,0.33832897020291264,0.3161593885781733,0.0993027538061142,0.09891138970851898,0.026591090485453606,0.02869480848312378,0.03745356202125549,0.04077973589301109,0.04323911666870117,0.0026038079522550106,283828.0,56637.0,56637.0,56436.0,1.0,0.9860785435059736,25000,1.0,targets_v2/train/20250227_190125_mask.png,targets_v2/train/20250227_190125_cavity_depth.npy
train,images/train/20250227_190146.jpg,labels/train/20250227_190146.txt,depths/train/20250227_190146.npy,True,,0.3355736946792972,0.2817772910493158,0.08732777833938599,0.08616039156913757,0.025130173191428185,0.027884244918823242,0.03764777630567551,0.04654857516288757,0.04859769344329834,0.002154989866539836,284158.0,48347.0,48347.0,47688.0,1.0,0.9819680081712298,24956,0.99824,targets_v2/train/20250227_190146_mask.png,targets_v2/train/20250227_190146_cavity_depth.npy
train,images/train/20250227_190423.jpg,labels/train/20250227_190423.txt,depths/train/20250227_190423.npy,True,,0.6638297553264416,0.37545440346789566,0.24088367819786072,0.22949537634849548,0.03332839906215668,0.03524273633956909,0.0522952526807785,0.05716296657919884,0.05976128578186035,0.007550389505922794,288124.0,80627.0,80627.0,76944.0,1.0,0.9404755936104332,25000,1.0,targets_v2/train/20250227_190423_mask.png,targets_v2/train/20250227_190423_cavity_depth.npy
train,images/train/20250227_190508.jpg,labels/train/20250227_190508.txt,depths/train/20250227_190508.npy,True,,0.5476187450085883,0.34055984873974643,0.1596788465976715,0.15916436910629272,0.039355356246232986,0.04303920269012451,0.05498046800494194,0.059358250349760056,0.061861395835876465,0.006254067178815603,289247.0,47124.0,47124.0,46979.0,1.0,0.9952021533088939,24715,0.9886,targets_v2/train/20250227_190508_mask.png,targets_v2/train/20250227_190508_cavity_depth.npy
train,images/train/20250227_190531.jpg,labels/train/20250227_190531.txt,depths/train/20250227_190531.npy,True,,0.5608462006305142,0.4305029621132016,0.2195943295955658,0.21936938166618347,0.036675602197647095,0.039972782135009766,0.05398201942443848,0.05856523662805557,0.06112265586853027,0.007950965315103531,288930.0,68888.0,68888.0,68818.0,1.0,0.987237137058597,24996,0.99984,targets_v2/train/20250227_190531_mask.png,targets_v2/train/20250227_190531_cavity_depth.npy
train,images/train/20250227_190609.jpg,labels/train/20250227_190609.txt,depths/train/20250227_190609.npy,True,,0.5552989555675882,0.3601978652527753,0.20391178131103516,0.19672107696533203,0.02644108422100544,0.02798062562942505,0.046044155955314636,0.05149173364043236,0.05396759510040283,0.0051816897466778755,287714.0,72841.0,72841.0,70330.0,1.0,0.9610585086586024,25000,1.0,targets_v2/train/20250227_190609_mask.png,targets_v2/train/20250227_190609_cavity_depth.npy
train,images/train/20250227_190626.jpg,labels/train/20250227_190626.txt,depths/train/20250227_190626.npy,True,,0.4962275647575558,0.2350692907342782,0.10627967864274979,0.10327976942062378,0.026271207258105278,0.029379695653915405,0.03931726515293121,0.04197193309664726,0.04369312524795532,0.0026964754797518253,283074.0,63958.0,63958.0,62198.0,1.0,0.9657533252723353,24978,0.99912,targets_v2/train/20250227_190626_mask.png,targets_v2/train/20250227_190626_cavity_depth.npy
train,images/train/20250227_190929.jpg,labels/train/20250227_190929.txt,depths/train/20250227_190929.npy,True,,0.2352948256166057,0.17755435946453557,0.03695525974035263,0.03678809478878975,0.018391462042927742,0.019457519054412842,0.022908056154847145,0.02427682653069496,0.025863468647003174,0.0006760557880625129,277577.0,38124.0,38126.0,37949.0,0.9999475423595446,0.9946951974933997,25000,1.0,targets_v2/train/20250227_190929_mask.png,targets_v2/train/20250227_190929_cavity_depth.npy
train,images/train/20250227_191936.jpg,labels/train/20250227_191936.txt,depths/train/20250227_191936.npy,True,,0.7212806262591646,0.34531738147085567,0.23752254247665405,0.21921202540397644,0.039244525134563446,0.04082852602005005,0.06375490128993988,0.06897945702075958,0.07234019041061401,0.008404871448874474,287557.0,79460.0,79460.0,74239.0,1.0,0.9016690518942416,25000,1.0,targets_v2/train/20250227_191936_mask.png,targets_v2/train/20250227_191936_cavity_depth.npy
train,images/train/20250227_192043.jpg,labels/train/20250227_192043.txt,depths/train/20250227_192043.npy,True,,0.523034104659867,0.25576607539161716,0.12051383405923843,0.12051383405923843,0.04314350336790085,0.047623276710510254,0.05440201610326767,0.058222219347953796,0.06635820865631104,0.005130932666361332,289224.0,28437.0,28437.0,28437.0,1.0,0.9868337723570677,24934,0.99736,targets_v2/train/20250227_192043_mask.png,targets_v2/train/20250227_192043_cavity_depth.npy
train,images/train/20250305_021140.jpg,labels/train/20250305_021140.txt,depths/train/20250305_021140.npy,True,,0.5979362055228561,0.16774876342648815,0.09165087342262268,0.08823560178279877,0.032182931900024414,0.036235928535461426,0.047333598136901855,0.05365562438964844,0.05683344602584839,0.002812757855281234,284405.0,52366.0,52833.0,50531.0,0.9911608275131073,0.9536085403269364,25000,1.0,targets_v2/train/20250305_021140_mask.png,targets_v2/train/20250305_021140_cavity_depth.npy
train,images/train/20250305_021257.jpg,labels/train/20250305_021257.txt,depths/train/20250305_021257.npy,True,,0.8660365979232952,0.5326568111703391,0.41216322779655457,0.406747967004776,0.025978127494454384,0.02481067180633545,0.04107010364532471,0.051531240344047546,0.05890452861785889,0.010542716830968857,291070.0,66298.0,66298.0,65481.0,1.0,0.9846354223771455,24993,0.99972,targets_v2/train/20250305_021257_mask.png,targets_v2/train/20250305_021257_cavity_depth.npy
train,images/train/20250305_021805.jpg,labels/train/20250305_021805.txt,depths/train/20250305_021805.npy,True,,0.7640304482683415,0.4006618093083804,0.2733871638774872,0.2711493670940399,0.03639731928706169,0.037527620792388916,0.04823730140924454,0.05444049835205078,0.05927693843841553,0.009861446917057037,290900.0,55847.0,55847.0,55464.0,1.0,0.9910444259883209,24679,0.98716,targets_v2/train/20250305_021805_mask.png,targets_v2/train/20250305_021805_cavity_depth.npy
train,images/train/20250305_021844.jpg,labels/train/20250305_021844.txt,depths/train/20250305_021844.npy,True,,0.5823522145842235,0.43290527884090085,0.245713472366333,0.24471572041511536,0.03848185017704964,0.03947308659553528,0.056489892303943634,0.0694630891084671,0.07417404651641846,0.009304074570536613,287521.0,86149.0,86149.0,85838.0,1.0,0.9839845259450938,24852,0.99408,targets_v2/train/20250305_021844_mask.png,targets_v2/train/20250305_021844_cavity_depth.npy
train,images/train/20250305_022135.jpg,labels/train/20250305_022135.txt,depths/train/20250305_022135.npy,True,,0.9325515426995978,0.46097385007967445,0.36095717549324036,0.34633415937423706,0.026717370375990868,0.028922975063323975,0.03729727119207382,0.042384326457977295,0.04576873779296875,0.009136375039815903,289680.0,86257.0,86257.0,83324.0,1.0,0.947380689064882,24992,0.99968,targets_v2/train/20250305_022135_mask.png,targets_v2/train/20250305_022135_cavity_depth.npy
train,images/train/20250305_022251.jpg,labels/train/20250305_022251.txt,depths/train/20250305_022251.npy,True,,0.7381839617828254,0.2786537352080194,0.15788830816745758,0.13026824593544006,0.025504084303975105,0.025477945804595947,0.0436713881790638,0.04773120954632759,0.049344420433044434,0.0033351057209074497,286507.0,60331.0,60770.0,49564.0,0.99277604080961,0.8282279814601321,24817,0.99268,targets_v2/train/20250305_022251_mask.png,targets_v2/train/20250305_022251_cavity_depth.npy
train,images/train/20250305_022335.jpg,labels/train/20250305_022335.txt,depths/train/20250305_022335.npy,True,,0.574800787016972,0.21002276259170324,0.11559802293777466,0.10809651762247086,0.025417780503630638,0.026180267333984375,0.03775131702423096,0.042435526847839355,0.04395115375518799,0.0027414271607995033,288802.0,33344.0,33344.0,31101.0,1.0,0.9330151157401186,24888,0.99552,targets_v2/train/20250305_022335_mask.png,targets_v2/train/20250305_022335_cavity_depth.npy
train,images/train/20250305_022608.jpg,labels/train/20250305_022608.txt,depths/train/20250305_022608.npy,True,,0.529628228195679,0.2535222149091387,0.12876683473587036,0.11935863643884659,0.02480204775929451,0.027299046516418457,0.031237781047821045,0.032516829669475555,0.03457719087600708,0.002941765822470188,280336.0,95786.0,95786.0,89165.0,1.0,0.9211206918052477,25000,1.0,targets_v2/train/20250305_022608_mask.png,targets_v2/train/20250305_022608_cavity_depth.npy
train,images/train/20250305_023916.jpg,labels/train/20250305_023916.txt,depths/train/20250305_023916.npy,True,,0.3060025921802148,0.2535216900143231,0.07080826163291931,0.06998749077320099,0.01507750153541565,0.01657852530479431,0.01924973726272583,0.022345932200551033,0.023516416549682617,0.0010542456293478608,279802.0,59574.0,59574.0,58882.0,1.0,0.9874804252571592,25000,1.0,targets_v2/train/20250305_023916_mask.png,targets_v2/train/20250305_023916_cavity_depth.npy
train,images/train/20250305_024047.jpg,labels/train/20250305_024047.txt,depths/train/20250305_024047.npy,True,,0.6016074411026879,0.28638203227576153,0.17479191720485687,0.16619697213172913,0.028493057936429977,0.027558863162994385,0.048335276544094086,0.05379284545779228,0.05659133195877075,0.004717767238616943,288273.0,53675.0,53675.0,51229.0,1.0,0.9472750595892823,24996,0.99984,targets_v2/train/20250305_024047_mask.png,targets_v2/train/20250305_024047_cavity_depth.npy
train,images/train/20250305_024332.jpg,labels/train/20250305_024332.txt,depths/train/20250305_024332.npy,True,,0.3174267380614689,0.23067137499002155,0.0699811801314354,0.06730128079652786,0.012128998525440693,0.01266750693321228,0.016557937487959862,0.017725057899951935,0.018569350242614746,0.0008133393130265176,276937.0,68593.0,68593.0,66064.0,1.0,0.9582207239985596,25000,1.0,targets_v2/train/20250305_024332_mask.png,targets_v2/train/20250305_024332_cavity_depth.npy
train,images/train/20250305_024625.jpg,labels/train/20250305_024625.txt,depths/train/20250305_024625.npy,True,,0.2917573613993971,0.09905900954567709,0.027205906808376312,0.02716336026787758,0.018844081088900566,0.02006027102470398,0.027354925870895386,0.0304394718259573,0.03179997205734253,0.0005065011791884899,274044.0,37200.0,37208.0,37148.0,0.9997849924747366,0.9879666627124111,25000,1.0,targets_v2/train/20250305_024625_mask.png,targets_v2/train/20250305_024625_cavity_depth.npy
train,images/train/20250305_024941.jpg,labels/train/20250305_024941.txt,depths/train/20250305_024941.npy,True,,0.8477844358554674,0.28140741270360686,0.21951347589492798,0.2030484825372696,0.025618644431233406,0.02645796537399292,0.039114512503147125,0.044069141149520874,0.04680907726287842,0.00514118280261755,288030.0,79744.0,79744.0,74108.0,1.0,0.9142094652844059,25000,1.0,targets_v2/train/20250305_024941_mask.png,targets_v2/train/20250305_024941_cavity_depth.npy
train,images/train/20250305_025000.jpg,labels/train/20250305_025000.txt,depths/train/20250305_025000.npy,True,,0.7344576882247273,0.3310288252750091,0.2360476851463318,0.2206782102584839,0.023880697786808014,0.02418428659439087,0.03952179104089737,0.04689741134643555,0.04912865161895752,0.005201517604291439,290486.0,55771.0,55771.0,52392.0,1.0,0.9227484286237282,24926,0.99704,targets_v2/train/20250305_025000_mask.png,targets_v2/train/20250305_025000_cavity_depth.npy
train,images/train/20250305_025031.jpg,labels/train/20250305_025031.txt,depths/train/20250305_025031.npy,True,,0.3987671324826901,0.31185139542984636,0.10556484758853912,0.10511419177055359,0.019645698368549347,0.018235981464385986,0.0338640995323658,0.03851382061839104,0.04130274057388306,0.002040622290223837,282630.0,70427.0,70427.0,70155.0,1.0,0.9839563423649605,25000,1.0,targets_v2/train/20250305_025031_mask.png,targets_v2/train/20250305_025031_cavity_depth.npy
train,images/train/20250305_025744.jpg,labels/train/20250305_025744.txt,depths/train/20250305_025744.npy,True,,0.38669052676092647,0.21571995619478807,0.0803302749991417,0.07672351598739624,0.02796158567070961,0.030578911304473877,0.040552280843257904,0.04297810420393944,0.044504523277282715,0.002137263072654605,284392.0,45129.0,45129.0,43144.0,1.0,0.9515178334573925,25000,1.0,targets_v2/train/20250305_025744_mask.png,targets_v2/train/20250305_025744_cavity_depth.npy
train,images/train/20250305_031236.jpg,labels/train/20250305_031236.txt,depths/train/20250305_031236.npy,True,,0.32215352335102515,0.19629865174224326,0.05186256021261215,0.04939696192741394,0.0282723568379879,0.029734253883361816,0.04121922329068184,0.04220336303114891,0.04377305507659912,0.0013908807886764407,279229.0,46777.0,46778.0,44703.0,0.9999786224293471,0.9485799545280618,24802,0.99208,targets_v2/train/20250305_031236_mask.png,targets_v2/train/20250305_031236_cavity_depth.npy
train,images/train/20250305_031258.jpg,labels/train/20250305_031258.txt,depths/train/20250305_031258.npy,True,,0.3914957356445453,0.14341017044191467,0.05101329833269119,0.05101329833269119,0.03472095727920532,0.038526833057403564,0.04810343310236931,0.05080920457839966,0.05247044563293457,0.0017670555971562862,277873.0,51614.0,51614.0,51614.0,1.0,0.9976429071192701,24859,0.99436,targets_v2/train/20250305_031258_mask.png,targets_v2/train/20250305_031258_cavity_depth.npy
train,images/train/20250305_031304.jpg,labels/train/20250305_031304.txt,depths/train/20250305_031304.npy,True,,0.43337369260224157,0.10670962588442984,0.03452613204717636,0.03376814350485802,0.02463546209037304,0.023239940404891968,0.04418967664241791,0.04894345998764038,0.049639880657196045,0.0008245432982221246,275289.0,37785.0,37791.0,37002.0,0.9998412320393745,0.9694040418819304,25000,1.0,targets_v2/train/20250305_031304_mask.png,targets_v2/train/20250305_031304_cavity_depth.npy
train,images/train/20250305_031324.jpg,labels/train/20250305_031324.txt,depths/train/20250305_031324.npy,True,,0.25087377130330923,0.1535068888308519,0.036745164543390274,0.036091290414333344,0.014309577643871307,0.01535576581954956,0.01911318302154541,0.02029951848089695,0.0214310884475708,0.0005118623375892639,278174.0,31043.0,31043.0,30541.0,1.0,0.9734780505782409,25000,1.0,targets_v2/train/20250305_031324_mask.png,targets_v2/train/20250305_031324_cavity_depth.npy
train,images/train/20250305_031353.jpg,labels/train/20250305_031353.txt,depths/train/20250305_031353.npy,True,,0.894181400056182,0.4867497688449642,0.22632956504821777,0.21385470032691956,0.019499804824590683,0.018670231103897095,0.03254029154777527,0.03926364704966545,0.04153090715408325,0.004147526808083057,288472.0,69904.0,70756.0,66396.0,0.9879586183503872,0.9397614990859509,25000,1.0,targets_v2/train/20250305_031353_mask.png,targets_v2/train/20250305_031353_cavity_depth.npy
train,images/train/20250305_031407.jpg,labels/train/20250305_031407.txt,depths/train/20250305_031407.npy,True,,0.8164806131101745,0.28133037278935935,0.21413198113441467,0.21254365146160126,0.03331134095788002,0.03603219985961914,0.04210317134857178,0.04631675407290459,0.05149209499359131,0.007035048212856054,289589.0,56354.0,56354.0,55973.0,1.0,0.9862645592557744,24911,0.99644,targets_v2/train/20250305_031407_mask.png,targets_v2/train/20250305_031407_cavity_depth.npy
train,images/train/20250305_031608.jpg,labels/train/20250305_031608.txt,depths/train/20250305_031608.npy,True,,0.37054210503494045,0.1936515710527868,0.0630725845694542,0.0622900128364563,0.018899207934737206,0.019721150398254395,0.029135804623365402,0.03456391394138336,0.03613615036010742,0.0011719603789970279,280151.0,47048.0,47048.0,46530.0,1.0,0.9831701817576493,25000,1.0,targets_v2/train/20250305_031608_mask.png,targets_v2/train/20250305_031608_cavity_depth.npy
train,images/train/20250305_034016.jpg,labels/train/20250305_034016.txt,depths/train/20250305_034016.npy,True,,0.5855822127261812,0.20423044700880627,0.09821626543998718,0.09820537269115448,0.03173686936497688,0.03286203742027283,0.044193536043167114,0.048182450234889984,0.05050623416900635,0.0031061810441315174,285311.0,44611.0,45357.0,44606.0,0.9835527041030051,0.996504500080672,25000,1.0,targets_v2/train/20250305_034016_mask.png,targets_v2/train/20250305_034016_cavity_depth.npy
train,images/train/20250305_034055.jpg,labels/train/20250305_034055.txt,depths/train/20250305_034055.npy,True,,0.6504910386981487,0.20198083746358336,0.11673338711261749,0.10816901922225952,0.016448521986603737,0.017379045486450195,0.024522721767425537,0.030319349840283394,0.032072603702545166,0.0017627098131924868,283069.0,63083.0,64697.0,58831.0,0.9750529390852745,0.918034189423764,25000,1.0,targets_v2/train/20250305_034055_mask.png,targets_v2/train/20250305_034055_cavity_depth.npy
train,images/train/20250305_034145.jpg,labels/train/20250305_034145.txt,depths/train/20250305_034145.npy,True,,0.4057924218880878,0.31509036431611337,0.12454773485660553,0.11982329189777374,0.027398189529776573,0.030355781316757202,0.03812652826309204,0.0421716533601284,0.04465430974960327,0.0032471518497914076,284565.0,63466.0,63466.0,61036.0,1.0,0.9515791099115458,25000,1.0,targets_v2/train/20250305_034145_mask.png,targets_v2/train/20250305_034145_cavity_depth.npy
train,images/train/20250305_034328.jpg,labels/train/20250305_034328.txt,depths/train/20250305_034328.npy,True,,0.8267799256811281,0.5919038329285848,0.48614174127578735,0.47677868604660034,0.0550326332449913,0.059225380420684814,0.08553051948547363,0.09624790400266647,0.10202908515930176,0.025472300127148628,291490.0,88832.0,88832.0,87356.0,1.0,0.9521052439834725,24717,0.98868,targets_v2/train/20250305_034328_mask.png,targets_v2/train/20250305_034328_cavity_depth.npy
train,images/train/20250305_034515.jpg,labels/train/20250305_034515.txt,depths/train/20250305_034515.npy,True,,0.4473665519700996,0.23973170607238603,0.0797097459435463,0.07622243463993073,0.018368098884820938,0.018575519323349,0.02519124001264572,0.0277701448649168,0.029321014881134033,0.0013842704938724637,285070.0,34395.0,34395.0,33092.0,1.0,0.9454647209126683,25000,1.0,targets_v2/train/20250305_034515_mask.png,targets_v2/train/20250305_034515_cavity_depth.npy
train,images/train/20250305_034602.jpg,labels/train/20250305_034602.txt,depths/train/20250305_034602.npy,True,,0.5319631106539153,0.32245902077792454,0.1754244863986969,0.17201465368270874,0.03228665515780449,0.03254947066307068,0.04942545294761658,0.053997382521629333,0.056046903133392334,0.005460779648274183,285926.0,62394.0,62394.0,61416.0,1.0,0.9641428468605755,24924,0.99696,targets_v2/train/20250305_034602_mask.png,targets_v2/train/20250305_034602_cavity_depth.npy
train,images/train/20250305_034719.jpg,labels/train/20250305_034719.txt,depths/train/20250305_034719.npy,True,,0.44349254250963044,0.34223852803792276,0.13588997721672058,0.13548462092876434,0.029170529916882515,0.030158638954162598,0.04425644874572754,0.05132954195141792,0.05385333299636841,0.003939759451895952,285847.0,58071.0,58071.0,57914.0,1.0,0.9938891776091616,25000,1.0,targets_v2/train/20250305_034719_mask.png,targets_v2/train/20250305_034719_cavity_depth.npy
train,images/train/20250305_034917.jpg,labels/train/20250305_034917.txt,depths/train/20250305_034917.npy,True,,0.6656152023698183,0.4469437362506695,0.27341756224632263,0.2710837125778198,0.022843098267912865,0.024355292320251465,0.030550837516784668,0.03394519165158272,0.03670763969421387,0.006144128739833832,287308.0,73372.0,73372.0,72780.0,1.0,0.9837367414806744,25000,1.0,targets_v2/train/20250305_034917_mask.png,targets_v2/train/20250305_034917_cavity_depth.npy
train,images/train/20250305_034930.jpg,labels/train/20250305_034930.txt,depths/train/20250305_034930.npy,True,,0.5235974191381014,0.3320601836542393,0.1506739854812622,0.1506739854812622,0.021094510331749916,0.021995186805725098,0.02685363218188286,0.03005695715546608,0.03319442272186279,0.003170367795974016,287360.0,44342.0,44342.0,44342.0,1.0,0.9974747788885893,24999,0.99996,targets_v2/train/20250305_034930_mask.png,targets_v2/train/20250305_034930_cavity_depth.npy
train,images/train/20250305_035042.jpg,labels/train/20250305_035042.txt,depths/train/20250305_035042.npy,True,,0.5218786121392567,0.38816272590549006,0.1954910010099411,0.1954910010099411,0.024841569364070892,0.026310741901397705,0.03174443170428276,0.03488178551197052,0.03760260343551636,0.004822467919439077,287305.0,62430.0,62430.0,62430.0,1.0,0.9930326957815233,24970,0.9988,targets_v2/train/20250305_035042_mask.png,targets_v2/train/20250305_035042_cavity_depth.npy
train,images/train/20250305_035108.jpg,labels/train/20250305_035108.txt,depths/train/20250305_035108.npy,True,,0.825632991244601,0.3672100716422455,0.2908637821674347,0.2689611613750458,0.023803751915693283,0.025685906410217285,0.03178584575653076,0.035151176154613495,0.039252638816833496,0.006280902773141861,289822.0,57002.0,57002.0,53802.0,1.0,0.9071665086040059,25000,1.0,targets_v2/train/20250305_035108_mask.png,targets_v2/train/20250305_035108_cavity_depth.npy
train,images/train/20250305_035126.jpg,labels/train/20250305_035126.txt,depths/train/20250305_035126.npy,True,,0.6128249251705822,0.4449175751634346,0.26072192192077637,0.2586279511451721,0.021402835845947266,0.022304058074951172,0.02740621566772461,0.03033641166985035,0.033828020095825195,0.005539851728826761,290691.0,57044.0,57044.0,56636.0,1.0,0.9927714328090947,24945,0.9978,targets_v2/train/20250305_035126_mask.png,targets_v2/train/20250305_035126_cavity_depth.npy
train,images/train/20250305_035536.jpg,labels/train/20250305_035536.txt,depths/train/20250305_035536.npy,True,,0.4118402279142852,0.33626516101185255,0.12715215981006622,0.12715215981006622,0.034330762922763824,0.035694658756256104,0.05336979404091835,0.057774271816015244,0.06015324592590332,0.004327280446887016,283679.0,64260.0,64260.0,64260.0,1.0,0.9913062539687739,25000,1.0,targets_v2/train/20250305_035536_mask.png,targets_v2/train/20250305_035536_cavity_depth.npy
train,images/train/20250305_035554.jpg,labels/train/20250305_035554.txt,depths/train/20250305_035554.npy,True,,0.3005364712707319,0.22455298935527865,0.06339991092681885,0.06338010728359222,0.023625263944268227,0.024066448211669922,0.03554755449295044,0.038971446454524994,0.04079252481460571,0.001490419963374734,281351.0,41028.0,41028.0,41016.0,1.0,0.9950464214142898,25000,1.0,targets_v2/train/20250305_035554_mask.png,targets_v2/train/20250305_035554_cavity_depth.npy
train,images/train/20250305_035709.jpg,labels/train/20250305_035709.txt,depths/train/20250305_035709.npy,True,,0.3735820728117377,0.21849912322373194,0.0762970969080925,0.07544121146202087,0.01690046675503254,0.016063988208770752,0.028075993061065674,0.03243830054998398,0.03411215543746948,0.0012681818334385753,277811.0,74951.0,74951.0,74121.0,1.0,0.983501021135279,25000,1.0,targets_v2/train/20250305_035709_mask.png,targets_v2/train/20250305_035709_cavity_depth.npy
train,images/train/20250305_040307.jpg,labels/train/20250305_040307.txt,depths/train/20250305_040307.npy,True,,0.4647696244731407,0.3562078001191131,0.1586824357509613,0.15725859999656677,0.033452149480581284,0.0340840220451355,0.057073067873716354,0.06275001168251038,0.06565791368484497,0.005097182467579842,286799.0,59806.0,59806.0,59350.0,1.0,0.9602344736912,24994,0.99976,targets_v2/train/20250305_040307_mask.png,targets_v2/train/20250305_040307_cavity_depth.npy
train,images/train/20250305_040438.jpg,labels/train/20250305_040438.txt,depths/train/20250305_040438.npy,True,,1.0079964003129909,0.6357930438699293,0.5766996145248413,0.5631071329116821,0.04230230674147606,0.046179234981536865,0.05883699655532837,0.06629077345132828,0.07240176200866699,0.023318933323025703,292014.0,94615.0,94615.0,92706.0,1.0,0.9558614997989722,24258,0.97032,targets_v2/train/20250305_040438_mask.png,targets_v2/train/20250305_040438_cavity_depth.npy
train,images/train/20250305_041341.jpg,labels/train/20250305_041341.txt,depths/train/20250305_041341.npy,True,,0.9599967071624365,0.4762161354457936,0.41987472772598267,0.40534570813179016,0.04261254891753197,0.0452231764793396,0.06299170106649399,0.07208412885665894,0.07696974277496338,0.01701461523771286,290808.0,92201.0,94036.0,88932.0,0.9804861967757029,0.9509657694661097,24821,0.99284,targets_v2/train/20250305_041341_mask.png,targets_v2/train/20250305_041341_cavity_depth.npy
train,images/train/20250305_041507.jpg,labels/train/20250305_041507.txt,depths/train/20250305_041507.npy,True,,0.34100698687652264,0.2882762648980692,0.09130258113145828,0.09124255925416946,0.019154028967022896,0.018826574087142944,0.02962852083146572,0.032876841723918915,0.03492814302444458,0.0017532495548948646,283741.0,48585.0,48585.0,48548.0,1.0,1.0025373055645657,25000,1.0,targets_v2/train/20250305_041507_mask.png,targets_v2/train/20250305_041507_cavity_depth.npy
train,images/train/20250305_041524.jpg,labels/train/20250305_041524.txt,depths/train/20250305_041524.npy,True,,0.5842526907687082,0.3980692427429492,0.22346988320350647,0.1984383463859558,0.030916931107640266,0.03322058916091919,0.050424039363861084,0.054758764803409576,0.05653959512710571,0.006034655962139368,287689.0,74042.0,74042.0,65411.0,1.0,0.8734481626991839,24997,0.99988,targets_v2/train/20250305_041524_mask.png,targets_v2/train/20250305_041524_cavity_depth.npy
train,images/train/20250305_041534.jpg,labels/train/20250305_041534.txt,depths/train/20250305_041534.npy,True,,0.40535831098562836,0.3490297982098002,0.13948841392993927,0.13948841392993927,0.03277759626507759,0.03377455472946167,0.04963008314371109,0.05469831824302673,0.05643892288208008,0.004521606490015984,285798.0,55484.0,55484.0,55484.0,1.0,0.9889572665552145,24960,0.9984,targets_v2/train/20250305_041534_mask.png,targets_v2/train/20250305_041534_cavity_depth.npy
train,images/train/20250305_041605.jpg,labels/train/20250305_041605.txt,depths/train/20250305_041605.npy,True,,0.3117393105061186,0.22240615723883303,0.06549322605133057,0.06501993536949158,0.019691886380314827,0.021190106868743896,0.02818453311920166,0.030605124309659004,0.032508671283721924,0.001263430342078209,283776.0,31513.0,31513.0,31304.0,1.0,0.9796424548445365,25000,1.0,targets_v2/train/20250305_041605_mask.png,targets_v2/train/20250305_041605_cavity_depth.npy
train,images/train/20250305_041840.jpg,labels/train/20250305_041840.txt,depths/train/20250305_041840.npy,True,,0.468911769375254,0.3185833155178627,0.15238304436206818,0.14884114265441895,0.03823891282081604,0.042913198471069336,0.05577685683965683,0.06045007333159447,0.06370246410369873,0.005570463370531797,286041.0,63714.0,63714.0,62365.0,1.0,0.9559807356806745,25000,1.0,targets_v2/train/20250305_041840_mask.png,targets_v2/train/20250305_041840_cavity_depth.npy
train,images/train/20250305_042307.jpg,labels/train/20250305_042307.txt,depths/train/20250305_042307.npy,True,,0.3228502004867984,0.22038692768809948,0.06573215126991272,0.06482534110546112,0.02506733313202858,0.02644941210746765,0.03672667592763901,0.04173632711172104,0.0434454083442688,0.001619251212105155,280971.0,48694.0,48694.0,48090.0,1.0,0.9827165094578737,25000,1.0,targets_v2/train/20250305_042307_mask.png,targets_v2/train/20250305_042307_cavity_depth.npy
train,images/train/20250305_042433.jpg,labels/train/20250305_042433.txt,depths/train/20250305_042433.npy,True,,0.12257913022146794,0.060278580493199556,0.006096601020544767,0.006011359393596649,0.016115881502628326,0.018450379371643066,0.022068608552217484,0.023593630641698837,0.02486744523048401,9.678326750872657e-05,250195.0,24423.0,24958.0,24089.0,0.9785639874989983,0.9850503743643347,25000,1.0,targets_v2/train/20250305_042433_mask.png,targets_v2/train/20250305_042433_cavity_depth.npy
train,images/train/20250305_042445.jpg,labels/train/20250305_042445.txt,depths/train/20250305_042445.npy,True,,0.1666649227439031,0.0545369831423706,0.008649429306387901,0.008649429306387901,0.016255907714366913,0.01734277606010437,0.02719062566757202,0.030204223468899727,0.03161594271659851,0.000140221236506477,272540.0,12016.0,12017.0,12016.0,0.9999167845552135,0.9972754175148472,25000,1.0,targets_v2/train/20250305_042445_mask.png,targets_v2/train/20250305_042445_cavity_depth.npy
train,images/train/20250305_042621.jpg,labels/train/20250305_042621.txt,depths/train/20250305_042621.npy,True,,0.648653472116886,0.22511019389835363,0.10464020073413849,0.10025075078010559,0.021238775923848152,0.023180484771728516,0.03068716451525688,0.033333562314510345,0.035438477993011475,0.0020969780161976814,287584.0,40235.0,40235.0,38787.0,1.0,0.9435519802808328,25000,1.0,targets_v2/train/20250305_042621_mask.png,targets_v2/train/20250305_042621_cavity_depth.npy
train,images/train/20250305_042726.jpg,labels/train/20250305_042726.txt,depths/train/20250305_042726.npy,True,,0.2694592159269862,0.11714488062768627,0.02265564352273941,0.02265564352273941,0.016588373109698296,0.013818860054016113,0.029553622007369995,0.03418031334877014,0.037511587142944336,0.0003780617844313383,279018.0,21356.0,21356.0,21356.0,1.0,1.0059643314315265,25000,1.0,targets_v2/train/20250305_042726_mask.png,targets_v2/train/20250305_042726_cavity_depth.npy
train,images/train/20250305_042743.jpg,labels/train/20250305_042743.txt,depths/train/20250305_042743.npy,True,,0.27576205286296585,0.1627172839072494,0.038704950362443924,0.038680873811244965,0.012648909352719784,0.012515336275100708,0.018041223287582397,0.0209386944770813,0.022539496421813965,0.000491365441121161,281065.0,28942.0,28942.0,28926.0,1.0,1.0036562957483424,25000,1.0,targets_v2/train/20250305_042743_mask.png,targets_v2/train/20250305_042743_cavity_depth.npy
train,images/train/20250305_042846.jpg,labels/train/20250305_042846.txt,depths/train/20250305_042846.npy,True,,0.2646622595140399,0.17578321598438473,0.04533124715089798,0.04415033757686615,0.029425427317619324,0.033751487731933594,0.03919120877981186,0.041423648595809937,0.04300427436828613,0.0012850579805672169,278754.0,36774.0,36784.0,35918.0,0.9997281426707264,0.9633903174717227,25000,1.0,targets_v2/train/20250305_042846_mask.png,targets_v2/train/20250305_042846_cavity_depth.npy
train,images/train/20250305_042951.jpg,labels/train/20250305_042951.txt,depths/train/20250305_042951.npy,True,,0.1627562883052232,0.12331171194814639,0.013508215546607971,0.013156289234757423,0.033862218260765076,0.03815460205078125,0.04097837209701538,0.04378555342555046,0.04554915428161621,0.00044598529348149896,275704.0,15063.0,15063.0,14655.0,1.0,0.9750056926198847,24276,0.97104,targets_v2/train/20250305_042951_mask.png,targets_v2/train/20250305_042951_cavity_depth.npy
train,images/train/20250305_043049.jpg,labels/train/20250305_043049.txt,depths/train/20250305_043049.npy,True,,0.19017043621355223,0.15229121782324884,0.027464931830763817,0.025931429117918015,0.019271530210971832,0.02206122875213623,0.026988685131072998,0.030042661353945732,0.032473623752593994,0.0004971439484506845,273256.0,36324.0,36337.0,34329.0,0.9996422379392905,0.9392634693147215,25000,1.0,targets_v2/train/20250305_043049_mask.png,targets_v2/train/20250305_043049_cavity_depth.npy
train,images/train/20250305_043324.jpg,labels/train/20250305_043324.txt,depths/train/20250305_043324.npy,True,,0.37149806348145925,0.2956628854895247,0.10289826989173889,0.10288122296333313,0.025621039792895317,0.02793508768081665,0.03872110694646835,0.04159657284617424,0.04393124580383301,0.002614874392747879,285011.0,51855.0,51855.0,51847.0,1.0,0.9918500245307152,25000,1.0,targets_v2/train/20250305_043324_mask.png,targets_v2/train/20250305_043324_cavity_depth.npy
train,images/train/20250305_043451.jpg,labels/train/20250305_043451.txt,depths/train/20250305_043451.npy,True,,0.8979840574158604,0.3643724480206379,0.31880947947502136,0.30708593130111694,0.022424280643463135,0.0222015380859375,0.03423886373639107,0.040477603673934937,0.046628355979919434,0.006938719656318426,288206.0,53995.0,53995.0,52699.0,1.0,0.9705761045974034,25000,1.0,targets_v2/train/20250305_043451_mask.png,targets_v2/train/20250305_043451_cavity_depth.npy
train,images/train/20250305_043712.jpg,labels/train/20250305_043712.txt,depths/train/20250305_043712.npy,True,,0.6274267272432004,0.45926681941123504,0.2936989367008209,0.2866450548171997,0.02334664762020111,0.02137899398803711,0.039470374584198,0.04560906067490578,0.04842567443847656,0.0068513923324644566,290902.0,51086.0,51086.0,50232.0,1.0,0.9991988711125476,25000,1.0,targets_v2/train/20250305_043712_mask.png,targets_v2/train/20250305_043712_cavity_depth.npy
train,images/train/20250305_043724.jpg,labels/train/20250305_043724.txt,depths/train/20250305_043724.npy,True,,0.7834243942749191,0.6689977075547185,0.4080832600593567,0.39770829677581787,0.020525801926851273,0.018528103828430176,0.037183426320552826,0.046950146555900574,0.05194425582885742,0.008010197430849075,293255.0,56072.0,56072.0,54355.0,1.0,0.9563003325653059,24964,0.99856,targets_v2/train/20250305_043724_mask.png,targets_v2/train/20250305_043724_cavity_depth.npy
train,images/train/20250305_043734.jpg,labels/train/20250305_043734.txt,depths/train/20250305_043734.npy,True,,0.6206644795831748,0.5774973768602114,0.3399345576763153,0.33461445569992065,0.0266147218644619,0.0271761417388916,0.03627511113882065,0.04165726155042648,0.04405319690704346,0.008763263002038002,291966.0,42324.0,42324.0,41872.0,1.0,0.9686092157909257,23522,0.94088,targets_v2/train/20250305_043734_mask.png,targets_v2/train/20250305_043734_cavity_depth.npy
train,images/train/20250305_043912.jpg,labels/train/20250305_043912.txt,depths/train/20250305_043912.npy,True,,1.3303002529017265,0.5447997167392432,0.5966353416442871,0.5383546352386475,0.022618524730205536,0.02187931537628174,0.03708004951477051,0.046169232577085495,0.05397844314575195,0.012927630916237831,289664.0,79893.0,79893.0,74071.0,1.0,0.9579562918479705,24997,0.99988,targets_v2/train/20250305_043912_mask.png,targets_v2/train/20250305_043912_cavity_depth.npy
train,images/train/20250305_045139.jpg,labels/train/20250305_045139.txt,depths/train/20250305_045139.npy,True,,0.5741664326648304,0.5106891575843022,0.2760838270187378,0.27070459723472595,0.022424347698688507,0.023578345775604248,0.03382587432861328,0.037206221371889114,0.040068864822387695,0.006009404547512531,289109.0,67176.0,67176.0,66138.0,1.0,0.9706678741028893,25000,1.0,targets_v2/train/20250305_045139_mask.png,targets_v2/train/20250305_045139_cavity_depth.npy
train,images/train/20250305_045148.jpg,labels/train/20250305_045148.txt,depths/train/20250305_045148.npy,True,,0.3532495734483104,0.29504494819106253,0.09226791560649872,0.09203266352415085,0.02265089564025402,0.02435469627380371,0.03365228325128555,0.03594943881034851,0.03740835189819336,0.0020609365310519934,286246.0,33862.0,33862.0,33769.0,1.0,0.9861171877698528,25000,1.0,targets_v2/train/20250305_045148_mask.png,targets_v2/train/20250305_045148_cavity_depth.npy
train,images/train/20250305_045156.jpg,labels/train/20250305_045156.txt,depths/train/20250305_045156.npy,True,,0.1940612548174343,0.17185714693908039,0.031961917877197266,0.028416335582733154,0.00926778744906187,0.009724736213684082,0.012299597263336182,0.013486419804394245,0.014375269412994385,0.0002619778970256448,279607.0,23132.0,23132.0,20645.0,1.0,0.8844142986326193,25000,1.0,targets_v2/train/20250305_045156_mask.png,targets_v2/train/20250305_045156_cavity_depth.npy
train,images/train/20250305_045213.jpg,labels/train/20250305_045213.txt,depths/train/20250305_045213.npy,True,,0.2807096044606176,0.22169428136295466,0.06034386530518532,0.049497418105602264,0.01342546846717596,0.013685107231140137,0.021317124366760254,0.02522457391023636,0.026846766471862793,0.0006600759224966168,278868.0,49176.0,49176.0,40487.0,1.0,0.8147630348021538,25000,1.0,targets_v2/train/20250305_045213_mask.png,targets_v2/train/20250305_045213_cavity_depth.npy
train,images/train/20250305_045321.jpg,labels/train/20250305_045321.txt,depths/train/20250305_045321.npy,True,,0.1963587577875553,0.13403597599388725,0.024857619777321815,0.019131651148200035,0.022427964955568314,0.02449047565460205,0.03322445601224899,0.03561844676733017,0.03662109375,0.00042655051220208406,282904.0,14643.0,14643.0,11352.0,1.0,0.7651050318889987,24413,0.97652,targets_v2/train/20250305_045321_mask.png,targets_v2/train/20250305_045321_cavity_depth.npy
train,images/train/20250305_045413.jpg,labels/train/20250305_045413.txt,depths/train/20250305_045413.npy,True,,0.19739490962882777,0.10258400883605448,0.019474398344755173,0.019104469567537308,0.026354996487498283,0.03146660327911377,0.03447188064455986,0.036230020225048065,0.03684687614440918,0.0005003577680326998,273813.0,24161.0,24162.0,23727.0,0.9999586126976243,0.9748855534273915,24986,0.99944,targets_v2/train/20250305_045413_mask.png,targets_v2/train/20250305_045413_cavity_depth.npy
train,images/train/20250305_045439.jpg,labels/train/20250305_045439.txt,depths/train/20250305_045439.npy,True,,0.17744366533675415,0.10882422376362674,0.014948498457670212,0.014104937203228474,0.02016066387295723,0.02404683828353882,0.027450215071439743,0.02902381494641304,0.02935647964477539,0.0002836703206412494,271686.0,21934.0,21973.0,20713.0,0.9982250944340781,0.9412641102632529,25000,1.0,targets_v2/train/20250305_045439_mask.png,targets_v2/train/20250305_045439_cavity_depth.npy
train,images/train/20250305_045702.jpg,labels/train/20250305_045702.txt,depths/train/20250305_045702.npy,True,,1.1406388147844697,0.6164658488008192,0.720070481300354,0.6204949617385864,0.02742086350917816,0.028033971786499023,0.043755244463682175,0.051017895340919495,0.05510556697845459,0.017095332965254784,292270.0,102057.0,102057.0,89528.0,1.0,0.8658076707677681,25000,1.0,targets_v2/train/20250305_045702_mask.png,targets_v2/train/20250305_045702_cavity_depth.npy
train,images/train/20250305_045711.jpg,labels/train/20250305_045711.txt,depths/train/20250305_045711.npy,True,,0.46880291149825226,0.2660401677044884,0.10639964789152145,0.10639964789152145,0.045657385140657425,0.046834349632263184,0.05869390815496445,0.06257688254117966,0.06544244289398193,0.004846062511205673,286200.0,42047.0,42047.0,42047.0,1.0,0.9975571504459038,24839,0.99356,targets_v2/train/20250305_045711_mask.png,targets_v2/train/20250305_045711_cavity_depth.npy
train,images/train/20250305_045716.jpg,labels/train/20250305_045716.txt,depths/train/20250305_045716.npy,True,,0.39656956635952245,0.291881490716481,0.11286996304988861,0.1121327355504036,0.013067438267171383,0.012988805770874023,0.018548626452684402,0.023354070261120796,0.025964796543121338,0.001459077000617981,286068.0,41030.0,41030.0,40748.0,1.0,0.9892575461282866,25000,1.0,targets_v2/train/20250305_045716_mask.png,targets_v2/train/20250305_045716_cavity_depth.npy
train,images/train/20250305_045719.jpg,labels/train/20250305_045719.txt,depths/train/20250305_045719.npy,True,,1.093375556809797,0.23470142651498221,0.24396571516990662,0.23500823974609375,0.03463491052389145,0.03886955976486206,0.05189530923962593,0.05588986352086067,0.05840492248535156,0.007983424700796604,290130.0,58782.0,60749.0,56634.0,0.9676208661870978,0.9448140975501171,24426,0.97704,targets_v2/train/20250305_045719_mask.png,targets_v2/train/20250305_045719_cavity_depth.npy
train,images/train/20250305_045744.jpg,labels/train/20250305_045744.txt,depths/train/20250305_045744.npy,True,,0.5990907747919433,0.22961918816554794,0.1318574845790863,0.12486036866903305,0.016954800114035606,0.018687665462493896,0.02564169093966484,0.0323689803481102,0.03411895036697388,0.002098104218021035,286122.0,59309.0,59309.0,56287.0,1.0,0.9384898851469717,24989,0.99956,targets_v2/train/20250305_045744_mask.png,targets_v2/train/20250305_045744_cavity_depth.npy
train,images/train/20250305_045812.jpg,labels/train/20250305_045812.txt,depths/train/20250305_045812.npy,True,,0.18762853186457362,0.15788346566133615,0.02654501050710678,0.02636071667075157,0.025210710242390633,0.027684688568115234,0.04067342355847359,0.04387752711772919,0.046201884746551514,0.0006612136494368315,281024.0,20286.0,20286.0,20145.0,1.0,0.9880384089466083,25000,1.0,targets_v2/train/20250305_045812_mask.png,targets_v2/train/20250305_045812_cavity_depth.npy
train,images/train/20250305_045853.jpg,labels/train/20250305_045853.txt,depths/train/20250305_045853.npy,True,,0.14226675446512999,0.05265824829154008,0.0074022249318659306,0.007289202883839607,0.013159731402993202,0.014482259750366211,0.01866290532052517,0.0198869276791811,0.020433157682418823,9.53744602156803e-05,267924.0,13266.0,13266.0,13069.0,1.0,0.9790903946273594,25000,1.0,targets_v2/train/20250305_045853_mask.png,targets_v2/train/20250305_045853_cavity_depth.npy
train,images/train/20250305_045928.jpg,labels/train/20250305_045928.txt,depths/train/20250305_045928.npy,True,,0.5343326664732461,0.288140375419373,0.11869002878665924,0.1019420474767685,0.02430875226855278,0.024766266345977783,0.04475661367177963,0.04980331286787987,0.05184221267700195,0.0024803022388368845,285783.0,59967.0,59967.0,51297.0,1.0,0.8596619455938123,25000,1.0,targets_v2/train/20250305_045928_mask.png,targets_v2/train/20250305_045928_cavity_depth.npy
train,images/train/20250305_045931.jpg,labels/train/20250305_045931.txt,depths/train/20250305_045931.npy,True,,0.6417379160417008,0.5053096436858379,0.12012630701065063,0.08145639300346375,0.01480616070330143,0.01573529839515686,0.023732881993055344,0.02643401548266411,0.028502583503723145,0.0011955630034208298,284278.0,68533.0,68533.0,46362.0,1.0,0.6721897450841031,25000,1.0,targets_v2/train/20250305_045931_mask.png,targets_v2/train/20250305_045931_cavity_depth.npy
train,images/train/20250305_045952.jpg,labels/train/20250305_045952.txt,depths/train/20250305_045952.npy,True,,0.17590270847297526,0.11568345411490208,0.01925818808376789,0.019011570140719414,0.02082865498960018,0.024534165859222412,0.027775198221206665,0.031450316309928894,0.03390863537788391,0.000395988899981603,272826.0,27328.0,27376.0,26976.0,0.9982466393921683,0.9872027628693014,25000,1.0,targets_v2/train/20250305_045952_mask.png,targets_v2/train/20250305_045952_cavity_depth.npy
train,images/train/20250305_050031.jpg,labels/train/20250305_050031.txt,depths/train/20250305_050031.npy,True,,0.3163196591030352,0.27020588658250577,0.07190024852752686,0.07131566852331161,0.025126418098807335,0.026795178651809692,0.037003181874752045,0.038935039192438126,0.03988039493560791,0.0017743054777383804,280744.0,49768.0,49768.0,49310.0,1.0,0.9821264779569834,25000,1.0,targets_v2/train/20250305_050031_mask.png,targets_v2/train/20250305_050031_cavity_depth.npy
train,images/train/20250305_050128.jpg,labels/train/20250305_050128.txt,depths/train/20250305_050128.npy,True,,0.5856191914760068,0.23472369598873336,0.08660748600959778,0.07256893068552017,0.020183080807328224,0.021823644638061523,0.03363114595413208,0.03744928166270256,0.039457619190216064,0.001456515397876501,281276.0,66577.0,71565.0,55877.0,0.9303011248515336,0.8332439880968193,25000,1.0,targets_v2/train/20250305_050128_mask.png,targets_v2/train/20250305_050128_cavity_depth.npy
train,images/train/20250305_050151.jpg,labels/train/20250305_050151.txt,depths/train/20250305_050151.npy,True,,0.11089299933306644,0.05592871520003906,0.005548485554754734,0.005144656635820866,0.01856575347483158,0.02176201343536377,0.024061674252152443,0.024807624518871307,0.025641560554504395,9.545283683110029e-05,265419.0,11693.0,11808.0,10847.0,0.9902608401084011,0.9266202800186488,25000,1.0,targets_v2/train/20250305_050151_mask.png,targets_v2/train/20250305_050151_cavity_depth.npy
train,images/train/20250305_050349.jpg,labels/train/20250305_050349.txt,depths/train/20250305_050349.npy,True,,0.3145955425381109,0.2676406057291289,0.08261022716760635,0.08123934268951416,0.036599185317754745,0.04042315483093262,0.05229778215289116,0.05798249691724777,0.060289740562438965,0.002950756810605526,286233.0,36337.0,36337.0,35733.0,1.0,0.9759513821963675,25000,1.0,targets_v2/train/20250305_050349_mask.png,targets_v2/train/20250305_050349_cavity_depth.npy
train,images/train/20250305_050357.jpg,labels/train/20250305_050357.txt,depths/train/20250305_050357.npy,True,,0.15627917892183882,0.10820738038551335,0.015726545825600624,0.014522235840559006,0.02631310373544693,0.029900461435317993,0.037110816687345505,0.03935322165489197,0.04033839702606201,0.0003810263006016612,285084.0,8588.0,8588.0,7928.0,1.0,0.9207665454805771,25000,1.0,targets_v2/train/20250305_050357_mask.png,targets_v2/train/20250305_050357_cavity_depth.npy
train,images/train/20250305_050424.jpg,labels/train/20250305_050424.txt,depths/train/20250305_050424.npy,True,,0.21982133047269894,0.11884759625862107,0.020278476178646088,0.020278476178646088,0.03023044392466545,0.03204244375228882,0.0359526053071022,0.038228463381528854,0.04010891914367676,0.0006127954693511128,277013.0,22943.0,22943.0,22943.0,1.0,0.9996217662229421,24999,0.99996,targets_v2/train/20250305_050424_mask.png,targets_v2/train/20250305_050424_cavity_depth.npy
train,images/train/20250305_050527.jpg,labels/train/20250305_050527.txt,depths/train/20250305_050527.npy,True,,0.8664582141879791,0.27597969720345616,0.25133028626441956,0.2508816123008728,0.04476558789610863,0.04156994819641113,0.07867300510406494,0.08487816900014877,0.08726537227630615,0.010810746811330318,289543.0,56990.0,56990.0,56911.0,1.0,0.9608743006737871,24998,0.99992,targets_v2/train/20250305_050527_mask.png,targets_v2/train/20250305_050527_cavity_depth.npy
train,images/train/20250305_050811.jpg,labels/train/20250305_050811.txt,depths/train/20250305_050811.npy,True,,0.7315734347539589,0.3028768805366058,0.2360968440771103,0.23393632471561432,0.04679252207279205,0.05091413855552673,0.07670384645462036,0.0808793306350708,0.08277374505996704,0.010697893798351288,287564.0,83788.0,83788.0,83076.0,1.0,0.9683484158855907,25000,1.0,targets_v2/train/20250305_050811_mask.png,targets_v2/train/20250305_050811_cavity_depth.npy
train,images/train/20250305_050817.jpg,labels/train/20250305_050817.txt,depths/train/20250305_050817.npy,True,,0.6588481732308348,0.3257609780323524,0.20753854513168335,0.20592869818210602,0.048336517065763474,0.05289816856384277,0.06958552449941635,0.07273972034454346,0.07496011257171631,0.009805201552808285,288856.0,60405.0,60405.0,59990.0,1.0,0.9774226609796279,24978,0.99912,targets_v2/train/20250305_050817_mask.png,targets_v2/train/20250305_050817_cavity_depth.npy
train,images/train/20250305_050841.jpg,labels/train/20250305_050841.txt,depths/train/20250305_050841.npy,True,,0.5678036822927479,0.3304943105590459,0.18397095799446106,0.15440383553504944,0.020823588594794273,0.020682156085968018,0.03254672512412071,0.039001960307359695,0.0421871542930603,0.0031680017709732056,288594.0,52472.0,52472.0,45393.0,1.0,0.8269525121709198,25000,1.0,targets_v2/train/20250305_050841_mask.png,targets_v2/train/20250305_050841_cavity_depth.npy
train,images/train/20250305_051101.jpg,labels/train/20250305_051101.txt,depths/train/20250305_051101.npy,True,,0.1501708484918282,0.0907633198714125,0.01180674135684967,0.011625582352280617,0.0225596334785223,0.023193538188934326,0.03700276464223862,0.038409486413002014,0.040197283029556274,0.00026051970780827105,262546.0,27198.0,27343.0,26807.0,0.9946969974033574,0.9780892674111653,24202,0.96808,targets_v2/train/20250305_051101_mask.png,targets_v2/train/20250305_051101_cavity_depth.npy
train,images/train/20250305_052012.jpg,labels/train/20250305_052012.txt,depths/train/20250305_052012.npy,True,,0.8977312764006976,0.5795666566999833,0.49768027663230896,0.48083776235580444,0.037459246814250946,0.04018867015838623,0.052747249603271484,0.0580335296690464,0.06197333335876465,0.017912331968545914,291910.0,75532.0,75532.0,73321.0,1.0,0.9608213810773508,24940,0.9976,targets_v2/train/20250305_052012_mask.png,targets_v2/train/20250305_052012_cavity_depth.npy
train,images/train/20250305_052031.jpg,labels/train/20250305_052031.txt,depths/train/20250305_052031.npy,True,,0.4580768998485411,0.3939657074274171,0.171687513589859,0.171687513589859,0.039232250303030014,0.04074752330780029,0.049269258975982666,0.05271811783313751,0.056410908699035645,0.006676491349935532,292494.0,34456.0,34456.0,34456.0,1.0,0.9912115642145485,23039,0.92156,targets_v2/train/20250305_052031_mask.png,targets_v2/train/20250305_052031_cavity_depth.npy
train,images/train/20250305_052046.jpg,labels/train/20250305_052046.txt,depths/train/20250305_052046.npy,True,,0.3775465468546305,0.36341314775030437,0.13109590113162994,0.13109590113162994,0.03387714549899101,0.035872697830200195,0.04900502413511276,0.0542943999171257,0.05811786651611328,0.004353868775069714,286229.0,51342.0,51342.0,51342.0,1.0,0.9803460713440615,24830,0.9932,targets_v2/train/20250305_052046_mask.png,targets_v2/train/20250305_052046_cavity_depth.npy
train,images/train/20250305_052209.jpg,labels/train/20250305_052209.txt,depths/train/20250305_052209.npy,True,,0.6844924956151833,0.3607386220922586,0.23713728785514832,0.2349027693271637,0.024285295978188515,0.024382293224334717,0.038501083850860596,0.04462404176592827,0.04829072952270508,0.0056765880435705185,289318.0,60739.0,60739.0,60156.0,1.0,0.9856985751624053,25000,1.0,targets_v2/train/20250305_052209_mask.png,targets_v2/train/20250305_052209_cavity_depth.npy
train,images/train/20250305_052348.jpg,labels/train/20250305_052348.txt,depths/train/20250305_052348.npy,True,,0.2277053310686084,0.13977620948937092,0.02868177555501461,0.02868177555501461,0.015607495792210102,0.016830742359161377,0.021193906664848328,0.023046746850013733,0.023604929447174072,0.0004465973761398345,280061.0,24583.0,24583.0,24583.0,1.0,0.9976470154773135,25000,1.0,targets_v2/train/20250305_052348_mask.png,targets_v2/train/20250305_052348_cavity_depth.npy
train,images/train/20250305_052412.jpg,labels/train/20250305_052412.txt,depths/train/20250305_052412.npy,True,,0.41432183496962893,0.3041186848445626,0.11955258250236511,0.1091756671667099,0.02546713501214981,0.0273362398147583,0.03787332773208618,0.04172946512699127,0.044110655784606934,0.0027698203921318054,287323.0,51531.0,51531.0,47339.0,1.0,0.9097300819583646,25000,1.0,targets_v2/train/20250305_052412_mask.png,targets_v2/train/20250305_052412_cavity_depth.npy
train,images/train/20250305_052417.jpg,labels/train/20250305_052417.txt,depths/train/20250305_052417.npy,True,,0.7128556672987005,0.22451443257340492,0.1371462345123291,0.10933128744363785,0.02494853548705578,0.027535229921340942,0.03798004984855652,0.03997814655303955,0.04158484935760498,0.002715837210416794,288277.0,50648.0,53627.0,40402.0,0.944449624256438,0.7937336442243872,25000,1.0,targets_v2/train/20250305_052417_mask.png,targets_v2/train/20250305_052417_cavity_depth.npy
train,images/train/20250305_052425.jpg,labels/train/20250305_052425.txt,depths/train/20250305_052425.npy,True,,0.5136043371083094,0.2702381800250132,0.12765493988990784,0.125497967004776,0.022997770458459854,0.023811936378479004,0.03573936969041824,0.04114396870136261,0.04334133863449097,0.0028565721586346626,287601.0,48880.0,48880.0,47987.0,1.0,0.9730201603410302,25000,1.0,targets_v2/train/20250305_052425_mask.png,targets_v2/train/20250305_052425_cavity_depth.npy
train,images/train/20250305_052434.jpg,labels/train/20250305_052434.txt,depths/train/20250305_052434.npy,True,,0.5122726739099723,0.26666490653135067,0.13568013906478882,0.13448172807693481,0.027017472311854362,0.028872430324554443,0.04197767376899719,0.045146867632865906,0.04665708541870117,0.003590748179703951,286118.0,63714.0,63714.0,63206.0,1.0,0.9795440114978611,25000,1.0,targets_v2/train/20250305_052434_mask.png,targets_v2/train/20250305_052434_cavity_depth.npy
train,images/train/20250305_052438.jpg,labels/train/20250305_052438.txt,depths/train/20250305_052438.npy,True,,0.2815817082383558,0.24964960299520877,0.06574417650699615,0.06270718574523926,0.020526958629488945,0.021619707345962524,0.029337728396058083,0.03296691179275513,0.0341951847076416,0.001281547942198813,282973.0,45023.0,45023.0,42964.0,1.0,0.9496267957916245,24980,0.9992,targets_v2/train/20250305_052438_mask.png,targets_v2/train/20250305_052438_cavity_depth.npy
train,images/train/20250305_052507.jpg,labels/train/20250305_052507.txt,depths/train/20250305_052507.npy,True,,0.5899569709788124,0.36023378556281505,0.2079872190952301,0.18136097490787506,0.030405275523662567,0.03281611204147339,0.04858358949422836,0.05317915976047516,0.05499690771102905,0.005409892648458481,287968.0,60487.0,60487.0,53449.0,1.0,0.8554665956444597,24995,0.9998,targets_v2/train/20250305_052507_mask.png,targets_v2/train/20250305_052507_cavity_depth.npy
train,images/train/20250305_052514.jpg,labels/train/20250305_052514.txt,depths/train/20250305_052514.npy,True,,0.2353489030645947,0.21591971307722624,0.04380188509821892,0.042417094111442566,0.015010199509561062,0.01683884859085083,0.020048964768648148,0.02125542424619198,0.022062718868255615,0.0006351167103275657,282986.0,28607.0,28607.0,27725.0,1.0,0.9659936534044609,25000,1.0,targets_v2/train/20250305_052514_mask.png,targets_v2/train/20250305_052514_cavity_depth.npy
train,images/train/20250305_052530.jpg,labels/train/20250305_052530.txt,depths/train/20250305_052530.npy,True,,0.2880438110843493,0.24242714067730442,0.06454281508922577,0.06151014566421509,0.020935965701937675,0.022210687398910522,0.0298303309828043,0.032268114387989044,0.03370523452758789,0.001283392310142517,281956.0,46208.0,46208.0,44098.0,1.0,0.9497701824186884,24980,0.9992,targets_v2/train/20250305_052530_mask.png,targets_v2/train/20250305_052530_cavity_depth.npy
train,images/train/20250305_052544.jpg,labels/train/20250305_052544.txt,depths/train/20250305_052544.npy,True,,0.7315639399596712,0.49309989314372576,0.36208900809288025,0.36208900809288025,0.04049410670995712,0.042355120182037354,0.05827828496694565,0.061873793601989746,0.06506013870239258,0.01441981177777052,290932.0,72704.0,72704.0,72704.0,1.0,0.9834503232390426,24952,0.99808,targets_v2/train/20250305_052544_mask.png,targets_v2/train/20250305_052544_cavity_depth.npy
train,images/train/20250305_052623.jpg,labels/train/20250305_052623.txt,depths/train/20250305_052623.npy,True,,0.4497872764728339,0.388137539498613,0.16878053545951843,0.16744448244571686,0.027996746823191643,0.029653489589691162,0.040966976433992386,0.044122885912656784,0.04596513509750366,0.0046594152227044106,288596.0,58968.0,58968.0,58527.0,1.0,0.9860557817092098,25000,1.0,targets_v2/train/20250305_052623_mask.png,targets_v2/train/20250305_052623_cavity_depth.npy
train,images/train/20250305_052703.jpg,labels/train/20250305_052703.txt,depths/train/20250305_052703.npy,True,,0.5651744061025236,0.5001451137533672,0.26974308490753174,0.2696181833744049,0.03983272984623909,0.041760802268981934,0.062291499227285385,0.0692753940820694,0.07207953929901123,0.010500147938728333,289968.0,66836.0,66836.0,66807.0,1.0,0.9772485330054689,25000,1.0,targets_v2/train/20250305_052703_mask.png,targets_v2/train/20250305_052703_cavity_depth.npy
train,images/train/20250305_052726.jpg,labels/train/20250305_052726.txt,depths/train/20250305_052726.npy,True,,1.2351525216512198,0.8936312275028224,0.9324249625205994,0.871890127658844,0.04772423207759857,0.05048191547393799,0.06794083118438721,0.07730506360530853,0.08408844470977783,0.04042822867631912,290094.0,70681.0,70681.0,67071.0,1.0,0.9085145203647743,20257,0.81028,targets_v2/train/20250305_052726_mask.png,targets_v2/train/20250305_052726_cavity_depth.npy
train,images/train/20250305_052830.jpg,labels/train/20250305_052830.txt,depths/train/20250305_052830.npy,True,,0.4174447239522384,0.41202164445621625,0.16735213994979858,0.1642608344554901,0.03501994162797928,0.03647911548614502,0.052994418889284134,0.05780255049467087,0.059173405170440674,0.005678534507751465,287744.0,61401.0,61401.0,60445.0,1.0,0.9689237053336961,24747,0.98988,targets_v2/train/20250305_052830_mask.png,targets_v2/train/20250305_052830_cavity_depth.npy
train,images/train/20250305_052837.jpg,labels/train/20250305_052837.txt,depths/train/20250305_052837.npy,True,,0.6511703048224227,0.47241118403042065,0.3073749840259552,0.3073437809944153,0.0492209754884243,0.05177414417266846,0.07443715631961823,0.0816565454006195,0.08725786209106445,0.014764111489057541,290510.0,64099.0,64099.0,64093.0,1.0,0.9758623896277399,24019,0.96076,targets_v2/train/20250305_052837_mask.png,targets_v2/train/20250305_052837_cavity_depth.npy
train,images/train/20250305_052911.jpg,labels/train/20250305_052911.txt,depths/train/20250305_052911.npy,True,,0.38168360132741913,0.3575914901752385,0.13908161222934723,0.13908161222934723,0.03325071930885315,0.03261411190032959,0.048833250999450684,0.05440126731991768,0.057312846183776855,0.0046151019632816315,287267.0,46591.0,46591.0,46591.0,1.0,0.9979540370299232,24749,0.98996,targets_v2/train/20250305_052911_mask.png,targets_v2/train/20250305_052911_cavity_depth.npy
train,images/train/20250305_052959.jpg,labels/train/20250305_052959.txt,depths/train/20250305_052959.npy,True,,0.6939402051916885,0.5096985480052347,0.336948961019516,0.3256126046180725,0.02840493433177471,0.02861487865447998,0.047417495399713516,0.05149185657501221,0.05472230911254883,0.00902161281555891,290571.0,76151.0,76151.0,73728.0,1.0,0.9425974775091075,25000,1.0,targets_v2/train/20250305_052959_mask.png,targets_v2/train/20250305_052959_cavity_depth.npy
train,images/train/20250305_053002.jpg,labels/train/20250305_053002.txt,depths/train/20250305_053002.npy,True,,1.0645225265930196,0.4370596429688245,0.48639002442359924,0.4417093098163605,0.03959100320935249,0.04246038198471069,0.06309609115123749,0.07101989537477493,0.0743476152420044,0.017176002264022827,291299.0,86563.0,86563.0,79220.0,1.0,0.8919508481976163,24966,0.99864,targets_v2/train/20250305_053002_mask.png,targets_v2/train/20250305_053002_cavity_depth.npy
train,images/train/20250305_053008.jpg,labels/train/20250305_053008.txt,depths/train/20250305_053008.npy,True,,1.2183005358083725,0.6552428140053788,0.7906932830810547,0.762824296951294,0.03606315702199936,0.0404510498046875,0.05200206860899925,0.05745247006416321,0.06200134754180908,0.026885993778705597,292402.0,124592.0,124804.0,121069.0,0.9983013364956251,0.9428753924294124,25000,1.0,targets_v2/train/20250305_053008_mask.png,targets_v2/train/20250305_053008_cavity_depth.npy
train,images/train/20250305_053034.jpg,labels/train/20250305_053034.txt,depths/train/20250305_053034.npy,True,,1.1713122672762175,0.47734404664705427,0.5435686707496643,0.5229615569114685,0.03810616210103035,0.04084467887878418,0.05955369397997856,0.06827878952026367,0.07138621807098389,0.019280627369880676,292352.0,79402.0,79402.0,76753.0,1.0,0.9308324886751947,25000,1.0,targets_v2/train/20250305_053034_mask.png,targets_v2/train/20250305_053034_cavity_depth.npy
train,images/train/20250305_053041.jpg,labels/train/20250305_053041.txt,depths/train/20250305_053041.npy,True,,0.4663547577204604,0.3651988001196478,0.16879665851593018,0.1683613806962967,0.030109209939837456,0.030550062656402588,0.0485139936208725,0.05331078916788101,0.0551602840423584,0.0050232065841555595,287864.0,55982.0,55982.0,55848.0,1.0,0.9883660845758582,24686,0.98744,targets_v2/train/20250305_053041_mask.png,targets_v2/train/20250305_053041_cavity_depth.npy
train,images/train/20250305_053058.jpg,labels/train/20250305_053058.txt,depths/train/20250305_053058.npy,True,,0.9119725776577358,0.43418364302649237,0.3841116428375244,0.3235071301460266,0.026756521314382553,0.023030221462249756,0.053764522075653076,0.05876356363296509,0.06235402822494507,0.008527945727109909,288650.0,121815.0,121815.0,102481.0,1.0,0.8297691945908177,25000,1.0,targets_v2/train/20250305_053058_mask.png,targets_v2/train/20250305_053058_cavity_depth.npy
train,images/train/20250305_053112.jpg,labels/train/20250305_053112.txt,depths/train/20250305_053112.npy,True,,0.5936980529364346,0.3836924960947712,0.21289017796516418,0.2125588059425354,0.030277026817202568,0.033245086669921875,0.04312096908688545,0.04700881242752075,0.050809502601623535,0.006336428690701723,288827.0,58533.0,58533.0,58452.0,1.0,0.9830502120668418,24999,0.99996,targets_v2/train/20250305_053112_mask.png,targets_v2/train/20250305_053112_cavity_depth.npy
train,images/train/20250305_053221.jpg,labels/train/20250305_053221.txt,depths/train/20250305_053221.npy,True,,0.32036440274273287,0.2541596937780429,0.07719935476779938,0.07555990666151047,0.023201849311590195,0.02480989694595337,0.03337149694561958,0.03537096083164215,0.036404311656951904,0.0017317136516794562,283142.0,45112.0,45112.0,44253.0,1.0,0.9668070491672092,25000,1.0,targets_v2/train/20250305_053221_mask.png,targets_v2/train/20250305_053221_cavity_depth.npy
train,images/train/20250305_053230.jpg,labels/train/20250305_053230.txt,depths/train/20250305_053230.npy,True,,0.6434329311799903,0.577086789980567,0.35253167152404785,0.35253167152404785,0.03971249610185623,0.040896713733673096,0.05906303972005844,0.06528706103563309,0.0702141523361206,0.013687696307897568,291912.0,59468.0,59468.0,59468.0,1.0,0.9776986948770882,24913,0.99652,targets_v2/train/20250305_053230_mask.png,targets_v2/train/20250305_053230_cavity_depth.npy
train,images/train/20250305_053246.jpg,labels/train/20250305_053246.txt,depths/train/20250305_053246.npy,True,,0.2740573786549294,0.20429971959006873,0.05284553021192551,0.05283036828041077,0.018439829349517822,0.018743544816970825,0.027411263436079025,0.029681427404284477,0.030466914176940918,0.0009709605947136879,283687.0,30839.0,30839.0,30830.0,1.0,0.9964062608186539,25000,1.0,targets_v2/train/20250305_053246_mask.png,targets_v2/train/20250305_053246_cavity_depth.npy
train,images/train/20250305_053324.jpg,labels/train/20250305_053324.txt,depths/train/20250305_053324.npy,True,,0.6459835233826035,0.48164202377191834,0.31003326177597046,0.3008173704147339,0.04672795161604881,0.049497365951538086,0.07338875532150269,0.07929223775863647,0.08236253261566162,0.01371961459517479,288043.0,97328.0,97328.0,94638.0,1.0,0.9470150449914623,25000,1.0,targets_v2/train/20250305_053324_mask.png,targets_v2/train/20250305_053324_cavity_depth.npy
train,images/train/20250305_053332.jpg,labels/train/20250305_053332.txt,depths/train/20250305_053332.npy,True,,0.3773933084524853,0.33899680992277825,0.12494818866252899,0.11696638911962509,0.025048254057765007,0.027508288621902466,0.03638259321451187,0.03957047313451767,0.04114741086959839,0.0028991722501814365,284688.0,61508.0,61508.0,57962.0,1.0,0.9263318462737278,25000,1.0,targets_v2/train/20250305_053332_mask.png,targets_v2/train/20250305_053332_cavity_depth.npy
train,images/train/20250305_053447.jpg,labels/train/20250305_053447.txt,depths/train/20250305_053447.npy,True,,0.43093863970337093,0.33884393837795507,0.13845084607601166,0.13842380046844482,0.020015373826026917,0.0190030038356781,0.03393141180276871,0.03839188814163208,0.040920794010162354,0.00276357214897871,288093.0,44490.0,44490.0,44482.0,1.0,0.9972670897560867,25000,1.0,targets_v2/train/20250305_053447_mask.png,targets_v2/train/20250305_053447_cavity_depth.npy
train,images/train/20250305_053503.jpg,labels/train/20250305_053503.txt,depths/train/20250305_053503.npy,True,,0.7826416107323575,0.45255518320509625,0.36235007643699646,0.3538265824317932,0.03633716329932213,0.03683459758758545,0.06220216676592827,0.07142218202352524,0.07661020755767822,0.012735017575323582,290191.0,85884.0,85884.0,84063.0,1.0,0.9672086475395633,25000,1.0,targets_v2/train/20250305_053503_mask.png,targets_v2/train/20250305_053503_cavity_depth.npy
train,images/train/20250305_053526.jpg,labels/train/20250305_053526.txt,depths/train/20250305_053526.npy,True,,0.9069127884155741,0.509190821176052,0.4574321210384369,0.457186758518219,0.052406664937734604,0.054923176765441895,0.08276832103729248,0.09302573651075363,0.09757053852081299,0.02342168428003788,292157.0,69475.0,69475.0,69439.0,1.0,0.9770233473724402,24995,0.9998,targets_v2/train/20250305_053526_mask.png,targets_v2/train/20250305_053526_cavity_depth.npy
train,images/train/20250305_053543.jpg,labels/train/20250305_053543.txt,depths/train/20250305_053543.npy,True,,0.5450413504385508,0.4273617009978682,0.23056718707084656,0.2222488522529602,0.030514085665345192,0.029633522033691406,0.05008010193705559,0.059646062552928925,0.06277585029602051,0.006715773604810238,289530.0,56875.0,56875.0,55083.0,1.0,0.954548907465487,25000,1.0,targets_v2/train/20250305_053543_mask.png,targets_v2/train/20250305_053543_cavity_depth.npy
train,images/train/20250305_053551.jpg,labels/train/20250305_053551.txt,depths/train/20250305_053551.npy,True,,0.33158183278096187,0.31799916373960174,0.10124664008617401,0.10105566680431366,0.024306321516633034,0.025909751653671265,0.03566582500934601,0.04114139452576637,0.04367470741271973,0.002436827402561903,284894.0,48296.0,48296.0,48214.0,1.0,0.9902045362200552,25000,1.0,targets_v2/train/20250305_053551_mask.png,targets_v2/train/20250305_053551_cavity_depth.npy
train,images/train/20250305_053555.jpg,labels/train/20250305_053555.txt,depths/train/20250305_053555.npy,True,,0.5406911806362603,0.4201990256041196,0.1931573450565338,0.19315028190612793,0.04914149269461632,0.05197024345397949,0.06622115522623062,0.06943722814321518,0.07154303789138794,0.009424748830497265,287747.0,64199.0,64199.0,64197.0,1.0,0.9929107516761907,22346,0.89384,targets_v2/train/20250305_053555_mask.png,targets_v2/train/20250305_053555_cavity_depth.npy
train,images/train/20250305_053624.jpg,labels/train/20250305_053624.txt,depths/train/20250305_053624.npy,True,,0.5477744669859161,0.24745830929231777,0.12187110632658005,0.1204119548201561,0.017123021185398102,0.01767975091934204,0.027322780340909958,0.03201982378959656,0.03428548574447632,0.0020409997086972,288040.0,39387.0,39387.0,38939.0,1.0,0.9780516613385724,25000,1.0,targets_v2/train/20250305_053624_mask.png,targets_v2/train/20250305_053624_cavity_depth.npy
train,images/train/20250305_053636.jpg,labels/train/20250305_053636.txt,depths/train/20250305_053636.npy,True,,0.3591186535218051,0.2421268410371878,0.08307116478681564,0.0826764851808548,0.021084293723106384,0.022472500801086426,0.03190654516220093,0.03430826589465141,0.03621721267700195,0.0017151128267869353,287415.0,31138.0,31138.0,30995.0,1.0,0.9792269042663718,25000,1.0,targets_v2/train/20250305_053636_mask.png,targets_v2/train/20250305_053636_cavity_depth.npy
train,images/train/20250305_053651.jpg,labels/train/20250305_053651.txt,depths/train/20250305_053651.npy,True,,0.48591927922674516,0.3235129171753969,0.13494841754436493,0.131211519241333,0.021005593240261078,0.02133011817932129,0.03384392708539963,0.03860349953174591,0.040522992610931396,0.0027223858051002026,286046.0,57108.0,57108.0,55644.0,1.0,0.9603884402176237,25000,1.0,targets_v2/train/20250305_053651_mask.png,targets_v2/train/20250305_053651_cavity_depth.npy
train,images/train/20250305_053657.jpg,labels/train/20250305_053657.txt,depths/train/20250305_053657.npy,True,,1.0348345413393456,0.654429249034781,0.670923113822937,0.6643439531326294,0.05959497019648552,0.06355959177017212,0.092502161860466,0.10143044590950012,0.10835850238800049,0.03763184696435928,292199.0,87674.0,87674.0,86840.0,1.0,0.9411810472178672,23317,0.93268,targets_v2/train/20250305_053657_mask.png,targets_v2/train/20250305_053657_cavity_depth.npy
train,images/train/20250305_053709.jpg,labels/train/20250305_053709.txt,depths/train/20250305_053709.npy,True,,0.42064157809468994,0.30028863887370616,0.12845009565353394,0.12017837911844254,0.027957865968346596,0.030477464199066162,0.04090382903814316,0.04376939684152603,0.04621529579162598,0.00332706980407238,288079.0,40564.0,40564.0,38270.0,1.0,0.926453149847703,25000,1.0,targets_v2/train/20250305_053709_mask.png,targets_v2/train/20250305_053709_cavity_depth.npy
train,images/train/20250305_053732.jpg,labels/train/20250305_053732.txt,depths/train/20250305_053732.npy,True,,0.5638516112707941,0.4148272157970643,0.22492298483848572,0.2246919572353363,0.032764334231615067,0.034452736377716064,0.04840073361992836,0.051731593906879425,0.054170191287994385,0.0071064140647649765,287420.0,76580.0,76580.0,76507.0,1.0,0.9643070078817582,25000,1.0,targets_v2/train/20250305_053732_mask.png,targets_v2/train/20250305_053732_cavity_depth.npy
train,images/train/20250305_053753.jpg,labels/train/20250305_053753.txt,depths/train/20250305_053753.npy,True,,0.6510121228540771,0.4855638490968418,0.31905633211135864,0.3182484209537506,0.04665260389447212,0.048627376556396484,0.071205735206604,0.07792939245700836,0.08088308572769165,0.01426348090171814,288923.0,66784.0,66784.0,66646.0,1.0,0.958257590435342,24992,0.99968,targets_v2/train/20250305_053753_mask.png,targets_v2/train/20250305_053753_cavity_depth.npy
train,images/train/20250305_053803.jpg,labels/train/20250305_053803.txt,depths/train/20250305_053803.npy,True,,0.40041669412973235,0.13196333073295102,0.05648642033338547,0.053088583052158356,0.015712343156337738,0.017234057188034058,0.02214345708489418,0.0240467581897974,0.025617539882659912,0.0008170026121661067,282889.0,26810.0,26810.0,25408.0,1.0,0.920531037459217,25000,1.0,targets_v2/train/20250305_053803_mask.png,targets_v2/train/20250305_053803_cavity_depth.npy
train,images/train/20250305_053910.jpg,labels/train/20250305_053910.txt,depths/train/20250305_053910.npy,True,,0.4437417390874827,0.237633102773391,0.096768818795681,0.09529310464859009,0.023119516670703888,0.025716632604599,0.03426579385995865,0.03829672560095787,0.04009068012237549,0.002182538155466318,286923.0,38409.0,38409.0,37862.0,1.0,0.9755457794239749,25000,1.0,targets_v2/train/20250305_053910_mask.png,targets_v2/train/20250305_053910_cavity_depth.npy
train,images/train/20250305_053919.jpg,labels/train/20250305_053919.txt,depths/train/20250305_053919.npy,True,,0.5778495476828656,0.5349891010203067,0.2993948459625244,0.297157347202301,0.035507429391145706,0.037226080894470215,0.05150716006755829,0.060343265533447266,0.06326830387115479,0.010247014462947845,288209.0,83197.0,83197.0,82663.0,1.0,0.9639040328990793,25000,1.0,targets_v2/train/20250305_053919_mask.png,targets_v2/train/20250305_053919_cavity_depth.npy
train,images/train/20250305_053937.jpg,labels/train/20250305_053937.txt,depths/train/20250305_053937.npy,True,,0.28578241216944184,0.25225611487412786,0.06612268090248108,0.052782654762268066,0.01779242977499962,0.018574297428131104,0.025524407625198364,0.02783241868019104,0.02893805503845215,0.0009195571765303612,286620.0,18256.0,18256.0,15026.0,1.0,0.781615250040797,25000,1.0,targets_v2/train/20250305_053937_mask.png,targets_v2/train/20250305_053937_cavity_depth.npy
train,images/train/20250305_054000.jpg,labels/train/20250305_054000.txt,depths/train/20250305_054000.npy,True,,0.5189038489614722,0.3478783103784145,0.17687609791755676,0.16459117829799652,0.02880619652569294,0.030178427696228027,0.04488716274499893,0.05061246454715729,0.054024577140808105,0.004634376615285873,283805.0,73305.0,73305.0,69173.0,1.0,0.9095702689269324,25000,1.0,targets_v2/train/20250305_054000_mask.png,targets_v2/train/20250305_054000_cavity_depth.npy
train,images/train/20250305_054019.jpg,labels/train/20250305_054019.txt,depths/train/20250305_054019.npy,True,,0.5061082743836669,0.3553178244621924,0.17286784946918488,0.15951089560985565,0.025461627170443535,0.02725505828857422,0.03976551443338394,0.044032201170921326,0.04734981060028076,0.0039474572986364365,287893.0,50338.0,50338.0,47124.0,1.0,0.8968443095944434,25000,1.0,targets_v2/train/20250305_054019_mask.png,targets_v2/train/20250305_054019_cavity_depth.npy
train,images/train/20250305_054030.jpg,labels/train/20250305_054030.txt,depths/train/20250305_054030.npy,True,,0.3469707798928554,0.2576236994823705,0.08788059651851654,0.08601829409599304,0.02141106128692627,0.02343517541885376,0.03098604641854763,0.03296959027647972,0.0339016318321228,0.001799778314307332,278863.0,55749.0,55749.0,54877.0,1.0,0.9565062758634192,25000,1.0,targets_v2/train/20250305_054030_mask.png,targets_v2/train/20250305_054030_cavity_depth.npy
train,images/train/20250305_054104.jpg,labels/train/20250305_054104.txt,depths/train/20250305_054104.npy,True,,0.22710532224654165,0.1698952840750751,0.04061707481741905,0.03875026851892471,0.015964172780513763,0.01817670464515686,0.02255875989794731,0.023841271176934242,0.024540722370147705,0.0005957918474450707,277239.0,24004.0,24004.0,23114.0,1.0,0.9188391550495907,25000,1.0,targets_v2/train/20250305_054104_mask.png,targets_v2/train/20250305_054104_cavity_depth.npy
train,images/train/20250305_054116.jpg,labels/train/20250305_054116.txt,depths/train/20250305_054116.npy,True,,0.355592833258528,0.3141300175523463,0.10803396254777908,0.10564754903316498,0.02147967554628849,0.021852076053619385,0.03426563739776611,0.03742905706167221,0.03908818960189819,0.0022442685440182686,280244.0,77240.0,77240.0,75706.0,1.0,0.967134330178111,25000,1.0,targets_v2/train/20250305_054116_mask.png,targets_v2/train/20250305_054116_cavity_depth.npy
train,images/train/20250305_054140.jpg,labels/train/20250305_054140.txt,depths/train/20250305_054140.npy,True,,0.7011160150775484,0.5762352108787587,0.3713497519493103,0.3709772527217865,0.03608265146613121,0.03766965866088867,0.05489075183868408,0.06409367173910141,0.06943941116333008,0.013104492798447609,289445.0,78692.0,78692.0,78631.0,1.0,0.9779995050184674,25000,1.0,targets_v2/train/20250305_054140_mask.png,targets_v2/train/20250305_054140_cavity_depth.npy
train,images/train/20250305_054144.jpg,labels/train/20250305_054144.txt,depths/train/20250305_054144.npy,True,,0.3464613784178241,0.26404997100426514,0.0904453843832016,0.0904453843832016,0.03149603307247162,0.03365328907966614,0.04121651127934456,0.04301883280277252,0.04429733753204346,0.0027773184701800346,279950.0,55378.0,55378.0,55378.0,1.0,0.9749524068698281,25000,1.0,targets_v2/train/20250305_054144_mask.png,targets_v2/train/20250305_054144_cavity_depth.npy
train,images/train/20250305_054159.jpg,labels/train/20250305_054159.txt,depths/train/20250305_054159.npy,True,,0.5312539360131698,0.3526575861590003,0.1881466656923294,0.18015135824680328,0.03825798258185387,0.040851473808288574,0.05496755987405777,0.05882519111037254,0.06265223026275635,0.006714647635817528,286923.0,53479.0,53479.0,52024.0,1.0,0.9328345776571499,24065,0.9626,targets_v2/train/20250305_054159_mask.png,targets_v2/train/20250305_054159_cavity_depth.npy
train,images/train/20250305_054214.jpg,labels/train/20250305_054214.txt,depths/train/20250305_054214.npy,True,,0.1853737417962672,0.18176953163348125,0.0329362116754055,0.02791537716984749,0.01182648353278637,0.012357652187347412,0.016099978238344193,0.017162123695015907,0.017902761697769165,0.00032588804606348276,271427.0,39229.0,39229.0,33809.0,1.0,0.83664101969774,25000,1.0,targets_v2/train/20250305_054214_mask.png,targets_v2/train/20250305_054214_cavity_depth.npy
train,images/train/20250305_054221.jpg,labels/train/20250305_054221.txt,depths/train/20250305_054221.npy,True,,0.32495973323871863,0.24888593698743647,0.07371492683887482,0.07280026376247406,0.0226112250238657,0.024245917797088623,0.033345699310302734,0.035594724118709564,0.03744691610336304,0.0016368117649108171,285403.0,36412.0,36412.0,35980.0,1.0,0.9820174545087876,25000,1.0,targets_v2/train/20250305_054221_mask.png,targets_v2/train/20250305_054221_cavity_depth.npy
train,images/train/20250305_054319.jpg,labels/train/20250305_054319.txt,depths/train/20250305_054319.npy,True,,0.48510531260295375,0.3548317108508231,0.15809068083763123,0.15170365571975708,0.029340572655200958,0.028992503881454468,0.0495779886841774,0.053234200924634933,0.055341243743896484,0.0043647075071930885,283776.0,78286.0,78286.0,75330.0,1.0,0.9409797768046686,25000,1.0,targets_v2/train/20250305_054319_mask.png,targets_v2/train/20250305_054319_cavity_depth.npy
train,images/train/20250305_054335.jpg,labels/train/20250305_054335.txt,depths/train/20250305_054335.npy,True,,0.8093114411640565,0.571676567781793,0.4676051139831543,0.43720629811286926,0.05271746218204498,0.05442613363265991,0.084500253200531,0.09124821424484253,0.09637826681137085,0.02265281043946743,288959.0,111474.0,111474.0,104251.0,1.0,0.9189425123627134,24741,0.98964,targets_v2/train/20250305_054335_mask.png,targets_v2/train/20250305_054335_cavity_depth.npy
train,images/train/20250305_054557.jpg,labels/train/20250305_054557.txt,depths/train/20250305_054557.npy,True,,0.6092250947415853,0.5031726661168633,0.3122824430465698,0.31226229667663574,0.033932387828826904,0.0326768159866333,0.054932210594415665,0.062500961124897,0.06640386581420898,0.01045114267617464,289770.0,73101.0,73101.0,73097.0,1.0,0.9862835422343913,24996,0.99984,targets_v2/train/20250305_054557_mask.png,targets_v2/train/20250305_054557_cavity_depth.npy
train,images/train/20250305_054618.jpg,labels/train/20250305_054618.txt,depths/train/20250305_054618.npy,True,,0.5269105635794511,0.4217017410839008,0.1896376758813858,0.1866031289100647,0.03471330925822258,0.036870360374450684,0.0522720068693161,0.059573695063591,0.06193220615386963,0.006369119510054588,289038.0,48736.0,48736.0,48080.0,1.0,0.9675173382863668,25000,1.0,targets_v2/train/20250305_054618_mask.png,targets_v2/train/20250305_054618_cavity_depth.npy
train,images/train/20250305_054625.jpg,labels/train/20250305_054625.txt,depths/train/20250305_054625.npy,True,,0.5649556692292224,0.4227329861607332,0.2345220446586609,0.2332189828157425,0.034985002130270004,0.03725558519363403,0.04924198240041733,0.0540570467710495,0.061075448989868164,0.007997868582606316,290245.0,47502.0,47502.0,47312.0,1.0,0.9747846622186606,24930,0.9972,targets_v2/train/20250305_054625_mask.png,targets_v2/train/20250305_054625_cavity_depth.npy
train,images/train/20250305_054700.jpg,labels/train/20250305_054700.txt,depths/train/20250305_054700.npy,True,,0.7706571872644123,0.6510025845555258,0.4777078628540039,0.4777078628540039,0.05436926707625389,0.052382826805114746,0.08880215883255005,0.09990591555833817,0.1063452959060669,0.0251724012196064,290786.0,67272.0,67272.0,67272.0,1.0,0.9691896711320812,24697,0.98788,targets_v2/train/20250305_054700_mask.png,targets_v2/train/20250305_054700_cavity_depth.npy
train,images/train/20250305_054719.jpg,labels/train/20250305_054719.txt,depths/train/20250305_054719.npy,True,,0.4926902684272101,0.3947436287371996,0.16799914836883545,0.16799914836883545,0.034720104187726974,0.03602766990661621,0.04392850399017334,0.048536404967308044,0.05094289779663086,0.005730694159865379,289534.0,39087.0,39087.0,39087.0,1.0,0.9824696232346489,24083,0.96332,targets_v2/train/20250305_054719_mask.png,targets_v2/train/20250305_054719_cavity_depth.npy
train,images/train/20250305_054753.jpg,labels/train/20250305_054753.txt,depths/train/20250305_054753.npy,True,,0.3233312272549684,0.24524296147368654,0.07238830626010895,0.07093866169452667,0.01734229177236557,0.017645657062530518,0.02745748497545719,0.029860738664865494,0.030750632286071777,0.0012077721767127514,285568.0,30562.0,30562.0,30037.0,1.0,0.9620776303405657,25000,1.0,targets_v2/train/20250305_054753_mask.png,targets_v2/train/20250305_054753_cavity_depth.npy
train,images/train/20250305_054809.jpg,labels/train/20250305_054809.txt,depths/train/20250305_054809.npy,True,,0.2652997789572926,0.15592715253349404,0.03723502159118652,0.03496477007865906,0.017796741798520088,0.018474698066711426,0.02750837802886963,0.029299437999725342,0.03038102388381958,0.0006197330076247454,279300.0,31123.0,31123.0,29151.0,1.0,0.9352172702264092,25000,1.0,targets_v2/train/20250305_054809_mask.png,targets_v2/train/20250305_054809_cavity_depth.npy
train,images/train/20250305_054850.jpg,labels/train/20250305_054850.txt,depths/train/20250305_054850.npy,True,,0.5097090132305123,0.27125686018021095,0.14155325293540955,0.1377745419740677,0.03176259621977806,0.033869147300720215,0.04530825465917587,0.05073307454586029,0.05298733711242676,0.004304639063775539,287377.0,42091.0,42091.0,41158.0,1.0,0.9574164713413765,25000,1.0,targets_v2/train/20250305_054850_mask.png,targets_v2/train/20250305_054850_cavity_depth.npy
train,images/train/20250305_054900.jpg,labels/train/20250305_054900.txt,depths/train/20250305_054900.npy,True,,1.2138008449151751,1.0246196641386844,1.1934421062469482,1.162919044494629,0.042469192296266556,0.03759258985519409,0.08405373245477676,0.1051720529794693,0.11193740367889404,0.04768093675374985,294623.0,87245.0,87245.0,84560.0,1.0,0.9407395904244944,23838,0.95352,targets_v2/train/20250305_054900_mask.png,targets_v2/train/20250305_054900_cavity_depth.npy
train,images/train/20250305_054917.jpg,labels/train/20250305_054917.txt,depths/train/20250305_054917.npy,True,,0.2178394633218757,0.14540158558372027,0.03019540198147297,0.025990422815084457,0.012191660702228546,0.013551294803619385,0.01854749396443367,0.019920650869607925,0.020743191242218018,0.0003166381793562323,279696.0,25575.0,25575.0,22080.0,1.0,0.8601210897740361,25000,1.0,targets_v2/train/20250305_054917_mask.png,targets_v2/train/20250305_054917_cavity_depth.npy
train,images/train/20250305_054930.jpg,labels/train/20250305_054930.txt,depths/train/20250305_054930.npy,True,,0.21530516703253305,0.15869936285714029,0.0317344069480896,0.025568485260009766,0.008656970225274563,0.00851374864578247,0.012821674346923828,0.014062550850212574,0.01477813720703125,0.00022065504163037986,279919.0,26079.0,26079.0,21136.0,1.0,0.8031886160793644,25000,1.0,targets_v2/train/20250305_054930_mask.png,targets_v2/train/20250305_054930_cavity_depth.npy
train,images/train/20250305_054953.jpg,labels/train/20250305_054953.txt,depths/train/20250305_054953.npy,True,,0.22831557381079265,0.19773171187108163,0.04226791113615036,0.040196482092142105,0.017952101305127144,0.018559932708740234,0.028301047161221504,0.030884195119142532,0.03196072578430176,0.0007186739821918309,279515.0,37203.0,37203.0,35480.0,1.0,0.9471218297132868,25000,1.0,targets_v2/train/20250305_054953_mask.png,targets_v2/train/20250305_054953_cavity_depth.npy
train,images/train/20250305_054958.jpg,labels/train/20250305_054958.txt,depths/train/20250305_054958.npy,True,,0.5188162990683832,0.35697539853270843,0.1460590362548828,0.14545178413391113,0.030462151393294334,0.028354644775390625,0.051505398005247116,0.0610145628452301,0.06617724895477295,0.004342981614172459,289373.0,37111.0,37111.0,36969.0,1.0,0.9761105076873714,24997,0.99988,targets_v2/train/20250305_054958_mask.png,targets_v2/train/20250305_054958_cavity_depth.npy
train,images/train/20250305_055009.jpg,labels/train/20250305_055009.txt,depths/train/20250305_055009.npy,True,,0.4583097432387533,0.30983064780975456,0.1371096968650818,0.1334252953529358,0.02824365720152855,0.02825227379798889,0.04440423101186752,0.04781125485897064,0.04933220148086548,0.0037350242491811514,285978.0,60195.0,60195.0,58652.0,1.0,0.9645046446371515,25000,1.0,targets_v2/train/20250305_055009_mask.png,targets_v2/train/20250305_055009_cavity_depth.npy
train,images/train/20250305_055020.jpg,labels/train/20250305_055020.txt,depths/train/20250305_055020.npy,True,,0.291077163151744,0.2360238896626509,0.06946025788784027,0.06887879222631454,0.01575457490980625,0.016556143760681152,0.022888969630002975,0.02576281502842903,0.026897013187408447,0.0010784926125779748,281869.0,46182.0,46182.0,45825.0,1.0,0.9855396325380863,25000,1.0,targets_v2/train/20250305_055020_mask.png,targets_v2/train/20250305_055020_cavity_depth.npy
train,images/train/20250305_055112.jpg,labels/train/20250305_055112.txt,depths/train/20250305_055112.npy,True,,0.5745365741021268,0.3366743305378386,0.17972958087921143,0.1567814201116562,0.024256344884634018,0.02416825294494629,0.04060323163866997,0.049027759581804276,0.053290605545043945,0.0037511633709073067,287287.0,50593.0,50593.0,43479.0,1.0,0.8604409250223173,24342,0.97368,targets_v2/train/20250305_055112_mask.png,targets_v2/train/20250305_055112_cavity_depth.npy
train,images/train/20250305_055147.jpg,labels/train/20250305_055147.txt,depths/train/20250305_055147.npy,True,,0.5176406819718629,0.2354591227152455,0.11798889935016632,0.11771483719348907,0.037083592265844345,0.04062819480895996,0.05059049278497696,0.054401326924562454,0.05667769908905029,0.004294373095035553,284080.0,50637.0,50637.0,50545.0,1.0,0.9814695405183873,24994,0.99976,targets_v2/train/20250305_055147_mask.png,targets_v2/train/20250305_055147_cavity_depth.npy
train,images/train/20250305_055152.jpg,labels/train/20250305_055152.txt,depths/train/20250305_055152.npy,True,,0.628077600967303,0.4766127339581908,0.2852691411972046,0.27856242656707764,0.032033927738666534,0.03193086385726929,0.047206997871398926,0.055836308747529984,0.059754133224487305,0.008901624009013176,289867.0,60305.0,60305.0,59132.0,1.0,0.9741016077579066,24887,0.99548,targets_v2/train/20250305_055152_mask.png,targets_v2/train/20250305_055152_cavity_depth.npy
train,images/train/20250305_055210.jpg,labels/train/20250305_055210.txt,depths/train/20250305_055210.npy,True,,0.4973958554003924,0.3240986543074915,0.16000603139400482,0.16000603139400482,0.04380066692829132,0.048089444637298584,0.05964142084121704,0.0633874237537384,0.06613463163375854,0.006927874404937029,287831.0,50771.0,50771.0,50771.0,1.0,0.9885142376223482,24963,0.99852,targets_v2/train/20250305_055210_mask.png,targets_v2/train/20250305_055210_cavity_depth.npy
train,images/train/20250305_055230.jpg,labels/train/20250305_055230.txt,depths/train/20250305_055230.npy,True,,0.3393170944767665,0.25391211901114163,0.08872520923614502,0.08513553440570831,0.028630536049604416,0.0302087664604187,0.04310333728790283,0.04659266397356987,0.04862546920776367,0.0024211870040744543,280091.0,69725.0,69725.0,67211.0,1.0,0.9531293048573539,25000,1.0,targets_v2/train/20250305_055230_mask.png,targets_v2/train/20250305_055230_cavity_depth.npy
train,images/train/20250305_055243.jpg,labels/train/20250305_055243.txt,depths/train/20250305_055243.npy,True,,0.4172277895674753,0.22888373544734578,0.09026701748371124,0.08674614131450653,0.02311459556221962,0.023859024047851562,0.03681650012731552,0.040704064071178436,0.04233318567276001,0.00199179258197546,280140.0,66864.0,66864.0,64352.0,1.0,0.9546160205039553,24957,0.99828,targets_v2/train/20250305_055243_mask.png,targets_v2/train/20250305_055243_cavity_depth.npy
train,images/train/20250305_055325.jpg,labels/train/20250305_055325.txt,depths/train/20250305_055325.npy,True,,0.7514601802496947,0.48648343599488403,0.34784454107284546,0.34784454107284546,0.05420377478003502,0.05432474613189697,0.08567428588867188,0.09515073150396347,0.10139822959899902,0.018657950684428215,290790.0,70179.0,70179.0,70179.0,1.0,0.9895761429811283,24287,0.97148,targets_v2/train/20250305_055325_mask.png,targets_v2/train/20250305_055325_cavity_depth.npy
train,images/train/20250305_055425.jpg,labels/train/20250305_055425.txt,depths/train/20250305_055425.npy,True,,0.3703409513444702,0.3286634016366734,0.11087171733379364,0.10287028551101685,0.03840159252285957,0.042112886905670166,0.055422745645046234,0.06134898588061333,0.06460076570510864,0.0038717761635780334,285283.0,49394.0,49394.0,46305.0,1.0,0.9093691821923315,24995,0.9998,targets_v2/train/20250305_055425_mask.png,targets_v2/train/20250305_055425_cavity_depth.npy
train,images/train/20250305_055452.jpg,labels/train/20250305_055452.txt,depths/train/20250305_055452.npy,True,,1.04760730850078,0.6816172177299699,0.598986029624939,0.5740277767181396,0.0567762590944767,0.05225569009780884,0.10361944139003754,0.11909852921962738,0.13362228870391846,0.032300740480422974,295124.0,69227.0,69227.0,65980.0,1.0,0.9497931018451231,24692,0.98768,targets_v2/train/20250305_055452_mask.png,targets_v2/train/20250305_055452_cavity_depth.npy
train,images/train/20250305_055524.jpg,labels/train/20250305_055524.txt,depths/train/20250305_055524.npy,True,,0.17327652167511265,0.09050305183227483,0.015176353976130486,0.012907982803881168,0.016491573303937912,0.01744404435157776,0.024494575336575508,0.026780029758810997,0.027664244174957275,0.00021162691700737923,257353.0,43662.0,43670.0,37387.0,0.9998168078772612,0.8455540383725245,25000,1.0,targets_v2/train/20250305_055524_mask.png,targets_v2/train/20250305_055524_cavity_depth.npy
train,images/train/20250305_055645.jpg,labels/train/20250305_055645.txt,depths/train/20250305_055645.npy,True,,0.6456410393855752,0.44665908291637874,0.2755323350429535,0.2754586338996887,0.03861484304070473,0.0367429256439209,0.06296944618225098,0.06863120198249817,0.07651865482330322,0.01066003181040287,289695.0,63957.0,63957.0,63941.0,1.0,1.0019167889291833,24989,0.99956,targets_v2/train/20250305_055645_mask.png,targets_v2/train/20250305_055645_cavity_depth.npy
train,images/train/20250305_055711.jpg,labels/train/20250305_055711.txt,depths/train/20250305_055711.npy,True,,1.073177600773362,0.3283830852854448,0.26192325353622437,0.2597043216228485,0.04006678983569145,0.03868675231933594,0.06147248297929764,0.06803080439567566,0.0720597505569458,0.010487365536391735,294677.0,30800.0,30800.0,30643.0,1.0,0.9993274127139677,24972,0.99888,targets_v2/train/20250305_055711_mask.png,targets_v2/train/20250305_055711_cavity_depth.npy
train,images/train/20250305_055718.jpg,labels/train/20250305_055718.txt,depths/train/20250305_055718.npy,True,,0.7079254379879163,0.46661403293322395,0.3007756173610687,0.27151986956596375,0.0329800546169281,0.033537864685058594,0.05433990806341171,0.06353671103715897,0.06775772571563721,0.008862422779202461,290028.0,68098.0,68098.0,63165.0,1.0,0.8934257526101281,24554,0.98216,targets_v2/train/20250305_055718_mask.png,targets_v2/train/20250305_055718_cavity_depth.npy
train,images/train/20250305_055727.jpg,labels/train/20250305_055727.txt,depths/train/20250305_055727.npy,True,,0.9495110747595075,0.5837606622170282,0.5236396789550781,0.5098248720169067,0.039233848452568054,0.035739243030548096,0.06928681582212448,0.08104541897773743,0.08749747276306152,0.018909983336925507,290290.0,95819.0,95819.0,93904.0,1.0,0.9204446717239738,24866,0.99464,targets_v2/train/20250305_055727_mask.png,targets_v2/train/20250305_055727_cavity_depth.npy
train,images/train/20250305_055733.jpg,labels/train/20250305_055733.txt,depths/train/20250305_055733.npy,True,,0.5504309505073599,0.44223502197719844,0.19871121644973755,0.195959210395813,0.03607089817523956,0.03719913959503174,0.05498242378234863,0.061232514679431915,0.06418859958648682,0.006990131922066212,290033.0,44764.0,44764.0,44267.0,1.0,0.9752277118754774,24702,0.98808,targets_v2/train/20250305_055733_mask.png,targets_v2/train/20250305_055733_cavity_depth.npy
train,images/train/20250305_055810.jpg,labels/train/20250305_055810.txt,depths/train/20250305_055810.npy,True,,0.8875388022140378,0.6355039283457307,0.5448863506317139,0.5448863506317139,0.02764902450144291,0.02872633934020996,0.03500525653362274,0.038774482905864716,0.0437626838684082,0.014900216832756996,289873.0,62108.0,62108.0,62108.0,1.0,0.9890240356085824,24597,0.98388,targets_v2/train/20250305_055810_mask.png,targets_v2/train/20250305_055810_cavity_depth.npy
train,images/train/20250305_055906.jpg,labels/train/20250305_055906.txt,depths/train/20250305_055906.npy,True,,0.31887138114106967,0.2315553912568488,0.06674334406852722,0.06493158638477325,0.018371718004345894,0.01830214262008667,0.029461000114679337,0.03210105374455452,0.03432440757751465,0.0011802609078586102,280492.0,51678.0,51678.0,50392.0,1.0,0.962543331836936,25000,1.0,targets_v2/train/20250305_055906_mask.png,targets_v2/train/20250305_055906_cavity_depth.npy
train,images/train/20250305_055944.jpg,labels/train/20250305_055944.txt,depths/train/20250305_055944.npy,True,,0.7284468932471899,0.5231630490486915,0.3583912253379822,0.3583912253379822,0.049927521497011185,0.055077433586120605,0.07334979623556137,0.08028453588485718,0.0842667818069458,0.01710084080696106,292639.0,49132.0,49132.0,49132.0,1.0,0.9556967050743994,22429,0.89716,targets_v2/train/20250305_055944_mask.png,targets_v2/train/20250305_055944_cavity_depth.npy
train,images/train/20250305_055950.jpg,labels/train/20250305_055950.txt,depths/train/20250305_055950.npy,True,,0.38696422338715863,0.2621161991965134,0.1057257205247879,0.10068601369857788,0.02511894516646862,0.0266648530960083,0.03742939233779907,0.04156503081321716,0.04362845420837402,0.0024721601512283087,285471.0,50137.0,50137.0,48031.0,1.0,0.9308818234958266,25000,1.0,targets_v2/train/20250305_055950_mask.png,targets_v2/train/20250305_055950_cavity_depth.npy
train,images/train/20250305_060007.jpg,labels/train/20250305_060007.txt,depths/train/20250305_060007.npy,True,,0.27384541917211236,0.2727402862312023,0.06800003349781036,0.06790792942047119,0.025166820734739304,0.027191579341888428,0.034501299262046814,0.03785382956266403,0.03965872526168823,0.0017103215213865042,285892.0,28580.0,28580.0,28537.0,1.0,0.9994021475409024,25000,1.0,targets_v2/train/20250305_060007_mask.png,targets_v2/train/20250305_060007_cavity_depth.npy
train,images/train/20250305_060013.jpg,labels/train/20250305_060013.txt,depths/train/20250305_060013.npy,True,,0.18733852169745327,0.11766886968930668,0.02032589167356491,0.02026253193616867,0.021286582574248314,0.0240023136138916,0.031154632568359375,0.03299148753285408,0.03397858142852783,0.00042690866393968463,280546.0,14030.0,14030.0,13990.0,1.0,0.9866870272498501,25000,1.0,targets_v2/train/20250305_060013_mask.png,targets_v2/train/20250305_060013_cavity_depth.npy
train,images/train/20250305_060025.jpg,labels/train/20250305_060025.txt,depths/train/20250305_060025.npy,True,,0.6395575063942889,0.6161553465512949,0.38111793994903564,0.3808555006980896,0.03936752676963806,0.043265581130981445,0.05697645992040634,0.0633525624871254,0.08611798286437988,0.014445321634411812,291067.0,59574.0,59574.0,59540.0,1.0,0.9627858355490883,24925,0.997,targets_v2/train/20250305_060025_mask.png,targets_v2/train/20250305_060025_cavity_depth.npy
train,images/train/20250305_060110.jpg,labels/train/20250305_060110.txt,depths/train/20250305_060110.npy,True,,0.6935339696952965,0.4558156162345405,0.3290209174156189,0.32789579033851624,0.0365639254450798,0.03922849893569946,0.04935508966445923,0.054681986570358276,0.058573007583618164,0.011762963607907295,292563.0,48116.0,48116.0,47966.0,1.0,0.9777783788686248,24305,0.9722,targets_v2/train/20250305_060110_mask.png,targets_v2/train/20250305_060110_cavity_depth.npy
train,images/train/20250305_060113.jpg,labels/train/20250305_060113.txt,depths/train/20250305_060113.npy,True,,0.33285438272813034,0.2769946244876704,0.08721921592950821,0.08516154438257217,0.023544836789369583,0.02406764030456543,0.037049371749162674,0.03979923203587532,0.04128938913345337,0.001996590755879879,283046.0,53089.0,53089.0,51968.0,1.0,0.9722572571858812,25000,1.0,targets_v2/train/20250305_060113_mask.png,targets_v2/train/20250305_060113_cavity_depth.npy
train,images/train/20250305_060116.jpg,labels/train/20250305_060116.txt,depths/train/20250305_060116.npy,True,,0.3921309016673065,0.25926628762754445,0.09520623087882996,0.091930091381073,0.019847629591822624,0.02015155553817749,0.03175085783004761,0.034810490906238556,0.03700500726699829,0.0018288029823452234,282259.0,67390.0,67390.0,65135.0,1.0,0.9678162343922253,25000,1.0,targets_v2/train/20250305_060116_mask.png,targets_v2/train/20250305_060116_cavity_depth.npy
train,images/train/20250305_060130.jpg,labels/train/20250305_060130.txt,depths/train/20250305_060130.npy,True,,0.5753118698069234,0.44684337822074527,0.23679347336292267,0.2336452156305313,0.03866218030452728,0.03953051567077637,0.0611078254878521,0.06593883037567139,0.06930208206176758,0.008849097415804863,289430.0,64536.0,64536.0,63738.0,1.0,0.9665913543234125,25000,1.0,targets_v2/train/20250305_060130_mask.png,targets_v2/train/20250305_060130_cavity_depth.npy
train,images/train/20250305_060138.jpg,labels/train/20250305_060138.txt,depths/train/20250305_060138.npy,True,,0.2550791432800307,0.21079057335278267,0.053003016859292984,0.0523693710565567,0.01543151680380106,0.015164613723754883,0.024528682231903076,0.027985811233520508,0.030240774154663086,0.0008044649730436504,284561.0,25378.0,25378.0,25076.0,1.0,0.9835533762325005,25000,1.0,targets_v2/train/20250305_060138_mask.png,targets_v2/train/20250305_060138_cavity_depth.npy
train,images/train/20250305_060155.jpg,labels/train/20250305_060155.txt,depths/train/20250305_060155.npy,True,,0.5544381194622492,0.3440405834197501,0.18393850326538086,0.18393085896968842,0.03867390751838684,0.0399935245513916,0.05638396739959717,0.06007859855890274,0.062219858169555664,0.006944282911717892,287248.0,54923.0,54923.0,54921.0,1.0,0.9761952793622461,24360,0.9744,targets_v2/train/20250305_060155_mask.png,targets_v2/train/20250305_060155_cavity_depth.npy
train,images/train/20250305_060227.jpg,labels/train/20250305_060227.txt,depths/train/20250305_060227.npy,True,,0.41494859881244794,0.3119599481134122,0.1307397037744522,0.13015438616275787,0.03160806745290756,0.0353388786315918,0.046830445528030396,0.04994955658912659,0.05159616470336914,0.0040402826853096485,283972.0,66646.0,66646.0,66376.0,1.0,0.977701569224927,25000,1.0,targets_v2/train/20250305_060227_mask.png,targets_v2/train/20250305_060227_cavity_depth.npy
train,images/train/20250305_060250.jpg,labels/train/20250305_060250.txt,depths/train/20250305_060250.npy,True,,0.6277264843126673,0.3893670363003523,0.24623550474643707,0.24505247175693512,0.03712081536650658,0.040482282638549805,0.0546497106552124,0.0588214173913002,0.06276106834411621,0.008914006873965263,288888.0,64913.0,64913.0,64611.0,1.0,0.9752249047306557,24860,0.9944,targets_v2/train/20250305_060250_mask.png,targets_v2/train/20250305_060250_cavity_depth.npy
train,images/train/20250305_060459.jpg,labels/train/20250305_060459.txt,depths/train/20250305_060459.npy,True,,0.3585910540650359,0.23757078465372067,0.08804352581501007,0.08763819932937622,0.027810631319880486,0.028289794921875,0.04550814628601074,0.04747987538576126,0.04896360635757446,0.0024127489887177944,281644.0,58016.0,58016.0,57757.0,1.0,0.9853802839352116,25000,1.0,targets_v2/train/20250305_060459_mask.png,targets_v2/train/20250305_060459_cavity_depth.npy
train,images/train/20250305_060535.jpg,labels/train/20250305_060535.txt,depths/train/20250305_060535.npy,True,,0.3943623513928358,0.33585410089198997,0.12504127621650696,0.12493827939033508,0.03618156164884567,0.0373610258102417,0.05540646240115166,0.0594463050365448,0.06216716766357422,0.004497142508625984,286101.0,49012.0,49012.0,48977.0,1.0,0.9940218815837165,25000,1.0,targets_v2/train/20250305_060535_mask.png,targets_v2/train/20250305_060535_cavity_depth.npy
train,images/train/20250305_060539.jpg,labels/train/20250305_060539.txt,depths/train/20250305_060539.npy,True,,0.30781942571564447,0.2527680721986544,0.07552316784858704,0.07547134160995483,0.028541838750243187,0.029282867908477783,0.041596315801143646,0.044881515204906464,0.04692411422729492,0.002149689244106412,283648.0,40689.0,40689.0,40664.0,1.0,0.997271796174117,25000,1.0,targets_v2/train/20250305_060539_mask.png,targets_v2/train/20250305_060539_cavity_depth.npy
train,images/train/20250305_060604.jpg,labels/train/20250305_060604.txt,depths/train/20250305_060604.npy,True,,0.6280174761306045,0.24635304086196075,0.10171126574277878,0.10168009996414185,0.019841087982058525,0.018745213747024536,0.03163205459713936,0.03983207046985626,0.04227745532989502,0.002009943826124072,287075.0,34818.0,34818.0,34808.0,1.0,0.9959771575147228,25000,1.0,targets_v2/train/20250305_060604_mask.png,targets_v2/train/20250305_060604_cavity_depth.npy
train,images/train/20250305_060721.jpg,labels/train/20250305_060721.txt,depths/train/20250305_060721.npy,True,,0.639972568811219,0.5092056130616183,0.32088708877563477,0.3181157112121582,0.06499288231134415,0.06827104091644287,0.10090210288763046,0.10820163786411285,0.1123208999633789,0.019680416211485863,291141.0,47094.0,47094.0,46737.0,1.0,0.9436615029289342,21800,0.872,targets_v2/train/20250305_060721_mask.png,targets_v2/train/20250305_060721_cavity_depth.npy
train,images/train/20250305_060729.jpg,labels/train/20250305_060729.txt,depths/train/20250305_060729.npy,True,,1.2854057289252308,0.8172106620284117,1.0605350732803345,1.0532610416412354,0.06299217790365219,0.06300187110900879,0.09955556690692902,0.11834101378917694,0.12766849994659424,0.06546783447265625,292218.0,106704.0,106704.0,106247.0,1.0,0.979977976990032,23965,0.9586,targets_v2/train/20250305_060729_mask.png,targets_v2/train/20250305_060729_cavity_depth.npy
train,images/train/20250305_060928.jpg,labels/train/20250305_060928.txt,depths/train/20250305_060928.npy,True,,0.6952748274365685,0.23884114170281423,0.14688389003276825,0.14688389003276825,0.04127282276749611,0.04555797576904297,0.05715657025575638,0.06305495649576187,0.06611794233322144,0.006049760151654482,287916.0,48422.0,48422.0,48422.0,1.0,0.9979294025953795,24745,0.9898,targets_v2/train/20250305_060928_mask.png,targets_v2/train/20250305_060928_cavity_depth.npy
train,images/train/20250305_060935.jpg,labels/train/20250305_060935.txt,depths/train/20250305_060935.npy,True,,0.47210094977515726,0.236368672970306,0.11392231285572052,0.09987460821866989,0.025383610278367996,0.02679675817489624,0.038465142250061035,0.04160768911242485,0.04324299097061157,0.0024989256635308266,280651.0,77641.0,77641.0,69189.0,1.0,0.8641540157216516,25000,1.0,targets_v2/train/20250305_060935_mask.png,targets_v2/train/20250305_060935_cavity_depth.npy
train,images/train/20250305_061043.jpg,labels/train/20250305_061043.txt,depths/train/20250305_061043.npy,True,,0.49036830372469187,0.2826256172194896,0.09414099901914597,0.07352784276008606,0.020160889253020287,0.01950252056121826,0.035456448793411255,0.04080752655863762,0.04278075695037842,0.001482997089624405,281499.0,66896.0,66896.0,51686.0,1.0,0.7813611466536787,25000,1.0,targets_v2/train/20250305_061043_mask.png,targets_v2/train/20250305_061043_cavity_depth.npy
train,images/train/20250305_061103.jpg,labels/train/20250305_061103.txt,depths/train/20250305_061103.npy,True,,0.48179858606277737,0.4108150386133229,0.1978524923324585,0.1978524923324585,0.04874888435006142,0.04989290237426758,0.0725591704249382,0.08043907582759857,0.08392024040222168,0.00954995397478342,286351.0,74175.0,74175.0,74175.0,1.0,0.9901365037137446,24355,0.9742,targets_v2/train/20250305_061103_mask.png,targets_v2/train/20250305_061103_cavity_depth.npy
train,images/train/20250305_061139.jpg,labels/train/20250305_061139.txt,depths/train/20250305_061139.npy,True,,0.6967958105860816,0.4135158465001223,0.2624507546424866,0.2619073987007141,0.0459693968296051,0.05039185285568237,0.06062342971563339,0.0660644918680191,0.07062005996704102,0.011583318933844566,289799.0,48171.0,48171.0,48100.0,1.0,0.960099808590523,22235,0.8894,targets_v2/train/20250305_061139_mask.png,targets_v2/train/20250305_061139_cavity_depth.npy
train,images/train/20250305_061208.jpg,labels/train/20250305_061208.txt,depths/train/20250305_061208.npy,True,,0.35581670271487575,0.264514382912616,0.08677066117525101,0.08562140166759491,0.02430875413119793,0.026277631521224976,0.031309835612773895,0.03337588533759117,0.035379230976104736,0.0020969868637621403,285388.0,42077.0,42077.0,41518.0,1.0,0.9941687373587919,25000,1.0,targets_v2/train/20250305_061208_mask.png,targets_v2/train/20250305_061208_cavity_depth.npy
train,images/train/20250305_061250.jpg,labels/train/20250305_061250.txt,depths/train/20250305_061250.npy,True,,0.5441630281653478,0.33847977909596927,0.1785448044538498,0.17708058655261993,0.03314497694373131,0.032515645027160645,0.055123746395111084,0.0612543448805809,0.0652914047241211,0.005764414556324482,286256.0,68370.0,68370.0,67894.0,1.0,0.9740702243954987,24365,0.9746,targets_v2/train/20250305_061250_mask.png,targets_v2/train/20250305_061250_cavity_depth.npy
train,images/train/20250305_061303.jpg,labels/train/20250305_061303.txt,depths/train/20250305_061303.npy,True,,0.6016529039134086,0.22921771279280861,0.13453951478004456,0.13453951478004456,0.03163143992424011,0.03453761339187622,0.04338331148028374,0.04756421223282814,0.04947322607040405,0.004190030507743359,288796.0,37604.0,37604.0,37604.0,1.0,0.9845740061810884,24942,0.99768,targets_v2/train/20250305_061303_mask.png,targets_v2/train/20250305_061303_cavity_depth.npy
train,images/train/20250305_061313.jpg,labels/train/20250305_061313.txt,depths/train/20250305_061313.npy,True,,0.5854218769641384,0.4046128025358503,0.2057294249534607,0.20460912585258484,0.03255368396639824,0.0321231484413147,0.0542178750038147,0.059792302548885345,0.062261760234832764,0.006623225286602974,286752.0,79658.0,79658.0,79281.0,1.0,0.9889468978495914,25000,1.0,targets_v2/train/20250305_061313_mask.png,targets_v2/train/20250305_061313_cavity_depth.npy
train,images/train/20250305_061340.jpg,labels/train/20250305_061340.txt,depths/train/20250305_061340.npy,True,,0.613181692008238,0.42962075799006294,0.23454919457435608,0.22345611453056335,0.042990151792764664,0.044384002685546875,0.07021605968475342,0.07456810027360916,0.07672631740570068,0.00955969374626875,286717.0,92016.0,92016.0,87921.0,1.0,0.9480714203774192,24988,0.99952,targets_v2/train/20250305_061340_mask.png,targets_v2/train/20250305_061340_cavity_depth.npy
train,images/train/20250305_061347.jpg,labels/train/20250305_061347.txt,depths/train/20250305_061347.npy,True,,0.4906204341158054,0.3554344232780701,0.17069238424301147,0.16984222829341888,0.0359889417886734,0.03660157322883606,0.05622183158993721,0.061844196170568466,0.06561851501464844,0.006091468036174774,288268.0,61629.0,61629.0,61314.0,1.0,0.9916050915257538,25000,1.0,targets_v2/train/20250305_061347_mask.png,targets_v2/train/20250305_061347_cavity_depth.npy
train,images/train/20250305_061439.jpg,labels/train/20250305_061439.txt,depths/train/20250305_061439.npy,True,,1.434194133201277,0.5655943917161992,0.6583887934684753,0.6239521503448486,0.04048239812254906,0.037372708320617676,0.07782348245382309,0.09025319665670395,0.09605014324188232,0.023602142930030823,293234.0,67321.0,67321.0,64634.0,1.0,0.8855289714006608,24981,0.99924,targets_v2/train/20250305_061439_mask.png,targets_v2/train/20250305_061439_cavity_depth.npy
train,images/train/20250305_061843.jpg,labels/train/20250305_061843.txt,depths/train/20250305_061843.npy,True,,0.7243446798071769,0.5392936103646604,0.3197653889656067,0.31608834862709045,0.04000519961118698,0.04195648431777954,0.06321340799331665,0.06991168856620789,0.0735628604888916,0.012125501409173012,287899.0,66171.0,66171.0,65576.0,1.0,0.9478766179116843,24612,0.98448,targets_v2/train/20250305_061843_mask.png,targets_v2/train/20250305_061843_cavity_depth.npy
train,images/train/20250305_062157.jpg,labels/train/20250305_062157.txt,depths/train/20250305_062157.npy,True,,0.5652081689770849,0.4257798970266281,0.20958895981311798,0.20958895981311798,0.0416506826877594,0.04236555099487305,0.05684957280755043,0.062377288937568665,0.06467103958129883,0.00872250646352768,289938.0,51459.0,51459.0,51459.0,1.0,0.9991961993459392,24806,0.99224,targets_v2/train/20250305_062157_mask.png,targets_v2/train/20250305_062157_cavity_depth.npy
train,images/train/20250305_062228.jpg,labels/train/20250305_062228.txt,depths/train/20250305_062228.npy,True,,0.7923226274484894,0.5577627462227348,0.4342750608921051,0.42446190118789673,0.033495642244815826,0.02948307991027832,0.05865175649523735,0.07421992719173431,0.0769355297088623,0.014501780271530151,288408.0,130688.0,130688.0,127815.0,1.0,0.9969379336078039,21167,0.84668,targets_v2/train/20250305_062228_mask.png,targets_v2/train/20250305_062228_cavity_depth.npy
train,images/train/20250305_062247.jpg,labels/train/20250305_062247.txt,depths/train/20250305_062247.npy,True,,0.4137332337116774,0.2407608964018622,0.10042496770620346,0.09853629767894745,0.02455400675535202,0.02507716417312622,0.036964163184165955,0.040831319987773895,0.042783141136169434,0.002395348623394966,284988.0,50016.0,50016.0,49188.0,1.0,0.971414671914459,24834,0.99336,targets_v2/train/20250305_062247_mask.png,targets_v2/train/20250305_062247_cavity_depth.npy
train,images/train/20250305_062512.jpg,labels/train/20250305_062512.txt,depths/train/20250305_062512.npy,True,,1.477718148755509,0.8139056417902854,1.0834190845489502,1.0626823902130127,0.06506321579217911,0.06517291069030762,0.10062973201274872,0.11398417502641678,0.11842894554138184,0.0657004863023758,294287.0,103799.0,103799.0,102993.0,1.0,0.9320443495198502,21705,0.8682,targets_v2/train/20250305_062512_mask.png,targets_v2/train/20250305_062512_cavity_depth.npy
train,images/train/20250305_062739.jpg,labels/train/20250305_062739.txt,depths/train/20250305_062739.npy,True,,0.22682474191264668,0.1169334769003683,0.026011820882558823,0.024837076663970947,0.021373959258198738,0.023349881172180176,0.030836783349514008,0.03317795321345329,0.03438490629196167,0.0005299953045323491,276466.0,26827.0,26827.0,25609.0,1.0,0.9532707995575295,25000,1.0,targets_v2/train/20250305_062739_mask.png,targets_v2/train/20250305_062739_cavity_depth.npy
train,images/train/20250305_063106.jpg,labels/train/20250305_063106.txt,depths/train/20250305_063106.npy,True,,0.3920039316975563,0.23726226659810373,0.0906340554356575,0.09061229228973389,0.02282235398888588,0.023029059171676636,0.03625065088272095,0.04098142683506012,0.04311788082122803,0.002063802443444729,283841.0,42376.0,42376.0,42366.0,1.0,0.9977374460920778,25000,1.0,targets_v2/train/20250305_063106_mask.png,targets_v2/train/20250305_063106_cavity_depth.npy
train,images/train/20250305_064858.jpg,labels/train/20250305_064858.txt,depths/train/20250305_064858.npy,True,,0.3873197884147668,0.2589171952362307,0.08325721323490143,0.07196460664272308,0.015566934831440449,0.016347616910934448,0.021891236305236816,0.025800982490181923,0.02742457389831543,0.0011162239825353026,272422.0,112318.0,114425.0,97746.0,0.9815861918287088,0.8612443221121824,25000,1.0,targets_v2/train/20250305_064858_mask.png,targets_v2/train/20250305_064858_cavity_depth.npy
train,images/train/20250305_073146.jpg,labels/train/20250305_073146.txt,depths/train/20250305_073146.npy,True,,0.5488728468723176,0.29840174994325225,0.13931873440742493,0.13699546456336975,0.03044680692255497,0.03248068690299988,0.04241514578461647,0.0461091473698616,0.04968172311782837,0.004089577589184046,281174.0,50938.0,50940.0,50390.0,0.9999607381232823,0.9641113118640363,25000,1.0,targets_v2/train/20250305_073146_mask.png,targets_v2/train/20250305_073146_cavity_depth.npy
train,images/train/20250305_073152.jpg,labels/train/20250305_073152.txt,depths/train/20250305_073152.npy,True,,0.4441293039282791,0.13724621583739555,0.036939021199941635,0.036287132650613785,0.01810016855597496,0.01902824640274048,0.026952147483825684,0.029675481840968132,0.031066298484802246,0.0006671414012089372,278885.0,18112.0,18114.0,17735.0,0.9998895881638512,0.9978146824445614,24989,0.99956,targets_v2/train/20250305_073152_mask.png,targets_v2/train/20250305_073152_cavity_depth.npy
train,images/train/20250305_073411.jpg,labels/train/20250305_073411.txt,depths/train/20250305_073411.npy,True,,1.0936932362749712,0.4591710588038215,0.31773144006729126,0.2744016945362091,0.029204538092017174,0.03188130259513855,0.0398794524371624,0.04474271088838577,0.04775327444076538,0.007510799914598465,284544.0,96289.0,97578.0,89300.0,0.9867900551353789,0.8094232217799304,25000,1.0,targets_v2/train/20250305_073411_mask.png,targets_v2/train/20250305_073411_cavity_depth.npy
train,images/train/20250305_073451.jpg,labels/train/20250305_073451.txt,depths/train/20250305_073451.npy,True,,0.9079404405001866,0.28279365133206436,0.1651131808757782,0.1541288197040558,0.038494303822517395,0.039273977279663086,0.06114425137639046,0.07800112664699554,0.08362787961959839,0.006219831295311451,286824.0,95215.0,100152.0,87828.0,0.9507049285086668,0.9785891389866714,24988,0.99952,targets_v2/train/20250305_073451_mask.png,targets_v2/train/20250305_073451_cavity_depth.npy
train,images/train/20250305_073910.jpg,labels/train/20250305_073910.txt,depths/train/20250305_073910.npy,True,,1.1144069486107908,0.9304018936615766,0.5329169631004333,0.2188669741153717,0.014341999776661396,0.015455514192581177,0.023688793182373047,0.028763992711901665,0.0365673303604126,0.0032253828831017017,289396.0,135255.0,139552.0,55424.0,0.9692086104104564,0.4219995823090846,24929,0.99716,targets_v2/train/20250305_073910_mask.png,targets_v2/train/20250305_073910_cavity_depth.npy
train,images/train/20250305_074333.jpg,labels/train/20250305_074333.txt,depths/train/20250305_074333.npy,True,,0.5141610376416458,0.28674240813744667,0.11254456639289856,0.10986632108688354,0.022201141342520714,0.022518396377563477,0.03432469069957733,0.03944295272231102,0.042090415954589844,0.0023973463103175163,279055.0,89828.0,89828.0,88213.0,1.0,0.9594689854297197,25000,1.0,targets_v2/train/20250305_074333_mask.png,targets_v2/train/20250305_074333_cavity_depth.npy
train,images/train/20250305_074406.jpg,labels/train/20250305_074406.txt,depths/train/20250305_074406.npy,True,,0.5637879130727539,0.19542122843712662,0.1024569571018219,0.1024569571018219,0.07678217440843582,0.08234405517578125,0.10771012306213379,0.1215556263923645,0.1253778338432312,0.00785747915506363,276106.0,115351.0,128152.0,115351.0,0.9001108059179724,0.9988065397123357,21643,0.86572,targets_v2/train/20250305_074406_mask.png,targets_v2/train/20250305_074406_cavity_depth.npy
train,images/train/20250305_074604.jpg,labels/train/20250305_074604.txt,depths/train/20250305_074604.npy,True,,0.5009541461296988,0.37177083716987913,0.1339745819568634,0.13026535511016846,0.02939901128411293,0.027931272983551025,0.04930350184440613,0.051539164036512375,0.053231000900268555,0.0040907058864831924,278527.0,77820.0,77847.0,75516.0,0.9996531658252726,1.038587569115901,24593,0.98372,targets_v2/train/20250305_074604_mask.png,targets_v2/train/20250305_074604_cavity_depth.npy
train,images/train/20250305_074621.jpg,labels/train/20250305_074621.txt,depths/train/20250305_074621.npy,True,,0.771044419406583,0.6547220408617855,0.2676233947277069,0.23254695534706116,0.025583039969205856,0.023153841495513916,0.04717264324426651,0.05292303115129471,0.05477797985076904,0.005535670556128025,282640.0,113184.0,120442.0,103873.0,0.9397386293817771,0.8085260395469619,25000,1.0,targets_v2/train/20250305_074621_mask.png,targets_v2/train/20250305_074621_cavity_depth.npy
train,images/train/20250305_074730.jpg,labels/train/20250305_074730.txt,depths/train/20250305_074730.npy,True,,0.381676647700088,0.23740258855338714,0.050965964794158936,0.04912982136011124,0.020235978066921234,0.01895320415496826,0.03499828651547432,0.03758278489112854,0.03877681493759155,0.0009638376068323851,265712.0,80386.0,80386.0,77453.0,1.0,0.934543277074406,25000,1.0,targets_v2/train/20250305_074730_mask.png,targets_v2/train/20250305_074730_cavity_depth.npy
train,images/train/20250305_074929.jpg,labels/train/20250305_074929.txt,depths/train/20250305_074929.npy,True,,0.45936809681594726,0.22509125778046551,0.10531673580408096,0.09771689772605896,0.020013250410556793,0.022140398621559143,0.024967538192868233,0.026376178488135338,0.02770167589187622,0.00187760591506958,266826.0,132055.0,156929.0,125412.0,0.8414951984655481,0.8908189054095884,24996,0.99984,targets_v2/train/20250305_074929_mask.png,targets_v2/train/20250305_074929_cavity_depth.npy
train,images/train/20250305_075013.jpg,labels/train/20250305_075013.txt,depths/train/20250305_075013.npy,True,,0.2844093059252937,0.07072967162708779,0.020055420696735382,0.018520360812544823,0.01531060691922903,0.016867637634277344,0.02076885662972927,0.021702535450458527,0.02250063419342041,0.0002810372970998287,267663.0,32085.0,32100.0,29465.0,0.9995327102803738,0.9152500826939441,25000,1.0,targets_v2/train/20250305_075013_mask.png,targets_v2/train/20250305_075013_cavity_depth.npy
train,images/train/20250305_075513.jpg,labels/train/20250305_075513.txt,depths/train/20250305_075513.npy,True,,0.4797542760285213,0.38754935434930543,0.16871248185634613,0.16870710253715515,0.03384239226579666,0.03468841314315796,0.04749536141753197,0.0511016771197319,0.052943646907806396,0.005610788241028786,278855.0,120259.0,120303.0,120254.0,0.9996342568348254,0.9826879007930214,23470,0.9388,targets_v2/train/20250305_075513_mask.png,targets_v2/train/20250305_075513_cavity_depth.npy
train,images/train/20250305_080122.jpg,labels/train/20250305_080122.txt,depths/train/20250305_080122.npy,True,,0.514586179337108,0.3702501658716869,0.15242105722427368,0.09531278908252716,0.04396938532590866,0.05038443207740784,0.06412085890769958,0.06693361699581146,0.0686582624912262,0.003917832858860493,269529.0,172961.0,180145.0,130017.0,0.9601210136279108,0.5845888669367465,22890,0.9156,targets_v2/train/20250305_080122_mask.png,targets_v2/train/20250305_080122_cavity_depth.npy
train,images/train/20250305_080503.jpg,labels/train/20250305_080503.txt,depths/train/20250305_080503.npy,True,,0.35743597740761446,0.20505116490375788,0.06811779737472534,0.0674063190817833,0.025608953088521957,0.026919543743133545,0.03776193782687187,0.04219285398721695,0.04542583227157593,0.0016879409085959196,267683.0,93232.0,93234.0,92644.0,0.9999785485981509,0.9676199587791959,25000,1.0,targets_v2/train/20250305_080503_mask.png,targets_v2/train/20250305_080503_cavity_depth.npy
train,images/train/20250305_081241.jpg,labels/train/20250305_081241.txt,depths/train/20250305_081241.npy,True,,0.43958710651418875,0.20821001949507875,0.07232347130775452,0.07136183232069016,0.03312555328011513,0.0359257310628891,0.041388578712940216,0.043641820549964905,0.04491850733757019,0.0023556372616440058,271540.0,110479.0,127277.0,109152.0,0.868020145037988,0.9832546564540522,25000,1.0,targets_v2/train/20250305_081241_mask.png,targets_v2/train/20250305_081241_cavity_depth.npy
train,images/train/20250305_081309.jpg,labels/train/20250305_081309.txt,depths/train/20250305_081309.npy,True,,0.8161325002333345,0.5428937486642094,0.38745754957199097,0.3758292496204376,0.06705649942159653,0.07203960418701172,0.1045532077550888,0.11950457096099854,0.12498873472213745,0.02431151643395424,285751.0,133321.0,133321.0,130869.0,1.0,0.9357224372318443,24964,0.99856,targets_v2/train/20250305_081309_mask.png,targets_v2/train/20250305_081309_cavity_depth.npy
train,images/train/20250305_081500.jpg,labels/train/20250305_081500.txt,depths/train/20250305_081500.npy,True,,1.3733281536897564,0.19434301735419512,0.24560946226119995,0.22697828710079193,0.02747936174273491,0.025839298963546753,0.04806509241461754,0.057859867811203,0.06294423341751099,0.0032790349796414375,259880.0,95110.0,123564.0,92643.0,0.7697225729176783,0.4858411701311491,25000,1.0,targets_v2/train/20250305_081500_mask.png,targets_v2/train/20250305_081500_cavity_depth.npy
train,images/train/20250305_082258.jpg,labels/train/20250305_082258.txt,depths/train/20250305_082258.npy,True,,1.125858036975329,0.26277195221458727,0.222482830286026,0.2084762454032898,0.017507076263427734,0.016529321670532227,0.03289742395281792,0.036504149436950684,0.038651227951049805,0.003317261813208461,271920.0,87041.0,88703.0,83345.0,0.9812633169114912,0.8516666181930208,25000,1.0,targets_v2/train/20250305_082258_mask.png,targets_v2/train/20250305_082258_cavity_depth.npy
train,images/train/20250305_082631.jpg,labels/train/20250305_082631.txt,depths/train/20250305_082631.npy,True,,0.27827245165303827,0.22969700504962132,0.05124499648809433,0.04128672182559967,0.023110441863536835,0.020071983337402344,0.043213605880737305,0.04639790579676628,0.04877409338951111,0.0009096360299736261,249314.0,94787.0,96066.0,79545.0,0.9866862365457082,0.7680826185148618,24698,0.98792,targets_v2/train/20250305_082631_mask.png,targets_v2/train/20250305_082631_cavity_depth.npy
train,images/train/20250305_082847.jpg,labels/train/20250305_082847.txt,depths/train/20250305_082847.npy,True,,0.3273652643438525,0.2751706494068337,0.08537748456001282,0.0836106538772583,0.02724635973572731,0.030560612678527832,0.03651109337806702,0.03823568671941757,0.03928107023239136,0.0021991704124957323,271139.0,89646.0,89646.0,87974.0,1.0,0.9453813757320356,24999,0.99996,targets_v2/train/20250305_082847_mask.png,targets_v2/train/20250305_082847_cavity_depth.npy
train,images/train/20250305_082854.jpg,labels/train/20250305_082854.txt,depths/train/20250305_082854.npy,True,,0.40429930911869655,0.29686870057109493,0.10915593802928925,0.10915413498878479,0.024878237396478653,0.02727675437927246,0.029606759548187256,0.031070217490196228,0.032838523387908936,0.0027024028822779655,276246.0,89245.0,89316.0,89243.0,0.999205069640378,0.995137567549696,25000,1.0,targets_v2/train/20250305_082854_mask.png,targets_v2/train/20250305_082854_cavity_depth.npy
train,images/train/20250305_082909.jpg,labels/train/20250305_082909.txt,depths/train/20250305_082909.npy,True,,0.39533878315802873,0.23085034202815355,0.0854632705450058,0.08495357632637024,0.021553559228777885,0.022284507751464844,0.028828835114836693,0.030617840588092804,0.03194612264633179,0.0018163614440709352,277005.0,100216.0,100216.0,99623.0,1.0,0.9860609693202158,25000,1.0,targets_v2/train/20250305_082909_mask.png,targets_v2/train/20250305_082909_cavity_depth.npy
train,images/train/20250305_082924.jpg,labels/train/20250305_082924.txt,depths/train/20250305_082924.npy,True,,0.34335129507227435,0.30108083110419853,0.10693255066871643,0.0831041932106018,0.024351537227630615,0.025972306728363037,0.0364847294986248,0.040142972022295,0.042735397815704346,0.001894314307719469,271421.0,74620.0,74620.0,62845.0,1.0,0.7274710773074011,25000,1.0,targets_v2/train/20250305_082924_mask.png,targets_v2/train/20250305_082924_cavity_depth.npy
train,images/train/20250305_083300.jpg,labels/train/20250305_083300.txt,depths/train/20250305_083300.npy,True,,0.32973731627534797,0.2769040841596737,0.07760722935199738,0.06436653435230255,0.04540093243122101,0.04946961998939514,0.06431722640991211,0.06795842200517654,0.06968614459037781,0.002800147281959653,265626.0,138643.0,140289.0,117609.0,0.9882670772476816,0.7947195990888556,21810,0.8724,targets_v2/train/20250305_083300_mask.png,targets_v2/train/20250305_083300_cavity_depth.npy
train,images/train/20250305_083506.jpg,labels/train/20250305_083506.txt,depths/train/20250305_083506.npy,True,,0.4301713794805886,0.4101646320904601,0.16759729385375977,0.16692110896110535,0.018742969259619713,0.0192277729511261,0.026255160570144653,0.02965831384062767,0.03167605400085449,0.0031865518540143967,277943.0,136357.0,136357.0,135586.0,1.0,1.0144148430283744,24966,0.99864,targets_v2/train/20250305_083506_mask.png,targets_v2/train/20250305_083506_cavity_depth.npy
train,images/train/20250305_083530.jpg,labels/train/20250305_083530.txt,depths/train/20250305_083530.npy,True,,0.27135359614220556,0.21660815895501795,0.05085134878754616,0.04900718107819557,0.012192139402031898,0.01264984905719757,0.015055224299430847,0.016661539673805237,0.017965883016586304,0.0005856220377609134,262816.0,90811.0,90840.0,88096.0,0.9996807573756055,0.9445718858194359,25000,1.0,targets_v2/train/20250305_083530_mask.png,targets_v2/train/20250305_083530_cavity_depth.npy
train,images/train/20250305_084055.jpg,labels/train/20250305_084055.txt,depths/train/20250305_084055.npy,True,,0.6986962701458312,0.6167733676288021,0.4235905408859253,0.3914949297904968,0.020928705111145973,0.022339999675750732,0.028415612876415253,0.03207351639866829,0.03595978021621704,0.00806395709514618,286406.0,146243.0,146243.0,137098.0,1.0,0.9096191528988057,25000,1.0,targets_v2/train/20250305_084055_mask.png,targets_v2/train/20250305_084055_cavity_depth.npy
train,images/train/20250305_084405.jpg,labels/train/20250305_084405.txt,depths/train/20250305_084405.npy,True,,0.5120123895670574,0.2780132657746136,0.09455849230289459,0.09455849230289459,0.024460596963763237,0.02429819107055664,0.038713183254003525,0.042130112648010254,0.04380536079406738,0.0023294242564588785,273482.0,92535.0,92540.0,92535.0,0.9999459693105684,1.0071194948839641,25000,1.0,targets_v2/train/20250305_084405_mask.png,targets_v2/train/20250305_084405_cavity_depth.npy
train,images/train/20250305_084430.jpg,labels/train/20250305_084430.txt,depths/train/20250305_084430.npy,True,,0.5063573759616649,0.31526254907639645,0.13032791018486023,0.12887760996818542,0.020984148606657982,0.01943063735961914,0.03487320989370346,0.03857584297657013,0.040572285652160645,0.0028504119254648685,278549.0,95618.0,115171.0,94839.0,0.8302263590660843,1.0422666503175886,25000,1.0,targets_v2/train/20250305_084430_mask.png,targets_v2/train/20250305_084430_cavity_depth.npy
train,images/train/20250305_084512.jpg,labels/train/20250305_084512.txt,depths/train/20250305_084512.npy,True,,0.5767251681440957,0.28832495189260143,0.1437719166278839,0.1375105082988739,0.024142233654856682,0.024988412857055664,0.03781306743621826,0.04399537667632103,0.04615908861160278,0.0031952224671840668,277069.0,125548.0,135442.0,121006.0,0.9269502813012211,0.9205546796426908,25000,1.0,targets_v2/train/20250305_084512_mask.png,targets_v2/train/20250305_084512_cavity_depth.npy
train,images/train/20250305_084522.jpg,labels/train/20250305_084522.txt,depths/train/20250305_084522.npy,True,,0.5095135430667768,0.3124950571779564,0.13308633863925934,0.11089298129081726,0.015162302181124687,0.014556676149368286,0.02630462311208248,0.029928889125585556,0.032835185527801514,0.0017296918667852879,271417.0,153013.0,163498.0,121403.0,0.935870775177678,0.8571762279619781,25000,1.0,targets_v2/train/20250305_084522_mask.png,targets_v2/train/20250305_084522_cavity_depth.npy
train,images/train/20250305_084627.jpg,labels/train/20250305_084627.txt,depths/train/20250305_084627.npy,True,,0.837457685267675,0.14175581111442026,0.13601550459861755,0.12390932440757751,0.01050189696252346,0.010194137692451477,0.016879279166460037,0.020017992705106735,0.022923946380615234,0.0012817300157621503,287393.0,86941.0,90357.0,73172.0,0.9621944066314729,0.897305613766758,25000,1.0,targets_v2/train/20250305_084627_mask.png,targets_v2/train/20250305_084627_cavity_depth.npy
train,images/train/20250305_084706.jpg,labels/train/20250305_084706.txt,depths/train/20250305_084706.npy,True,,0.2991337843738925,0.15454805808556032,0.037158265709877014,0.035072263330221176,0.029863055795431137,0.03191380202770233,0.041789740324020386,0.045850738883018494,0.05181059241294861,0.0010193538619205356,252956.0,107947.0,115872.0,103142.0,0.9316055647611157,0.9186187191179472,25000,1.0,targets_v2/train/20250305_084706_mask.png,targets_v2/train/20250305_084706_cavity_depth.npy
train,images/train/20250305_084720.jpg,labels/train/20250305_084720.txt,depths/train/20250305_084720.npy,True,,0.25329920216300617,0.14143296921542436,0.03147890418767929,0.03061807155609131,0.022015023976564407,0.02267700433731079,0.03276197239756584,0.03602197766304016,0.037434011697769165,0.0006547862431034446,261054.0,72956.0,72969.0,71535.0,0.9998218421521468,0.9448454541054055,25000,1.0,targets_v2/train/20250305_084720_mask.png,targets_v2/train/20250305_084720_cavity_depth.npy
train,images/train/20250305_084828.jpg,labels/train/20250305_084828.txt,depths/train/20250305_084828.npy,True,,0.38163608468950205,0.19495225674137534,0.07126163691282272,0.0648517906665802,0.007728989236056805,0.007279977202415466,0.012115627527236938,0.014880610629916191,0.015987038612365723,0.0005070827319286764,262253.0,131478.0,134069.0,122110.0,0.9806741304850487,0.9206622262535152,25000,1.0,targets_v2/train/20250305_084828_mask.png,targets_v2/train/20250305_084828_cavity_depth.npy
train,images/train/20250305_085116.jpg,labels/train/20250305_085116.txt,depths/train/20250305_085116.npy,True,,0.47810321795446553,0.2603083348768011,0.11618533730506897,0.11613420397043228,0.016464387997984886,0.01625809073448181,0.023683588951826096,0.030568793416023254,0.036385416984558105,0.0019742196891456842,278191.0,82409.0,82722.0,82382.0,0.9962162423539083,1.0320448324649831,25000,1.0,targets_v2/train/20250305_085116_mask.png,targets_v2/train/20250305_085116_cavity_depth.npy
train,images/train/20250305_093835.jpg,labels/train/20250305_093835.txt,depths/train/20250305_093835.npy,True,,0.15562718713902635,0.10391859395575857,0.016137178987264633,0.013749610632658005,0.012507819570600986,0.013450324535369873,0.014728546142578125,0.015264470130205154,0.015756756067276,0.00017213150567840785,253702.0,53276.0,53426.0,46061.0,0.9971923782428032,0.8528077606416002,25000,1.0,targets_v2/train/20250305_093835_mask.png,targets_v2/train/20250305_093835_cavity_depth.npy
train,images/train/20250305_093851.jpg,labels/train/20250305_093851.txt,depths/train/20250305_093851.npy,True,,0.2351333529560771,0.18639487937143068,0.03912286087870598,0.035557545721530914,0.007275068666785955,0.007259592413902283,0.0104474276304245,0.011336706578731537,0.011971473693847656,0.00026243505999445915,255860.0,113660.0,113660.0,104876.0,1.0,0.9220493202685697,25000,1.0,targets_v2/train/20250305_093851_mask.png,targets_v2/train/20250305_093851_cavity_depth.npy
train,images/train/20250305_093858.jpg,labels/train/20250305_093858.txt,depths/train/20250305_093858.npy,True,,0.25931407726483396,0.18854807434117102,0.046933144330978394,0.04258178174495697,0.007631614804267883,0.007250428199768066,0.01191012840718031,0.013414302840828896,0.01438760757446289,0.0003268723958171904,274507.0,35789.0,35789.0,32795.0,1.0,0.9126035487676699,25000,1.0,targets_v2/train/20250305_093858_mask.png,targets_v2/train/20250305_093858_cavity_depth.npy
train,images/train/20250305_093910.jpg,labels/train/20250305_093910.txt,depths/train/20250305_093910.npy,True,,0.634989545770615,0.4597432531048991,0.268557608127594,0.24826163053512573,0.024743560701608658,0.02656349539756775,0.03460288047790527,0.03711101412773132,0.03898930549621582,0.005594788119196892,280754.0,189929.0,207989.0,182876.0,0.9131684848717961,0.8419455136378949,25000,1.0,targets_v2/train/20250305_093910_mask.png,targets_v2/train/20250305_093910_cavity_depth.npy
train,images/train/20250305_093918.jpg,labels/train/20250305_093918.txt,depths/train/20250305_093918.npy,True,,0.3783461406455452,0.17346183429206785,0.057092878967523575,0.04028724506497383,0.009238894097507,0.008411705493927002,0.016242526471614838,0.019664505496621132,0.02095496654510498,0.0003788493340834975,266846.0,114261.0,116148.0,78107.0,0.983753486930468,0.7182317440486262,24981,0.99924,targets_v2/train/20250305_093918_mask.png,targets_v2/train/20250305_093918_cavity_depth.npy
train,images/train/20250305_093956.jpg,labels/train/20250305_093956.txt,depths/train/20250305_093956.npy,True,,0.3675241623469047,0.3231894924196296,0.11475829780101776,0.11207814514636993,0.019335255026817322,0.02047818899154663,0.02492080256342888,0.027183687314391136,0.02821052074432373,0.002136446535587311,275742.0,91933.0,91946.0,89914.0,0.9998586126639549,0.9628486518511142,25000,1.0,targets_v2/train/20250305_093956_mask.png,targets_v2/train/20250305_093956_cavity_depth.npy
train,images/train/20250305_094344.jpg,labels/train/20250305_094344.txt,depths/train/20250305_094344.npy,True,,0.24418650533736377,0.16309383090153612,0.03993668407201767,0.03667673096060753,0.015193642117083073,0.017079517245292664,0.01900641620159149,0.019703591242432594,0.02053225040435791,0.0005488672177307308,265020.0,84441.0,84444.0,78166.0,0.999964473497229,0.9045517062809636,25000,1.0,targets_v2/train/20250305_094344_mask.png,targets_v2/train/20250305_094344_cavity_depth.npy
train,images/train/20250305_094446.jpg,labels/train/20250305_094446.txt,depths/train/20250305_094446.npy,True,,0.2071771923337482,0.10917601281769883,0.020709645003080368,0.019665788859128952,0.010260205715894699,0.011025995016098022,0.012636160477995872,0.013496901839971542,0.014769971370697021,0.00019687932217493653,173905.0,74509.0,80331.0,71729.0,0.9275248658674733,0.926555381102952,24428,0.97712,targets_v2/train/20250305_094446_mask.png,targets_v2/train/20250305_094446_cavity_depth.npy
train,images/train/20250305_094506.jpg,labels/train/20250305_094506.txt,depths/train/20250305_094506.npy,True,,0.15908097930923387,0.11732035017230494,0.016145337373018265,0.014910564757883549,0.01037081889808178,0.011644512414932251,0.014406591653823853,0.015827031806111336,0.016630202531814575,0.00015372235793620348,261495.0,36787.0,36805.0,34048.0,0.9995109360141285,0.9180722545441818,25000,1.0,targets_v2/train/20250305_094506_mask.png,targets_v2/train/20250305_094506_cavity_depth.npy
train,images/train/20250305_094539.jpg,labels/train/20250305_094539.txt,depths/train/20250305_094539.npy,True,,0.30902525677051035,0.09449998984443864,0.023865029215812683,0.020232662558555603,0.008636134676635265,0.008570700883865356,0.012076484970748425,0.013202691450715065,0.013924658298492432,0.00016880739713087678,256680.0,60629.0,60640.0,52985.0,0.9998186015831134,0.8190494004600883,25000,1.0,targets_v2/train/20250305_094539_mask.png,targets_v2/train/20250305_094539_cavity_depth.npy
train,images/train/20250305_094551.jpg,labels/train/20250305_094551.txt,depths/train/20250305_094551.npy,True,,0.15323335133418137,0.09285167720271259,0.011498983949422836,0.011434529908001423,0.019741440191864967,0.02117760479450226,0.024572253227233887,0.025572657585144043,0.026253342628479004,0.00022532026923727244,261462.0,24975.0,25084.0,24824.0,0.9956546005421782,0.992571866274892,25000,1.0,targets_v2/train/20250305_094551_mask.png,targets_v2/train/20250305_094551_cavity_depth.npy
train,images/train/20250305_094613.jpg,labels/train/20250305_094613.txt,depths/train/20250305_094613.npy,True,,0.10708415034971272,0.09084708043847536,0.009592682123184204,0.007890472188591957,0.007576594594866037,0.008076101541519165,0.009373486042022705,0.010137679986655712,0.012482166290283203,5.940449409536086e-05,162976.0,37850.0,40503.0,31666.0,0.9344986791101894,0.8173446015773346,24013,0.96052,targets_v2/train/20250305_094613_mask.png,targets_v2/train/20250305_094613_cavity_depth.npy
train,images/train/20250305_094627.jpg,labels/train/20250305_094627.txt,depths/train/20250305_094627.npy,True,,0.15151821432778648,0.11931539091464968,0.01612134650349617,0.014353316277265549,0.009905340149998665,0.010290801525115967,0.013884556479752064,0.014998026192188263,0.01578119397163391,0.00013968478015158325,254026.0,47270.0,47270.0,42737.0,1.0,0.8747387831665724,25000,1.0,targets_v2/train/20250305_094627_mask.png,targets_v2/train/20250305_094627_cavity_depth.npy
train,images/train/20250305_094638.jpg,labels/train/20250305_094638.txt,depths/train/20250305_094638.npy,True,,0.18034823008927908,0.11423085425982273,0.02007594332098961,0.017570503056049347,0.009745001792907715,0.010119348764419556,0.013489525765180588,0.014462416060268879,0.015299022197723389,0.00016805191989988089,260939.0,47054.0,47055.0,41660.0,0.9999787482732972,0.858985027907191,25000,1.0,targets_v2/train/20250305_094638_mask.png,targets_v2/train/20250305_094638_cavity_depth.npy
train,images/train/20250305_094802.jpg,labels/train/20250305_094802.txt,depths/train/20250305_094802.npy,True,,0.38879792252016987,0.14009922138570535,0.05475226044654846,0.05452898144721985,0.01886698789894581,0.021380871534347534,0.026322681456804276,0.028693679720163345,0.030345529317855835,0.0009963361080735922,275090.0,52598.0,52620.0,52373.0,0.9995819080197643,0.9644978084837172,25000,1.0,targets_v2/train/20250305_094802_mask.png,targets_v2/train/20250305_094802_cavity_depth.npy
train,images/train/20250305_095102.jpg,labels/train/20250305_095102.txt,depths/train/20250305_095102.npy,True,,0.39644466866909556,0.3229591199881946,0.12647582590579987,0.11900371313095093,0.015809038653969765,0.014355078339576721,0.02596147172152996,0.02895665541291237,0.031042277812957764,0.0019532565493136644,267882.0,96890.0,96892.0,92390.0,0.9999793584609669,0.9768914391790733,24999,0.99996,targets_v2/train/20250305_095102_mask.png,targets_v2/train/20250305_095102_cavity_depth.npy
train,images/train/20250305_095140.jpg,labels/train/20250305_095140.txt,depths/train/20250305_095140.npy,True,,1.4760983801926062,0.30003618281649264,0.30252429842948914,0.3010976314544678,0.025234676897525787,0.02578490972518921,0.03524094820022583,0.039391640573740005,0.04221034049987793,0.008034161292016506,280670.0,45813.0,45813.0,45746.0,1.0,1.0524041097497903,24641,0.98564,targets_v2/train/20250305_095140_mask.png,targets_v2/train/20250305_095140_cavity_depth.npy
train,images/train/20250305_095310.jpg,labels/train/20250305_095310.txt,depths/train/20250305_095310.npy,True,,0.7777719571267951,0.15937959388218464,0.10482373833656311,0.09528790414333344,0.008224701508879662,0.008378446102142334,0.011539863422513008,0.013152791187167168,0.014879703521728516,0.0008146438049152493,276808.0,59515.0,60472.0,55099.0,0.9841744939806852,0.9449046142937382,25000,1.0,targets_v2/train/20250305_095310_mask.png,targets_v2/train/20250305_095310_cavity_depth.npy
train,images/train/20250305_095314.jpg,labels/train/20250305_095314.txt,depths/train/20250305_095314.npy,True,,0.4644509365009715,0.17623571831654977,0.07609430700540543,0.07049760222434998,0.007483233697712421,0.007587939500808716,0.010085642337799072,0.011285055428743362,0.012250840663909912,0.000540940323844552,268312.0,96435.0,110283.0,90469.0,0.8744321427599903,0.9499656070596169,25000,1.0,targets_v2/train/20250305_095314_mask.png,targets_v2/train/20250305_095314_cavity_depth.npy
train,images/train/20250305_095320.jpg,labels/train/20250305_095320.txt,depths/train/20250305_095320.npy,True,,0.3082242180891233,0.10281365814283822,0.02531072124838829,0.023239657282829285,0.008106999099254608,0.008723586797714233,0.01073506474494934,0.01178260613232851,0.01270022988319397,0.0001891930151032284,261845.0,46860.0,62214.0,42668.0,0.7532066737390298,0.9220202359787483,25000,1.0,targets_v2/train/20250305_095320_mask.png,targets_v2/train/20250305_095320_cavity_depth.npy
train,images/train/20250305_095332.jpg,labels/train/20250305_095332.txt,depths/train/20250305_095332.npy,True,,0.44395585127317927,0.31403665904370237,0.14368511736392975,0.1324245035648346,0.02085321769118309,0.017332375049591064,0.03784354776144028,0.04308810085058212,0.04636061191558838,0.0027480944991111755,273467.0,135834.0,165037.0,126190.0,0.8230518005053412,0.9171635756858557,24987,0.99948,targets_v2/train/20250305_095332_mask.png,targets_v2/train/20250305_095332_cavity_depth.npy
train,images/train/20250305_095338.jpg,labels/train/20250305_095338.txt,depths/train/20250305_095338.npy,True,,0.6423471217875365,0.43194168568594205,0.2510165572166443,0.22628238797187805,0.018185531720519066,0.016445457935333252,0.03579074144363403,0.0460967943072319,0.049977123737335205,0.004199316259473562,279323.0,172681.0,173670.0,157441.0,0.994305291645074,0.9199203177508056,25000,1.0,targets_v2/train/20250305_095338_mask.png,targets_v2/train/20250305_095338_cavity_depth.npy
train,images/train/20250305_095359.jpg,labels/train/20250305_095359.txt,depths/train/20250305_095359.npy,True,,0.17883695099474275,0.05922867148710818,0.009205399081110954,0.009205399081110954,0.02085682936012745,0.01856440305709839,0.03389478847384453,0.035419318825006485,0.03610220551490784,0.0001918621128425002,252204.0,32695.0,33412.0,32695.0,0.9785406440799713,0.9993055825408446,25000,1.0,targets_v2/train/20250305_095359_mask.png,targets_v2/train/20250305_095359_cavity_depth.npy
train,images/train/20250305_095421.jpg,labels/train/20250305_095421.txt,depths/train/20250305_095421.npy,True,,1.1201702403713418,0.3507232494395786,0.38570696115493774,0.3199698030948639,0.012562503106892109,0.013472586870193481,0.01853679120540619,0.021672111004590988,0.02495330572128296,0.004148013889789581,286877.0,91085.0,92667.0,78044.0,0.9829281189636009,0.8560646085610364,25000,1.0,targets_v2/train/20250305_095421_mask.png,targets_v2/train/20250305_095421_cavity_depth.npy
train,images/train/20250305_095515.jpg,labels/train/20250305_095515.txt,depths/train/20250305_095515.npy,True,,0.18894646542154928,0.14963616059604595,0.026720277965068817,0.022350052371621132,0.0089696254581213,0.009692415595054626,0.011411571875214577,0.012241922318935394,0.013178020715713501,0.00019719044212251902,264869.0,38498.0,38498.0,33060.0,1.0,0.8227550948654798,25000,1.0,targets_v2/train/20250305_095515_mask.png,targets_v2/train/20250305_095515_cavity_depth.npy
train,images/train/20250305_095743.jpg,labels/train/20250305_095743.txt,depths/train/20250305_095743.npy,True,,0.637828024804947,0.32303460427307074,0.15663953125476837,0.15269044041633606,0.017077043652534485,0.018899261951446533,0.022268306463956833,0.024175317957997322,0.02544713020324707,0.002616399433463812,272078.0,124115.0,137822.0,121349.0,0.9005456313215597,0.9781151438856542,25000,1.0,targets_v2/train/20250305_095743_mask.png,targets_v2/train/20250305_095743_cavity_depth.npy
train,images/train/20250305_095750.jpg,labels/train/20250305_095750.txt,depths/train/20250305_095750.npy,True,,0.6615072165799578,0.30222610974412456,0.14908795058727264,0.1467679738998413,0.018342532217502594,0.020187079906463623,0.024534735828638077,0.02715068869292736,0.028665781021118164,0.002677512587979436,282705.0,88823.0,92099.0,87473.0,0.9644295812115223,0.9791059412753852,25000,1.0,targets_v2/train/20250305_095750_mask.png,targets_v2/train/20250305_095750_cavity_depth.npy
train,images/train/20250305_095805.jpg,labels/train/20250305_095805.txt,depths/train/20250305_095805.npy,True,,0.14080359707605783,0.10158369869443168,0.013238605111837387,0.012879200279712677,0.011752406135201454,0.012949198484420776,0.01530192419886589,0.01588544063270092,0.01636594533920288,0.0001494642929174006,254983.0,37581.0,37583.0,36660.0,0.9999467844504164,0.9606571792406589,25000,1.0,targets_v2/train/20250305_095805_mask.png,targets_v2/train/20250305_095805_cavity_depth.npy
train,images/train/20250305_095823.jpg,labels/train/20250305_095823.txt,depths/train/20250305_095823.npy,True,,0.1295827458651597,0.09684511026103572,0.012849030084908009,0.012611056677997112,0.010965007357299328,0.012635231018066406,0.014855897054076195,0.015523647889494896,0.01612994074821472,0.00013543353998102248,260929.0,19784.0,19784.0,19458.0,1.0,0.9612734708815681,25000,1.0,targets_v2/train/20250305_095823_mask.png,targets_v2/train/20250305_095823_cavity_depth.npy
train,images/train/20250305_095829.jpg,labels/train/20250305_095829.txt,depths/train/20250305_095829.npy,True,,0.6723186867020978,0.21697947300114873,0.1545732319355011,0.1498616337776184,0.010891580954194069,0.011412382125854492,0.013661723583936691,0.015022039413452148,0.01639688014984131,0.0016282163560390472,270801.0,113650.0,117816.0,110164.0,0.9646397772798262,0.9671345574290411,25000,1.0,targets_v2/train/20250305_095829_mask.png,targets_v2/train/20250305_095829_cavity_depth.npy
train,images/train/20250305_095841.jpg,labels/train/20250305_095841.txt,depths/train/20250305_095841.npy,True,,0.7843938793366998,0.21905002260139064,0.18936774134635925,0.17150509357452393,0.009781253524124622,0.009927690029144287,0.013143777847290039,0.014352159574627876,0.015476226806640625,0.0017274159472435713,275485.0,96108.0,108000.0,90974.0,0.8898888888888888,0.9326021443360085,25000,1.0,targets_v2/train/20250305_095841_mask.png,targets_v2/train/20250305_095841_cavity_depth.npy
train,images/train/20250305_095858.jpg,labels/train/20250305_095858.txt,depths/train/20250305_095858.npy,True,,0.44388797436525895,0.15528992485068632,0.06931634247303009,0.0658603310585022,0.012276065535843372,0.013310298323631287,0.015131613239645958,0.016056345775723457,0.017447680234909058,0.0008047581650316715,268923.0,86286.0,95632.0,81892.0,0.9022712062907813,0.9457373798550978,25000,1.0,targets_v2/train/20250305_095858_mask.png,targets_v2/train/20250305_095858_cavity_depth.npy
train,images/train/20250305_095911.jpg,labels/train/20250305_095911.txt,depths/train/20250305_095911.npy,True,,0.2247301974991771,0.16870110397991334,0.0356319323182106,0.033204086124897,0.010141654871404171,0.010943874716758728,0.01306036114692688,0.013843073509633541,0.014636129140853882,0.00033374284976162016,266573.0,57182.0,57182.0,53866.0,1.0,0.9235571356562944,25000,1.0,targets_v2/train/20250305_095911_mask.png,targets_v2/train/20250305_095911_cavity_depth.npy
train,images/train/20250305_095915.jpg,labels/train/20250305_095915.txt,depths/train/20250305_095915.npy,True,,0.25821759412973405,0.14592914088156503,0.03557407855987549,0.034114569425582886,0.011249874718487263,0.012242615222930908,0.014146381989121437,0.015203142538666725,0.016378968954086304,0.00037509872345253825,255943.0,98001.0,104845.0,94483.0,0.934722685869617,0.9372689724502248,25000,1.0,targets_v2/train/20250305_095915_mask.png,targets_v2/train/20250305_095915_cavity_depth.npy
train,images/train/20250305_095921.jpg,labels/train/20250305_095921.txt,depths/train/20250305_095921.npy,True,,0.3593925112227182,0.24397801155774962,0.08460384607315063,0.08106905221939087,0.011544374749064445,0.012033417820930481,0.015131237916648388,0.01666180044412613,0.017769455909729004,0.0009372762870043516,262484.0,163384.0,174615.0,157450.0,0.9356813561263351,0.9596372707611547,25000,1.0,targets_v2/train/20250305_095921_mask.png,targets_v2/train/20250305_095921_cavity_depth.npy
train,images/train/20250305_095928.jpg,labels/train/20250305_095928.txt,depths/train/20250305_095928.npy,True,,0.36379181875993927,0.29160442461564917,0.0969228595495224,0.09246936440467834,0.011484972201287746,0.012253642082214355,0.014829331077635288,0.016316566616296768,0.017738044261932373,0.0010615501087158918,266900.0,135797.0,135797.0,130974.0,1.0,0.9536397209689734,25000,1.0,targets_v2/train/20250305_095928_mask.png,targets_v2/train/20250305_095928_cavity_depth.npy
train,images/train/20250305_095934.jpg,labels/train/20250305_095934.txt,depths/train/20250305_095934.npy,True,,0.21823269970379056,0.10820575593967867,0.02089501917362213,0.017224706709384918,0.010591590777039528,0.011219650506973267,0.013922792859375477,0.01487409882247448,0.015503734350204468,0.00018045796605292708,256795.0,52559.0,52559.0,44649.0,1.0,0.8154025989530573,25000,1.0,targets_v2/train/20250305_095934_mask.png,targets_v2/train/20250305_095934_cavity_depth.npy
train,images/train/20250305_095939.jpg,labels/train/20250305_095939.txt,depths/train/20250305_095939.npy,False,depth_outlier,,,,,,,,,,,,,,,,,22994,0.91976,,
train,images/train/20250305_095946.jpg,labels/train/20250305_095946.txt,depths/train/20250305_095946.npy,True,,0.18900481659870907,0.12005456131590676,0.010092798620462418,0.007268990855664015,0.0174506064504385,0.008861109614372253,0.010267278179526329,0.30000001192092896,0.30000001192092896,9.170580597128719e-05,137849.0,30972.0,66834.0,23487.0,0.46341682377233145,0.5206845602262525,23626,0.94504,targets_v2/train/20250305_095946_mask.png,targets_v2/train/20250305_095946_cavity_depth.npy
train,images/train/20250305_100002.jpg,labels/train/20250305_100002.txt,depths/train/20250305_100002.npy,True,,0.2936402516602111,0.26362043466535867,0.07493627071380615,0.0702042430639267,0.011540777049958706,0.012325242161750793,0.013646295294165611,0.014597700908780098,0.015705734491348267,0.000796340755186975,258427.0,158701.0,164621.0,150992.0,0.9640386098978867,0.920813791438132,25000,1.0,targets_v2/train/20250305_100002_mask.png,targets_v2/train/20250305_100002_cavity_depth.npy
train,images/train/20250305_100015.jpg,labels/train/20250305_100015.txt,depths/train/20250305_100015.npy,True,,0.41849578112820845,0.21637850534748782,0.07618078589439392,0.07506833970546722,0.03395600616931915,0.0358583927154541,0.05198170989751816,0.054586514830589294,0.05684119462966919,0.0025707068853080273,273975.0,93431.0,104741.0,92339.0,0.8920193620454263,0.9937805859996747,24064,0.96256,targets_v2/train/20250305_100015_mask.png,targets_v2/train/20250305_100015_cavity_depth.npy
train,images/train/20250305_100020.jpg,labels/train/20250305_100020.txt,depths/train/20250305_100020.npy,True,,0.6428939779428385,0.2364530948463315,0.15262645483016968,0.1499234288930893,0.03846610710024834,0.040409207344055176,0.055945657193660736,0.060999855399131775,0.062438786029815674,0.0057114167138934135,281748.0,105120.0,114999.0,103463.0,0.9140949051730884,0.9728274019297646,24677,0.98708,targets_v2/train/20250305_100020_mask.png,targets_v2/train/20250305_100020_cavity_depth.npy
train,images/train/20250305_100027.jpg,labels/train/20250305_100027.txt,depths/train/20250305_100027.npy,True,,0.4842910529417406,0.21728143097547786,0.09215255826711655,0.09185821563005447,0.0247794296592474,0.026030898094177246,0.033158883452415466,0.0358111746609211,0.037156760692596436,0.002274539787322283,277908.0,105746.0,105751.0,105374.0,0.9999527191232234,0.9960814119355836,25000,1.0,targets_v2/train/20250305_100027_mask.png,targets_v2/train/20250305_100027_cavity_depth.npy
train,images/train/20250305_100053.jpg,labels/train/20250305_100053.txt,depths/train/20250305_100053.npy,True,,0.17512747826299424,0.08656017699716793,0.014182678423821926,0.013064878061413765,0.008397466503083706,0.008959561586380005,0.01091718953102827,0.011652443557977676,0.012411236763000488,0.00010919399937847629,266467.0,26590.0,26590.0,24644.0,1.0,0.9168372226462648,25000,1.0,targets_v2/train/20250305_100053_mask.png,targets_v2/train/20250305_100053_cavity_depth.npy
train,images/train/20250305_100109.jpg,labels/train/20250305_100109.txt,depths/train/20250305_100109.npy,True,,0.3228964046201196,0.23957923289646438,0.07387522608041763,0.07214267551898956,0.0140425655990839,0.014470040798187256,0.01834549754858017,0.01985408179461956,0.02257847785949707,0.0010101088555529714,268952.0,104088.0,104088.0,101999.0,1.0,0.9736948977157237,25000,1.0,targets_v2/train/20250305_100109_mask.png,targets_v2/train/20250305_100109_cavity_depth.npy
train,images/train/20250305_100120.jpg,labels/train/20250305_100120.txt,depths/train/20250305_100120.npy,True,,0.17894773319765572,0.11374997026238828,0.018809977918863297,0.017424648627638817,0.009081166237592697,0.009825065732002258,0.01120465062558651,0.011888875626027584,0.012560248374938965,0.00015681740478612483,253317.0,51624.0,51632.0,48532.0,0.9998450573287884,0.9180458056637187,25000,1.0,targets_v2/train/20250305_100120_mask.png,targets_v2/train/20250305_100120_cavity_depth.npy
train,images/train/20250305_100125.jpg,labels/train/20250305_100125.txt,depths/train/20250305_100125.npy,True,,0.2088302579467531,0.15932100430027907,0.03133733943104744,0.02931063435971737,0.01220646407455206,0.01251286268234253,0.016511112451553345,0.017795274034142494,0.018711864948272705,0.00035715766716748476,260558.0,71927.0,73501.0,67985.0,0.9785853253697229,0.933701332663493,25000,1.0,targets_v2/train/20250305_100125_mask.png,targets_v2/train/20250305_100125_cavity_depth.npy
train,images/train/20250305_100138.jpg,labels/train/20250305_100138.txt,depths/train/20250305_100138.npy,True,,0.14633022857366396,0.1120049285291718,0.014544598758220673,0.014244042336940765,0.015686258673667908,0.01750737428665161,0.020055854693055153,0.02077293023467064,0.021303653717041016,0.0002193198597524315,254687.0,38360.0,38360.0,37722.0,1.0,0.9612953514132744,25000,1.0,targets_v2/train/20250305_100138_mask.png,targets_v2/train/20250305_100138_cavity_depth.npy
train,images/train/20250305_100147.jpg,labels/train/20250305_100147.txt,depths/train/20250305_100147.npy,True,,0.2712000461347858,0.19017667153436552,0.0489715076982975,0.04819582402706146,0.01299586147069931,0.013485729694366455,0.017307862639427185,0.01877284049987793,0.01977255940437317,0.0006161937490105629,263623.0,93368.0,93368.0,92176.0,1.0,0.968208163275019,25000,1.0,targets_v2/train/20250305_100147_mask.png,targets_v2/train/20250305_100147_cavity_depth.npy
train,images/train/20250305_100408.jpg,labels/train/20250305_100408.txt,depths/train/20250305_100408.npy,True,,0.9295327341051058,0.3952939081183009,0.33836498856544495,0.3284224271774292,0.04994891956448555,0.05177292227745056,0.07098090648651123,0.07721973955631256,0.08070170879364014,0.016794055700302124,289741.0,157336.0,166971.0,154030.0,0.9422953686568326,0.9936743320151791,25000,1.0,targets_v2/train/20250305_100408_mask.png,targets_v2/train/20250305_100408_cavity_depth.npy
train,images/train/20250305_100717.jpg,labels/train/20250305_100717.txt,depths/train/20250305_100717.npy,True,,0.6696993579516384,0.10527857911586225,0.07300664484500885,0.07299035787582397,0.020597681403160095,0.022101670503616333,0.028223084285855293,0.03190962225198746,0.03344297409057617,0.0015131112886592746,278282.0,50520.0,50530.0,50510.0,0.9998020977637048,1.0062135118224536,25000,1.0,targets_v2/train/20250305_100717_mask.png,targets_v2/train/20250305_100717_cavity_depth.npy
train,images/train/20250305_100728.jpg,labels/train/20250305_100728.txt,depths/train/20250305_100728.npy,True,,0.337917835032555,0.15346093835378602,0.037770651280879974,0.028805427253246307,0.008547529578208923,0.007757604122161865,0.014639586210250854,0.01801251620054245,0.019278407096862793,0.00024340840172953904,267389.0,54884.0,54884.0,41843.0,1.0,0.7539464122892234,25000,1.0,targets_v2/train/20250305_100728_mask.png,targets_v2/train/20250305_100728_cavity_depth.npy
train,images/train/20250305_100804.jpg,labels/train/20250305_100804.txt,depths/train/20250305_100804.npy,True,,0.6786641189096444,0.36256735367086396,0.24237795174121857,0.09566884487867355,0.011076612398028374,0.010229647159576416,0.019625701010227203,0.02260100096464157,0.023846209049224854,0.0011002665851265192,284128.0,168918.0,185815.0,65108.0,0.9090654683421683,0.4098244397668269,25000,1.0,targets_v2/train/20250305_100804_mask.png,targets_v2/train/20250305_100804_cavity_depth.npy
train,images/train/20250305_100858.jpg,labels/train/20250305_100858.txt,depths/train/20250305_100858.npy,True,,0.520122474606943,0.2754607957933627,0.12876679003238678,0.11536190658807755,0.010555233806371689,0.01094365119934082,0.015221142210066319,0.018231315538287163,0.019531220197677612,0.0011895298957824707,271546.0,103249.0,111834.0,93508.0,0.9232344367544754,0.8751925944826605,25000,1.0,targets_v2/train/20250305_100858_mask.png,targets_v2/train/20250305_100858_cavity_depth.npy
train,images/train/20250305_101458.jpg,labels/train/20250305_101458.txt,depths/train/20250305_101458.npy,True,,0.37615183597370005,0.32960191623832064,0.10646366328001022,0.10166356712579727,0.01790851354598999,0.018792003393173218,0.02769637107849121,0.029540710151195526,0.0313376784324646,0.0017824944807216525,275839.0,96915.0,96916.0,93384.0,0.9999896817862891,0.9349044961843435,25000,1.0,targets_v2/train/20250305_101458_mask.png,targets_v2/train/20250305_101458_cavity_depth.npy
train,images/train/20250305_101534.jpg,labels/train/20250305_101534.txt,depths/train/20250305_101534.npy,True,,0.2148207646508376,0.09603296755975112,0.017698433250188828,0.01757778413593769,0.014565013349056244,0.015439212322235107,0.01983536407351494,0.02069619670510292,0.02124437689781189,0.00025400888989679515,267575.0,29945.0,29945.0,29775.0,1.0,0.985378783799318,25000,1.0,targets_v2/train/20250305_101534_mask.png,targets_v2/train/20250305_101534_cavity_depth.npy
train,images/train/20250305_101600.jpg,labels/train/20250305_101600.txt,depths/train/20250305_101600.npy,True,,0.28929905861374705,0.164413458564238,0.03320913016796112,0.029743900522589684,0.012429027818143368,0.013204216957092285,0.018599282950162888,0.019657080993056297,0.020529508590698242,0.0003639782371465117,275504.0,21003.0,21003.0,19000.0,1.0,0.8818216491161869,25000,1.0,targets_v2/train/20250305_101600_mask.png,targets_v2/train/20250305_101600_cavity_depth.npy
train,images/train/20250305_101703.jpg,labels/train/20250305_101703.txt,depths/train/20250305_101703.npy,True,,0.4882407196651811,0.33323594200973106,0.14745542407035828,0.12970325350761414,0.018783075734972954,0.017677754163742065,0.03127291798591614,0.036294713616371155,0.037986546754837036,0.002394257578998804,275493.0,122733.0,122733.0,111631.0,1.0,0.8644570266154666,25000,1.0,targets_v2/train/20250305_101703_mask.png,targets_v2/train/20250305_101703_cavity_depth.npy
train,images/train/20250305_101800.jpg,labels/train/20250305_101800.txt,depths/train/20250305_101800.npy,True,,0.271307548078178,0.13669448930653283,0.03396402299404144,0.027510706335306168,0.011731875129044056,0.012327909469604492,0.01675933599472046,0.018177634105086327,0.019146621227264404,0.00031657511135563254,270983.0,32875.0,32875.0,27667.0,1.0,0.7944932471807656,25000,1.0,targets_v2/train/20250305_101800_mask.png,targets_v2/train/20250305_101800_cavity_depth.npy
train,images/train/20250305_102058.jpg,labels/train/20250305_102058.txt,depths/train/20250305_102058.npy,True,,0.22092539886361176,0.1897867254900023,0.0358472503721714,0.03535030037164688,0.030074171721935272,0.03264576196670532,0.03636644035577774,0.0377558209002018,0.0391768217086792,0.0010487001854926348,272543.0,38866.0,38871.0,38383.0,0.9998713694013532,0.972751301340847,24977,0.99908,targets_v2/train/20250305_102058_mask.png,targets_v2/train/20250305_102058_cavity_depth.npy
train,images/train/20250305_102121.jpg,labels/train/20250305_102121.txt,depths/train/20250305_102121.npy,True,,0.1723453060108,0.11328079476289604,0.016805274412035942,0.016621051356196404,0.01673663780093193,0.018256470561027527,0.022123750299215317,0.02351084165275097,0.024482935667037964,0.00027412790223024786,267719.0,25067.0,25068.0,24832.0,0.9999601085048667,0.9746291951608277,25000,1.0,targets_v2/train/20250305_102121_mask.png,targets_v2/train/20250305_102121_cavity_depth.npy
train,images/train/20250305_102128.jpg,labels/train/20250305_102128.txt,depths/train/20250305_102128.npy,True,,0.23479379751416196,0.19139183481442074,0.043451473116874695,0.043451473116874695,0.03300216421484947,0.03512120246887207,0.03997679799795151,0.04237598925828934,0.044040024280548096,0.0014282444026321173,284131.0,21695.0,21695.0,21695.0,1.0,0.9959914379314513,24283,0.97132,targets_v2/train/20250305_102128_mask.png,targets_v2/train/20250305_102128_cavity_depth.npy
train,images/train/20250305_102150.jpg,labels/train/20250305_102150.txt,depths/train/20250305_102150.npy,True,,0.18653466142064767,0.10662765912278124,0.01989639550447464,0.01624184474349022,0.014260758645832539,0.014816537499427795,0.021063707768917084,0.023104825988411903,0.023862749338150024,0.00022849065135233104,266797.0,25790.0,25790.0,21588.0,1.0,0.8052883209170689,25000,1.0,targets_v2/train/20250305_102150_mask.png,targets_v2/train/20250305_102150_cavity_depth.npy
train,images/train/20250305_102237.jpg,labels/train/20250305_102237.txt,depths/train/20250305_102237.npy,True,,0.69084350734659,0.5758517879085119,0.3680286407470703,0.35446393489837646,0.024229703471064568,0.025510966777801514,0.0337069034576416,0.03638797998428345,0.03882485628128052,0.00849701464176178,285220.0,127488.0,127488.0,123551.0,1.0,0.952876573125203,25000,1.0,targets_v2/train/20250305_102237_mask.png,targets_v2/train/20250305_102237_cavity_depth.npy
train,images/train/20250305_102338.jpg,labels/train/20250305_102338.txt,depths/train/20250305_102338.npy,True,,0.15671336696682994,0.06150783181816924,0.008440693840384483,0.008094439283013344,0.013087920844554901,0.01516394317150116,0.017566168680787086,0.018288390710949898,0.018873363733291626,0.00010432002454763278,212671.0,30724.0,31330.0,29622.0,0.9806575167571018,0.9443193153775716,24821,0.99284,targets_v2/train/20250305_102338_mask.png,targets_v2/train/20250305_102338_cavity_depth.npy
train,images/train/20250305_102346.jpg,labels/train/20250305_102346.txt,depths/train/20250305_102346.npy,True,,0.33100176354064925,0.2201286455090567,0.04413970187306404,0.025568179786205292,0.014025078155100346,0.014178961515426636,0.022521108388900757,0.0256581399589777,0.02719801664352417,0.00035547709558159113,268196.0,70358.0,76453.0,41671.0,0.920277817744235,0.574218178934764,24995,0.9998,targets_v2/train/20250305_102346_mask.png,targets_v2/train/20250305_102346_cavity_depth.npy
train,images/train/20250305_102506.jpg,labels/train/20250305_102506.txt,depths/train/20250305_102506.npy,True,,0.857342666854215,0.4763888391616028,0.37788259983062744,0.33676743507385254,0.0257603470236063,0.02571272850036621,0.04489681497216225,0.04973454028367996,0.052674293518066406,0.00866234302520752,282832.0,161745.0,161750.0,146377.0,0.999969088098918,0.8898704262544677,24875,0.995,targets_v2/train/20250305_102506_mask.png,targets_v2/train/20250305_102506_cavity_depth.npy
train,images/train/20250305_102814.jpg,labels/train/20250305_102814.txt,depths/train/20250305_102814.npy,True,,0.17687221640081086,0.1706758535710794,0.03159836679697037,0.02878345549106598,0.014820306561887264,0.016189664602279663,0.01935594156384468,0.020496051758527756,0.02147701382637024,0.0004184825229458511,269518.0,42408.0,42408.0,38997.0,1.0,0.8936253948156129,25000,1.0,targets_v2/train/20250305_102814_mask.png,targets_v2/train/20250305_102814_cavity_depth.npy
train,images/train/20250305_102845.jpg,labels/train/20250305_102845.txt,depths/train/20250305_102845.npy,True,,0.492974386371448,0.4271920037809438,0.20569616556167603,0.2018570750951767,0.022015759721398354,0.025050312280654907,0.029873734340071678,0.031680379062891006,0.03471463918685913,0.004427232779562473,280534.0,126496.0,126747.0,124290.0,0.9980196769943273,0.977625418190129,25000,1.0,targets_v2/train/20250305_102845_mask.png,targets_v2/train/20250305_102845_cavity_depth.npy
train,images/train/20250305_102923.jpg,labels/train/20250305_102923.txt,depths/train/20250305_102923.npy,True,,0.5685660607750578,0.17497745441731447,0.05757855623960495,0.0512419119477272,0.015832284465432167,0.0141429603099823,0.029028095304965973,0.03469710052013397,0.035947173833847046,0.0007522712694481015,269156.0,55450.0,58418.0,51847.0,0.9491937416549694,0.8252207132484741,25000,1.0,targets_v2/train/20250305_102923_mask.png,targets_v2/train/20250305_102923_cavity_depth.npy
train,images/train/20250305_102933.jpg,labels/train/20250305_102933.txt,depths/train/20250305_102933.npy,True,,0.8127655235332714,0.16958728150859098,0.1111963763833046,0.11010883003473282,0.016133539378643036,0.014753162860870361,0.0264999158680439,0.02982860431075096,0.03157806396484375,0.0017425402766093612,275185.0,50984.0,55386.0,50719.0,0.9205214314086593,0.9713204597049238,25000,1.0,targets_v2/train/20250305_102933_mask.png,targets_v2/train/20250305_102933_cavity_depth.npy
train,images/train/20250305_103013.jpg,labels/train/20250305_103013.txt,depths/train/20250305_103013.npy,True,,0.20712658795786287,0.17912555471896907,0.03129808232188225,0.03030085749924183,0.021601751446723938,0.022703319787979126,0.029687076807022095,0.03220429643988609,0.03335195779800415,0.0006400682032108307,261479.0,58378.0,86440.0,56553.0,0.6753586302637667,0.9467156577361581,25000,1.0,targets_v2/train/20250305_103013_mask.png,targets_v2/train/20250305_103013_cavity_depth.npy
train,images/train/20250305_103046.jpg,labels/train/20250305_103046.txt,depths/train/20250305_103046.npy,True,,0.887186705430834,0.33139191342410695,0.2510824501514435,0.24446475505828857,0.014887993223965168,0.015445291996002197,0.020679891109466553,0.022784307599067688,0.024863719940185547,0.0035912874154746532,277373.0,109642.0,126306.0,106706.0,0.8680664418159074,0.9607217949362385,25000,1.0,targets_v2/train/20250305_103046_mask.png,targets_v2/train/20250305_103046_cavity_depth.npy
train,images/train/20250305_103310.jpg,labels/train/20250305_103310.txt,depths/train/20250305_103310.npy,True,,0.7031959792453877,0.3298548260932703,0.21122922003269196,0.20833535492420197,0.04226420074701309,0.047369033098220825,0.05730987712740898,0.05970465764403343,0.06152850389480591,0.008612293750047684,284268.0,146150.0,154806.0,144278.0,0.9440848545921993,0.9646997778496195,25000,1.0,targets_v2/train/20250305_103310_mask.png,targets_v2/train/20250305_103310_cavity_depth.npy
train,images/train/20250305_103318.jpg,labels/train/20250305_103318.txt,depths/train/20250305_103318.npy,True,,0.6683938195216501,0.23213056813434613,0.1523595005273819,0.14906620979309082,0.015635423362255096,0.012692451477050781,0.03204091638326645,0.03867804631590843,0.040821194648742676,0.002651175484061241,273317.0,112788.0,123288.0,108922.0,0.9148335604438388,1.1129080649474317,25000,1.0,targets_v2/train/20250305_103318_mask.png,targets_v2/train/20250305_103318_cavity_depth.npy
train,images/train/20250305_103335.jpg,labels/train/20250305_103335.txt,depths/train/20250305_103335.npy,True,,0.5268245197769412,0.33875371275463867,0.17693331837654114,0.12678410112857819,0.022473927587270737,0.022820621728897095,0.038385652005672455,0.041895344853401184,0.044599950313568115,0.0028421315364539623,278612.0,168301.0,189355.0,116620.0,0.8888120197512609,0.714752319906912,25000,1.0,targets_v2/train/20250305_103335_mask.png,targets_v2/train/20250305_103335_cavity_depth.npy
train,images/train/20250305_103343.jpg,labels/train/20250305_103343.txt,depths/train/20250305_103343.npy,True,,1.3213241917211522,0.22027304831547434,0.3378590941429138,0.3172866702079773,0.013777493499219418,0.013713926076889038,0.021430419757962227,0.025302153080701828,0.02706730365753174,0.004209195729345083,271216.0,101757.0,120369.0,98047.0,0.8453754704284325,0.9042599433244396,25000,1.0,targets_v2/train/20250305_103343_mask.png,targets_v2/train/20250305_103343_cavity_depth.npy
train,images/train/20250305_103403.jpg,labels/train/20250305_103403.txt,depths/train/20250305_103403.npy,True,,0.3667890926054299,0.3321892811598661,0.10771342366933823,0.10771342366933823,0.02964244969189167,0.030858337879180908,0.04133284091949463,0.04345265403389931,0.045257568359375,0.0032146137673407793,276251.0,98716.0,98716.0,98716.0,1.0,1.0068038757472508,24963,0.99852,targets_v2/train/20250305_103403_mask.png,targets_v2/train/20250305_103403_cavity_depth.npy
train,images/train/20250305_103511.jpg,labels/train/20250305_103511.txt,depths/train/20250305_103511.npy,True,,0.48026965324311305,0.27507119204931785,0.1211661696434021,0.11926841735839844,0.03030845709145069,0.033688902854919434,0.04788994789123535,0.05163955315947533,0.05392444133758545,0.0033888686448335648,281367.0,67518.0,67518.0,66606.0,1.0,0.9228041271875042,24826,0.99304,targets_v2/train/20250305_103511_mask.png,targets_v2/train/20250305_103511_cavity_depth.npy
train,images/train/20250305_103552.jpg,labels/train/20250305_103552.txt,depths/train/20250305_103552.npy,True,,1.2514265101331952,0.4758308654725303,0.6301194429397583,0.6186063289642334,0.037663739174604416,0.04040360450744629,0.052780091762542725,0.06001310795545578,0.06653660535812378,0.02417362481355667,283937.0,151689.0,163883.0,149073.0,0.9255932586052245,1.0185807478323115,24916,0.99664,targets_v2/train/20250305_103552_mask.png,targets_v2/train/20250305_103552_cavity_depth.npy
train,images/train/20250305_103603.jpg,labels/train/20250305_103603.txt,depths/train/20250305_103603.npy,True,,1.7379014950477978,0.41006013349970644,0.81791090965271,0.7670314311981201,0.037208441644907,0.04033839702606201,0.05025775358080864,0.055022090673446655,0.05929666757583618,0.02877044305205345,283119.0,135150.0,148267.0,130452.0,0.9115312240754855,0.9453640160222925,25000,1.0,targets_v2/train/20250305_103603_mask.png,targets_v2/train/20250305_103603_cavity_depth.npy
train,images/train/20250305_103915.jpg,labels/train/20250305_103915.txt,depths/train/20250305_103915.npy,True,,1.157471976509385,0.5375959264104802,0.6979666948318481,0.6719655990600586,0.04153492674231529,0.04464060068130493,0.05630356818437576,0.060673996806144714,0.06477195024490356,0.026218988001346588,283699.0,193011.0,215273.0,189934.0,0.896587124256177,0.9044150409268572,25000,1.0,targets_v2/train/20250305_103915_mask.png,targets_v2/train/20250305_103915_cavity_depth.npy
train,images/train/20250305_103954.jpg,labels/train/20250305_103954.txt,depths/train/20250305_103954.npy,True,,0.44547965828886293,0.4350699826519283,0.17620661854743958,0.17358234524726868,0.022480303421616554,0.022665798664093018,0.03331857919692993,0.03685244172811508,0.038475632667541504,0.004004134796559811,279654.0,137557.0,150447.0,135021.0,0.9143219871449746,1.0108443861919163,25000,1.0,targets_v2/train/20250305_103954_mask.png,targets_v2/train/20250305_103954_cavity_depth.npy
train,images/train/20250305_103958.jpg,labels/train/20250305_103958.txt,depths/train/20250305_103958.npy,True,,0.5278578609649975,0.2777597716158658,0.1266537457704544,0.12560483813285828,0.022390181198716164,0.024137049913406372,0.03197381645441055,0.034767940640449524,0.03638899326324463,0.002783255884423852,276777.0,138876.0,161901.0,137912.0,0.8577834602627532,0.9814710392151855,25000,1.0,targets_v2/train/20250305_103958_mask.png,targets_v2/train/20250305_103958_cavity_depth.npy
train,images/train/20250305_104025.jpg,labels/train/20250305_104025.txt,depths/train/20250305_104025.npy,True,,0.5778931923956321,0.3555267330913124,0.19634932279586792,0.18379709124565125,0.014430280774831772,0.013889491558074951,0.02408001758158207,0.031380850821733475,0.03417360782623291,0.002579260617494583,282512.0,95049.0,95049.0,87974.0,1.0,0.9103136141680526,25000,1.0,targets_v2/train/20250305_104025_mask.png,targets_v2/train/20250305_104025_cavity_depth.npy
train,images/train/20250305_104035.jpg,labels/train/20250305_104035.txt,depths/train/20250305_104035.npy,True,,0.47751829918280486,0.4162524823450957,0.19436079263687134,0.1835429072380066,0.019770070910453796,0.016442179679870605,0.03793460875749588,0.04306634142994881,0.045854270458221436,0.0034745563752949238,279561.0,109404.0,109404.0,105685.0,1.0,0.9042374170404432,25000,1.0,targets_v2/train/20250305_104035_mask.png,targets_v2/train/20250305_104035_cavity_depth.npy
train,images/train/20250305_104042.jpg,labels/train/20250305_104042.txt,depths/train/20250305_104042.npy,True,,0.4539806687739783,0.4158695270696807,0.18922677636146545,0.1730256974697113,0.01896049827337265,0.016502320766448975,0.0356745570898056,0.03985285758972168,0.04318350553512573,0.003331076120957732,281597.0,122849.0,122849.0,111718.0,1.0,0.9284365308097596,25000,1.0,targets_v2/train/20250305_104042_mask.png,targets_v2/train/20250305_104042_cavity_depth.npy
train,images/train/20250305_110155.jpg,labels/train/20250305_110155.txt,depths/train/20250305_110155.npy,True,,1.278791886874118,0.9708776994581025,1.123382568359375,1.1194772720336914,0.06678933650255203,0.06745409965515137,0.09287693351507187,0.10485433042049408,0.12805914878845215,0.07708066701889038,293050.0,135206.0,135217.0,134863.0,0.9999186492822648,1.0273316178225789,20281,0.81124,targets_v2/train/20250305_110155_mask.png,targets_v2/train/20250305_110155_cavity_depth.npy
train,images/train/20250305_110328.jpg,labels/train/20250305_110328.txt,depths/train/20250305_110328.npy,True,,1.0820793029541442,0.8444453742009376,0.9242597222328186,0.7474867105484009,0.020697280764579773,0.01672840118408203,0.04069948196411133,0.04812442511320114,0.05439877510070801,0.016046777367591858,291274.0,156580.0,156580.0,121131.0,1.0,0.8388426598201818,24492,0.97968,targets_v2/train/20250305_110328_mask.png,targets_v2/train/20250305_110328_cavity_depth.npy
train,images/train/20250305_110401.jpg,labels/train/20250305_110401.txt,depths/train/20250305_110401.npy,True,,0.2719003349682846,0.21369391778241764,0.051431506872177124,0.051431506872177124,0.05107603222131729,0.05049857497215271,0.0605740062892437,0.06790412962436676,0.0743556022644043,0.0026401360519230366,286238.0,19602.0,19817.0,19602.0,0.9891507291719231,1.005032038777077,20799,0.83196,targets_v2/train/20250305_110401_mask.png,targets_v2/train/20250305_110401_cavity_depth.npy
train,images/train/20250305_110443.jpg,labels/train/20250305_110443.txt,depths/train/20250305_110443.npy,True,,1.312148110165254,0.8743393591426353,0.7391855716705322,0.7128868103027344,0.0555923692882061,0.049452900886535645,0.09446737170219421,0.19896918535232544,0.30000001192092896,0.04088357836008072,263554.0,104270.0,132870.0,99374.0,0.78475201324603,0.9949018441390904,16947,0.67788,targets_v2/train/20250305_110443_mask.png,targets_v2/train/20250305_110443_cavity_depth.npy
train,images/train/20250305_110516.jpg,labels/train/20250305_110516.txt,depths/train/20250305_110516.npy,True,,0.9178939336008111,0.5752597425946139,0.5340200662612915,0.46946215629577637,0.05769810080528259,0.05735975503921509,0.09017781913280487,0.09975313395261765,0.10368859767913818,0.02654406614601612,287047.0,175962.0,175962.0,161425.0,1.0,0.8614862625197113,21780,0.8712,targets_v2/train/20250305_110516_mask.png,targets_v2/train/20250305_110516_cavity_depth.npy
train,images/train/20250305_110543.jpg,labels/train/20250305_110543.txt,depths/train/20250305_110543.npy,True,,0.477416933625841,0.18641799354773708,0.08202032744884491,0.0796198919415474,0.027242638170719147,0.029012352228164673,0.03826946020126343,0.040678247809410095,0.04292351007461548,0.002131938235834241,271454.0,104619.0,104633.0,102126.0,0.9998661990003154,0.9541221048768807,25000,1.0,targets_v2/train/20250305_110543_mask.png,targets_v2/train/20250305_110543_cavity_depth.npy
train,images/train/20250305_110746.jpg,labels/train/20250305_110746.txt,depths/train/20250305_110746.npy,True,,0.7136757321631597,0.4912991826036487,0.35586851835250854,0.3328559398651123,0.016010712832212448,0.015978604555130005,0.02527882345020771,0.029681123793125153,0.031777799129486084,0.005387588404119015,284114.0,159018.0,159018.0,147540.0,1.0,0.9455710588036709,25000,1.0,targets_v2/train/20250305_110746_mask.png,targets_v2/train/20250305_110746_cavity_depth.npy
train,images/train/20250305_110800.jpg,labels/train/20250305_110800.txt,depths/train/20250305_110800.npy,True,,0.29171078867634115,0.2537018183626164,0.06541131436824799,0.06192503497004509,0.01787296123802662,0.018355578184127808,0.028428250923752785,0.03102034330368042,0.03226727247238159,0.001095310552045703,277768.0,61530.0,61530.0,58574.0,1.0,0.9368884440717017,25000,1.0,targets_v2/train/20250305_110800_mask.png,targets_v2/train/20250305_110800_cavity_depth.npy
train,images/train/20250305_110857.jpg,labels/train/20250305_110857.txt,depths/train/20250305_110857.npy,True,,0.31084545979028455,0.2894618687944117,0.08475137501955032,0.08055031299591064,0.024204520508646965,0.025591909885406494,0.032899159938097,0.039761755615472794,0.04288357496261597,0.0019181123934686184,272905.0,100968.0,100968.0,96628.0,1.0,0.9350413452876509,25000,1.0,targets_v2/train/20250305_110857_mask.png,targets_v2/train/20250305_110857_cavity_depth.npy
train,images/train/20250305_110948.jpg,labels/train/20250305_110948.txt,depths/train/20250305_110948.npy,True,,0.6289953195735272,0.14179583659270487,0.08221195638179779,0.08087169378995895,0.021364787593483925,0.02150970697402954,0.03176964446902275,0.03437957912683487,0.03600120544433594,0.0016907069366425276,281227.0,53738.0,53738.0,52763.0,1.0,0.962575429728097,24997,0.99988,targets_v2/train/20250305_110948_mask.png,targets_v2/train/20250305_110948_cavity_depth.npy
train,images/train/20250305_111006.jpg,labels/train/20250305_111006.txt,depths/train/20250305_111006.npy,True,,0.22703994312346115,0.1450557283225618,0.02834213152527809,0.024910394102334976,0.007979749701917171,0.008197128772735596,0.011510372161865234,0.013181068003177643,0.014829039573669434,0.00019700081611517817,276255.0,31110.0,31110.0,27514.0,1.0,0.8710563417946768,25000,1.0,targets_v2/train/20250305_111006_mask.png,targets_v2/train/20250305_111006_cavity_depth.npy
train,images/train/20250305_111046.jpg,labels/train/20250305_111046.txt,depths/train/20250305_111046.npy,True,,0.36071911468129775,0.08866058442135047,0.022560440003871918,0.020666278898715973,0.014443456195294857,0.014786452054977417,0.020972132682800293,0.024350235238671303,0.025892555713653564,0.00029572262428700924,267665.0,37829.0,38948.0,35040.0,0.9712693848207867,0.907540170500191,25000,1.0,targets_v2/train/20250305_111046_mask.png,targets_v2/train/20250305_111046_cavity_depth.npy
train,images/train/20250305_111454.jpg,labels/train/20250305_111454.txt,depths/train/20250305_111454.npy,True,,0.2984354655533713,0.15969863218281793,0.043138287961483,0.04023659974336624,0.014067397452890873,0.01356920599937439,0.0209063533693552,0.022747155278921127,0.024066030979156494,0.00055964186321944,269086.0,69299.0,69299.0,65239.0,1.0,0.9222178642953704,25000,1.0,targets_v2/train/20250305_111454_mask.png,targets_v2/train/20250305_111454_cavity_depth.npy
train,images/train/20250305_111554.jpg,labels/train/20250305_111554.txt,depths/train/20250305_111554.npy,True,,0.16190622609140123,0.16175292270532127,0.017762375995516777,0.014163143932819366,0.008961307816207409,0.008262574672698975,0.014879971742630005,0.02050004154443741,0.023692220449447632,0.00012702797539532185,254041.0,45733.0,49324.0,37448.0,0.9271956856702619,0.7980441564158013,25000,1.0,targets_v2/train/20250305_111554_mask.png,targets_v2/train/20250305_111554_cavity_depth.npy
train,images/train/20250305_111558.jpg,labels/train/20250305_111558.txt,depths/train/20250305_111558.npy,True,,0.3172262334145512,0.1811346833067469,0.01844754070043564,0.01119188405573368,0.006093653850257397,0.005522549152374268,0.009786087088286877,0.011610925197601318,0.014824599027633667,6.976509757805616e-05,263628.0,34816.0,39272.0,21815.0,0.886534935832145,0.6206145430166258,25000,1.0,targets_v2/train/20250305_111558_mask.png,targets_v2/train/20250305_111558_cavity_depth.npy
train,images/train/20250305_111602.jpg,labels/train/20250305_111602.txt,depths/train/20250305_111602.npy,True,,0.08148528499526139,0.051245791350062006,0.003990994766354561,0.0026228877250105143,0.007362683303654194,0.006587326526641846,0.008924409747123718,0.01114532258361578,0.30000001192092896,1.8691884179133922e-05,138596.0,18564.0,33463.0,12571.0,0.5547619759136957,0.6361152433864855,24275,0.971,targets_v2/train/20250305_111602_mask.png,targets_v2/train/20250305_111602_cavity_depth.npy
train,images/train/20250305_111604.jpg,labels/train/20250305_111604.txt,depths/train/20250305_111604.npy,True,,0.07582678636150193,0.05934349880030238,0.004333436023443937,0.0026635597459971905,0.006310369353741407,0.006543681025505066,0.00793218333274126,0.00891222432255745,0.010216295719146729,1.668572804192081e-05,135891.0,19102.0,25779.0,12102.0,0.7409907288878544,0.6101800325884983,24305,0.9722,targets_v2/train/20250305_111604_mask.png,targets_v2/train/20250305_111604_cavity_depth.npy
train,images/train/20250305_111615.jpg,labels/train/20250305_111615.txt,depths/train/20250305_111615.npy,True,,0.12182779291694779,0.09963148221520776,0.011301381513476372,0.007065420038998127,0.006128599867224693,0.00583156943321228,0.009119778871536255,0.011799350380897522,0.013095974922180176,4.303780588088557e-05,251668.0,32499.0,33148.0,20826.0,0.9804211415470013,0.621380068722353,25000,1.0,targets_v2/train/20250305_111615_mask.png,targets_v2/train/20250305_111615_cavity_depth.npy
train,images/train/20250305_111636.jpg,labels/train/20250305_111636.txt,depths/train/20250305_111636.npy,True,,0.8016902106003275,0.5343765532809459,0.30192917585372925,0.2867583632469177,0.014768111519515514,0.015059292316436768,0.020840894430875778,0.024455590173602104,0.026419520378112793,0.0040696305222809315,287616.0,101221.0,101224.0,97547.0,0.9999703627598198,0.9126934568918942,24986,0.99944,targets_v2/train/20250305_111636_mask.png,targets_v2/train/20250305_111636_cavity_depth.npy
train,images/train/20250305_112128.jpg,labels/train/20250305_112128.txt,depths/train/20250305_112128.npy,True,,0.4646223225579901,0.1414668755769311,0.058089204132556915,0.057175252586603165,0.016470689326524734,0.016352415084838867,0.02487887069582939,0.030629102140665054,0.03348928689956665,0.0009304278646595776,279461.0,46950.0,46950.0,46269.0,1.0,0.9724684188378836,25000,1.0,targets_v2/train/20250305_112128_mask.png,targets_v2/train/20250305_112128_cavity_depth.npy
train,images/train/20250305_112207.jpg,labels/train/20250305_112207.txt,depths/train/20250305_112207.npy,True,,0.27389120303756564,0.17872950030933238,0.04557698965072632,0.045565567910671234,0.01904595084488392,0.020929262042045593,0.025378301739692688,0.027494600042700768,0.028985947370529175,0.0008470525499433279,271215.0,57499.0,57499.0,57486.0,1.0,0.9758027962766507,25000,1.0,targets_v2/train/20250305_112207_mask.png,targets_v2/train/20250305_112207_cavity_depth.npy
train,images/train/20250305_112253.jpg,labels/train/20250305_112253.txt,depths/train/20250305_112253.npy,True,,0.15172739452421552,0.1371628558320264,0.01563861593604088,0.011801358312368393,0.01538045797497034,0.01571577787399292,0.02383849024772644,0.025564923882484436,0.02637350559234619,0.00017713957640808076,264549.0,27320.0,27320.0,20982.0,1.0,0.7364580613276517,25000,1.0,targets_v2/train/20250305_112253_mask.png,targets_v2/train/20250305_112253_cavity_depth.npy
train,images/train/20250305_112325.jpg,labels/train/20250305_112325.txt,depths/train/20250305_112325.npy,True,,0.33963428180536026,0.1330920060616812,0.04138287156820297,0.040278367698192596,0.01931680180132389,0.0194263756275177,0.026494942605495453,0.02889775112271309,0.031368136405944824,0.000782037153840065,273630.0,53998.0,53998.0,52560.0,1.0,0.9782988420922003,25000,1.0,targets_v2/train/20250305_112325_mask.png,targets_v2/train/20250305_112325_cavity_depth.npy
train,images/train/20250305_113235.jpg,labels/train/20250305_113235.txt,depths/train/20250305_113235.npy,True,,0.4011198215349853,0.14487816920251267,0.04997287690639496,0.04355287179350853,0.013816745020449162,0.014581143856048584,0.01931142807006836,0.02089807577431202,0.022677838802337646,0.0006117279990576208,277683.0,41853.0,41853.0,37189.0,1.0,0.8859684641717133,25000,1.0,targets_v2/train/20250305_113235_mask.png,targets_v2/train/20250305_113235_cavity_depth.npy
train,images/train/20250305_113238.jpg,labels/train/20250305_113238.txt,depths/train/20250305_113238.npy,True,,0.2640830481204882,0.1265990862751809,0.028273651376366615,0.022729340940713882,0.010970608331263065,0.012817591428756714,0.015186533331871033,0.016452062875032425,0.017398059368133545,0.00025223841657862067,262648.0,54085.0,54086.0,44836.0,0.9999815109270421,0.8132023452647311,25000,1.0,targets_v2/train/20250305_113238_mask.png,targets_v2/train/20250305_113238_cavity_depth.npy
train,images/train/20250305_113241.jpg,labels/train/20250305_113241.txt,depths/train/20250305_113241.npy,True,,0.18787354615282448,0.14886576688799152,0.024199727922677994,0.022507524117827415,0.01378659624606371,0.01579652726650238,0.01832328364253044,0.01954539865255356,0.020948350429534912,0.00031193631002679467,259190.0,66521.0,66541.0,62524.0,0.9996994334320194,0.9349715374050349,25000,1.0,targets_v2/train/20250305_113241_mask.png,targets_v2/train/20250305_113241_cavity_depth.npy
train,images/train/20250305_113255.jpg,labels/train/20250305_113255.txt,depths/train/20250305_113255.npy,True,,0.6741613987648325,0.24803487971587698,0.15848693251609802,0.157615527510643,0.02809932455420494,0.028132587671279907,0.03958498314023018,0.04591821879148483,0.05503642559051514,0.004374063108116388,284956.0,82117.0,83229.0,81742.0,0.986639272369006,0.9821904436929683,25000,1.0,targets_v2/train/20250305_113255_mask.png,targets_v2/train/20250305_113255_cavity_depth.npy
train,images/train/20250305_113505.jpg,labels/train/20250305_113505.txt,depths/train/20250305_113505.npy,True,,0.4783194280279427,0.3015852142708094,0.08430900424718857,0.08416976779699326,0.02067880891263485,0.02185237407684326,0.026570629328489304,0.02983332797884941,0.03168606758117676,0.0017566110473126173,284185.0,44071.0,44071.0,43989.0,1.0,1.0075720917468758,24997,0.99988,targets_v2/train/20250305_113505_mask.png,targets_v2/train/20250305_113505_cavity_depth.npy
train,images/train/20250305_113513.jpg,labels/train/20250305_113513.txt,depths/train/20250305_113513.npy,True,,0.3684640509692921,0.15081024346334018,0.04370325803756714,0.041808005422353745,0.01685183122754097,0.016405761241912842,0.028344059363007545,0.03328515216708183,0.0355069637298584,0.0007013120921328664,286791.0,18299.0,18299.0,17527.0,1.0,0.9522487510562933,25000,1.0,targets_v2/train/20250305_113513_mask.png,targets_v2/train/20250305_113513_cavity_depth.npy
train,images/train/20250305_113609.jpg,labels/train/20250305_113609.txt,depths/train/20250305_113609.npy,True,,0.6445246227556156,0.33007524630990936,0.18469467759132385,0.1846281886100769,0.03355231508612633,0.03513479232788086,0.045889127999544144,0.04906569421291351,0.05298835039138794,0.0061906855553388596,283801.0,92228.0,92228.0,92203.0,1.0,0.9989916849334952,24731,0.98924,targets_v2/train/20250305_113609_mask.png,targets_v2/train/20250305_113609_cavity_depth.npy
train,images/train/20250305_113619.jpg,labels/train/20250305_113619.txt,depths/train/20250305_113619.npy,True,,0.3275342720285287,0.11531916932997847,0.025185853242874146,0.020451687276363373,0.01673184707760811,0.0171796977519989,0.026986265555024147,0.030945448204874992,0.03242993354797363,0.00034180100192315876,277269.0,23353.0,23353.0,19000.0,1.0,0.8110969650653828,25000,1.0,targets_v2/train/20250305_113619_mask.png,targets_v2/train/20250305_113619_cavity_depth.npy
train,images/train/20250305_113640.jpg,labels/train/20250305_113640.txt,depths/train/20250305_113640.npy,True,,0.14172435047131732,0.1136626594832415,0.013384932652115822,0.012158911675214767,0.012563135474920273,0.012567520141601562,0.018683116883039474,0.02099176123738289,0.02197059988975525,0.00015259944484569132,249387.0,55998.0,59346.0,51053.0,0.9435850773430391,0.9074834643593228,25000,1.0,targets_v2/train/20250305_113640_mask.png,targets_v2/train/20250305_113640_cavity_depth.npy
train,images/train/20250305_113647.jpg,labels/train/20250305_113647.txt,depths/train/20250305_113647.npy,True,,0.22083620187789332,0.10615647780467033,0.01713365688920021,0.013739880174398422,0.011591173708438873,0.012696951627731323,0.01627306267619133,0.01725304126739502,0.017826050519943237,0.00015731265011709183,255071.0,54502.0,57604.0,44427.0,0.9461495729463232,0.7921112242805668,25000,1.0,targets_v2/train/20250305_113647_mask.png,targets_v2/train/20250305_113647_cavity_depth.npy
train,images/train/20250305_113702.jpg,labels/train/20250305_113702.txt,depths/train/20250305_113702.npy,True,,0.2054891347175441,0.13766163298613493,0.024453356862068176,0.02156916633248329,0.011544500477612019,0.012108683586120605,0.016989797353744507,0.018365785479545593,0.020136237144470215,0.000250357436016202,265343.0,47973.0,47973.0,43011.0,1.0,0.8868432468664993,25000,1.0,targets_v2/train/20250305_113702_mask.png,targets_v2/train/20250305_113702_cavity_depth.npy
train,images/train/20250305_113748.jpg,labels/train/20250305_113748.txt,depths/train/20250305_113748.npy,True,,0.28597179100941583,0.13599884176228608,0.0364275723695755,0.0356522873044014,0.02031298540532589,0.021064430475234985,0.03235435485839844,0.03635613992810249,0.0376741886138916,0.0007107898127287626,274463.0,41426.0,41426.0,40636.0,1.0,0.9605881141361025,25000,1.0,targets_v2/train/20250305_113748_mask.png,targets_v2/train/20250305_113748_cavity_depth.npy
train,images/train/20250305_114119.jpg,labels/train/20250305_114119.txt,depths/train/20250305_114119.npy,True,,0.582537590747953,0.2814030797963722,0.11186294257640839,0.10872730612754822,0.022234896197915077,0.022856205701828003,0.033117473125457764,0.03528659790754318,0.03693568706512451,0.002420146018266678,279793.0,92184.0,98661.0,89686.0,0.934350959345638,0.9730165428702241,25000,1.0,targets_v2/train/20250305_114119_mask.png,targets_v2/train/20250305_114119_cavity_depth.npy
train,images/train/20250305_114516.jpg,labels/train/20250305_114516.txt,depths/train/20250305_114516.npy,True,,0.7313320858431819,0.3870900012372839,0.26103904843330383,0.26018884778022766,0.019576765596866608,0.019517451524734497,0.02545430138707161,0.029697779566049576,0.03337019681930542,0.005127306561917067,283289.0,121745.0,123264.0,121418.0,0.9876768561786086,1.003327847334713,25000,1.0,targets_v2/train/20250305_114516_mask.png,targets_v2/train/20250305_114516_cavity_depth.npy
train,images/train/20250305_114525.jpg,labels/train/20250305_114525.txt,depths/train/20250305_114525.npy,True,,0.5054631818960105,0.2904208388559779,0.13489770889282227,0.12541888654232025,0.015600883401930332,0.01611274480819702,0.01857471466064453,0.020740162581205368,0.023154258728027344,0.001941442722454667,272828.0,153925.0,160623.0,144358.0,0.9582998698816483,0.9225094370396839,24983,0.99932,targets_v2/train/20250305_114525_mask.png,targets_v2/train/20250305_114525_cavity_depth.npy
train,images/train/20250305_114530.jpg,labels/train/20250305_114530.txt,depths/train/20250305_114530.npy,True,,0.22717198864151206,0.20449539892827456,0.04170580953359604,0.03948293998837471,0.016215352341532707,0.018272310495376587,0.020271681249141693,0.02107101120054722,0.021963059902191162,0.0006228117272257805,270005.0,54913.0,54916.0,52463.0,0.9999453711122441,0.9209453006875259,25000,1.0,targets_v2/train/20250305_114530_mask.png,targets_v2/train/20250305_114530_cavity_depth.npy
train,images/train/20250305_114536.jpg,labels/train/20250305_114536.txt,depths/train/20250305_114536.npy,True,,0.2188867795311376,0.13647079320099062,0.02694527432322502,0.02542596496641636,0.015200315043330193,0.01660652458667755,0.018502792343497276,0.019194433465600014,0.019971072673797607,0.00038227750337682664,263151.0,56209.0,56209.0,53524.0,1.0,0.9333478734953681,25000,1.0,targets_v2/train/20250305_114536_mask.png,targets_v2/train/20250305_114536_cavity_depth.npy
train,images/train/20250305_114551.jpg,labels/train/20250305_114551.txt,depths/train/20250305_114551.npy,True,,0.38013105760841787,0.30390325177162664,0.10843576490879059,0.10785980522632599,0.014108640141785145,0.015313774347305298,0.018029293045401573,0.020780015736818314,0.025411248207092285,0.0014940490946173668,270641.0,145788.0,156970.0,145084.0,0.9287634579856023,0.976578513862838,25000,1.0,targets_v2/train/20250305_114551_mask.png,targets_v2/train/20250305_114551_cavity_depth.npy
train,images/train/20250305_114604.jpg,labels/train/20250305_114604.txt,depths/train/20250305_114604.npy,True,,0.15392124638181248,0.10478559010851865,0.015448765829205513,0.013734550215303898,0.010618365369737148,0.011541187763214111,0.012876123189926147,0.013760949485003948,0.014308780431747437,0.00014557164104189724,254222.0,52853.0,52853.0,46971.0,1.0,0.8874120520717732,25000,1.0,targets_v2/train/20250305_114604_mask.png,targets_v2/train/20250305_114604_cavity_depth.npy
train,images/train/20250305_114701.jpg,labels/train/20250305_114701.txt,depths/train/20250305_114701.npy,True,,0.6818815151732085,0.1741101034499214,0.10437017679214478,0.10437017679214478,0.017125945538282394,0.017512470483779907,0.02176051214337349,0.024688124656677246,0.02694147825241089,0.0017941833939403296,281188.0,69322.0,72488.0,69322.0,0.9563238053195011,1.00377379831617,25000,1.0,targets_v2/train/20250305_114701_mask.png,targets_v2/train/20250305_114701_cavity_depth.npy
train,images/train/20250305_114711.jpg,labels/train/20250305_114711.txt,depths/train/20250305_114711.npy,True,,0.27811429941547117,0.14805922338444016,0.036609724164009094,0.036609724164009094,0.01727689430117607,0.017955303192138672,0.021973585709929466,0.023571938276290894,0.024483680725097656,0.0006316708168014884,269003.0,57769.0,64960.0,57769.0,0.8893011083743843,0.9986853519274334,25000,1.0,targets_v2/train/20250305_114711_mask.png,targets_v2/train/20250305_114711_cavity_depth.npy
train,images/train/20250305_114841.jpg,labels/train/20250305_114841.txt,depths/train/20250305_114841.npy,True,,0.31532112303377585,0.25162538319327293,0.07916036248207092,0.07911545038223267,0.010199499316513538,0.010414719581604004,0.012824266217648983,0.014384051784873009,0.017552852630615234,0.0008113312651403248,270141.0,109443.0,109443.0,109379.0,1.0,1.0048739426530102,25000,1.0,targets_v2/train/20250305_114841_mask.png,targets_v2/train/20250305_114841_cavity_depth.npy
train,images/train/20250305_115523.jpg,labels/train/20250305_115523.txt,depths/train/20250305_115523.npy,True,,0.6945665920993256,0.17423225468590858,0.11483372747898102,0.10909229516983032,0.02873750403523445,0.03117150068283081,0.04236283898353577,0.04536553472280502,0.04678356647491455,0.003062901785597205,280449.0,70292.0,73947.0,67208.0,0.9505727074796814,0.9281422947698698,24962,0.99848,targets_v2/train/20250305_115523_mask.png,targets_v2/train/20250305_115523_cavity_depth.npy
train,images/train/20250305_121222.jpg,labels/train/20250305_121222.txt,depths/train/20250305_121222.npy,True,,1.5922340456527446,1.236005654850847,1.9895461797714233,1.8480699062347412,0.02809484861791134,0.025990605354309082,0.05046689510345459,0.061298269778490067,0.0676952600479126,0.05541499704122543,291470.0,171110.0,171110.0,152336.0,1.0,0.9913947025073777,24699,0.98796,targets_v2/train/20250305_121222_mask.png,targets_v2/train/20250305_121222_cavity_depth.npy
train,images/train/20250305_121258.jpg,labels/train/20250305_121258.txt,depths/train/20250305_121258.npy,True,,0.7655513313326235,0.3652515538418192,0.19445708394050598,0.1694384515285492,0.03112124651670456,0.0323028564453125,0.04889620468020439,0.0544327050447464,0.057225584983825684,0.00513872317969799,284552.0,83913.0,83913.0,74459.0,1.0,0.849130558542368,23799,0.95196,targets_v2/train/20250305_121258_mask.png,targets_v2/train/20250305_121258_cavity_depth.npy
train,images/train/20250305_121411.jpg,labels/train/20250305_121411.txt,depths/train/20250305_121411.npy,True,,0.19977040162258292,0.07886643569019838,0.015749124810099602,0.015690233558416367,0.011614445596933365,0.011875241994857788,0.01496616005897522,0.01642603985965252,0.01695549488067627,0.00018200383055955172,194519.0,71922.0,79780.0,71665.0,0.9015041363750314,0.995005816943271,24733,0.98932,targets_v2/train/20250305_121411_mask.png,targets_v2/train/20250305_121411_cavity_depth.npy
train,images/train/20250305_121446.jpg,labels/train/20250305_121446.txt,depths/train/20250305_121446.npy,True,,0.49267992681172645,0.39987075126561844,0.18211139738559723,0.18047009408473969,0.02233939804136753,0.023839235305786133,0.026915347203612328,0.030012745410203934,0.031415700912475586,0.003990956582129002,280858.0,119044.0,119044.0,117935.0,1.0,0.9809986502702366,25000,1.0,targets_v2/train/20250305_121446_mask.png,targets_v2/train/20250305_121446_cavity_depth.npy
train,images/train/20250305_121454.jpg,labels/train/20250305_121454.txt,depths/train/20250305_121454.npy,True,,0.27058927469700633,0.09209922420080421,0.02228856272995472,0.022258948534727097,0.00953658390790224,0.00974835455417633,0.012847527861595154,0.013846499845385551,0.014486372470855713,0.0002103766892105341,263593.0,43064.0,46192.0,43006.0,0.9322826463456876,0.9897436356927856,25000,1.0,targets_v2/train/20250305_121454_mask.png,targets_v2/train/20250305_121454_cavity_depth.npy
train,images/train/20250305_121500.jpg,labels/train/20250305_121500.txt,depths/train/20250305_121500.npy,True,,0.5130147268056318,0.421012189947238,0.1860174983739853,0.18551209568977356,0.022502843290567398,0.02359062433242798,0.027222681790590286,0.031028512865304947,0.03491926193237305,0.004164584446698427,280015.0,124761.0,125087.0,124362.0,0.9973938139055217,0.9949023977564255,25000,1.0,targets_v2/train/20250305_121500_mask.png,targets_v2/train/20250305_121500_cavity_depth.npy
train,images/train/20250305_121509.jpg,labels/train/20250305_121509.txt,depths/train/20250305_121509.npy,True,,1.1611981782359257,0.6442585433580459,0.5204654335975647,0.4195849895477295,0.09232091903686523,0.09194362163543701,0.1613566279411316,0.19470015168190002,0.20146453380584717,0.03876987844705582,292661.0,67149.0,67181.0,48376.0,0.9995236748485435,0.8068678828605177,14472,0.57888,targets_v2/train/20250305_121509_mask.png,targets_v2/train/20250305_121509_cavity_depth.npy
train,images/train/20250305_121553.jpg,labels/train/20250305_121553.txt,depths/train/20250305_121553.npy,True,,0.42754536755976214,0.17062462205386014,0.06829770654439926,0.06829770654439926,0.026079794391989708,0.026804834604263306,0.03493272513151169,0.037212617695331573,0.038163453340530396,0.0017674723640084267,263842.0,137669.0,139740.0,137669.0,0.9851796192929727,0.9922985313167029,24950,0.998,targets_v2/train/20250305_121553_mask.png,targets_v2/train/20250305_121553_cavity_depth.npy
train,images/train/20250305_121628.jpg,labels/train/20250305_121628.txt,depths/train/20250305_121628.npy,True,,1.053861324241581,0.9435338506333025,0.9383037090301514,0.9289037585258484,0.02667899988591671,0.02501392364501953,0.04348709434270859,0.05861160159111023,0.06614267826080322,0.02547915279865265,291875.0,140904.0,140904.0,139089.0,1.0,1.0178224012886326,24916,0.99664,targets_v2/train/20250305_121628_mask.png,targets_v2/train/20250305_121628_cavity_depth.npy
train,images/train/20250305_122054.jpg,labels/train/20250305_122054.txt,depths/train/20250305_122054.npy,True,,0.7908559581697499,0.6032447127440257,0.41663455963134766,0.38990330696105957,0.033578675240278244,0.031716346740722656,0.059321992099285126,0.07057704776525497,0.074249267578125,0.01317132543772459,287942.0,105304.0,105304.0,97374.0,1.0,0.9414789854326234,24624,0.98496,targets_v2/train/20250305_122054_mask.png,targets_v2/train/20250305_122054_cavity_depth.npy
train,images/train/20250305_122119.jpg,labels/train/20250305_122119.txt,depths/train/20250305_122119.npy,True,,1.1687935195839523,0.5840695608363291,0.5475397706031799,0.5008029937744141,0.03132673725485802,0.030946791172027588,0.04964722320437431,0.06624625623226166,0.075469970703125,0.015514752827584743,291775.0,82665.0,82665.0,76854.0,1.0,0.9045113623918376,23737,0.94948,targets_v2/train/20250305_122119_mask.png,targets_v2/train/20250305_122119_cavity_depth.npy
train,images/train/20250305_123515.jpg,labels/train/20250305_123515.txt,depths/train/20250305_123515.npy,True,,0.6245479209216088,0.5429299372848075,0.3289358615875244,0.3242548704147339,0.02860742062330246,0.030083000659942627,0.045910947024822235,0.0540555901825428,0.06037837266921997,0.00931905210018158,286094.0,133752.0,133752.0,131638.0,1.0,0.9903342840567866,24980,0.9992,targets_v2/train/20250305_123515_mask.png,targets_v2/train/20250305_123515_cavity_depth.npy
train,images/train/20250305_123631.jpg,labels/train/20250305_123631.txt,depths/train/20250305_123631.npy,True,,1.0541943349550915,0.9664172310152026,1.0070252418518066,1.0021145343780518,0.06425153464078903,0.06682801246643066,0.10156256705522537,0.11692085862159729,0.12811148166656494,0.06477276980876923,293150.0,144819.0,144819.0,144239.0,1.0,1.0010795896196014,22417,0.89668,targets_v2/train/20250305_123631_mask.png,targets_v2/train/20250305_123631_cavity_depth.npy
train,images/train/20250305_123648.jpg,labels/train/20250305_123648.txt,depths/train/20250305_123648.npy,True,,0.4787479722202124,0.20521696291499,0.08156349509954453,0.08115297555923462,0.032865818589925766,0.03525888919830322,0.04421815276145935,0.047521546483039856,0.049405574798583984,0.0026460287626832724,273549.0,94317.0,95011.0,93776.0,0.9926955826167496,0.9870843797324012,25000,1.0,targets_v2/train/20250305_123648_mask.png,targets_v2/train/20250305_123648_cavity_depth.npy
train,images/train/20250305_123831.jpg,labels/train/20250305_123831.txt,depths/train/20250305_123831.npy,True,,0.7661046419466035,0.34394352043737075,0.24589326977729797,0.23558804392814636,0.020166534930467606,0.020517468452453613,0.032535672187805176,0.0365813672542572,0.039215266704559326,0.004704633727669716,283593.0,130530.0,139365.0,124789.0,0.9366053169734151,0.9487414885441313,25000,1.0,targets_v2/train/20250305_123831_mask.png,targets_v2/train/20250305_123831_cavity_depth.npy
train,images/train/20250305_123857.jpg,labels/train/20250305_123857.txt,depths/train/20250305_123857.npy,True,,0.49307268500853946,0.37121730119927365,0.1819666624069214,0.17600668966770172,0.026065027341246605,0.027860313653945923,0.04098832607269287,0.04413951560854912,0.04698061943054199,0.004513626918196678,281602.0,118984.0,118984.0,115284.0,1.0,0.9516464779329448,25000,1.0,targets_v2/train/20250305_123857_mask.png,targets_v2/train/20250305_123857_cavity_depth.npy
train,images/train/20250305_123923.jpg,labels/train/20250305_123923.txt,depths/train/20250305_123923.npy,True,,0.6111516190170974,0.36733419522783656,0.22236749529838562,0.21178953349590302,0.027309218421578407,0.026088416576385498,0.047715723514556885,0.052504897117614746,0.054515838623046875,0.00570938503369689,284590.0,116625.0,116625.0,111226.0,1.0,0.9401751260125858,25000,1.0,targets_v2/train/20250305_123923_mask.png,targets_v2/train/20250305_123923_cavity_depth.npy
train,images/train/20250305_123934.jpg,labels/train/20250305_123934.txt,depths/train/20250305_123934.npy,True,,0.6547659440392091,0.46130439683544566,0.2757890820503235,0.26110368967056274,0.027326550334692,0.025256454944610596,0.04994818568229675,0.05695301294326782,0.05993586778640747,0.007110750302672386,285746.0,129202.0,129202.0,122966.0,1.0,0.943525297264147,25000,1.0,targets_v2/train/20250305_123934_mask.png,targets_v2/train/20250305_123934_cavity_depth.npy
train,images/train/20250305_124140.jpg,labels/train/20250305_124140.txt,depths/train/20250305_124140.npy,True,,0.3717068491987008,0.2948029869395844,0.10960285365581512,0.1027044728398323,0.021956350654363632,0.02298709750175476,0.033693499863147736,0.03636632114648819,0.03763699531555176,0.0022081653587520123,275083.0,109091.0,109091.0,103640.0,1.0,0.9175919031167898,24419,0.97676,targets_v2/train/20250305_124140_mask.png,targets_v2/train/20250305_124140_cavity_depth.npy
train,images/train/20250305_124219.jpg,labels/train/20250305_124219.txt,depths/train/20250305_124219.npy,True,,0.4092735637467859,0.269139645364261,0.11498592793941498,0.10503503680229187,0.020686514675617218,0.02057868242263794,0.034884013235569,0.0384170226752758,0.039636075496673584,0.00211302749812603,274154.0,124517.0,124517.0,115545.0,1.0,0.8883275451537243,25000,1.0,targets_v2/train/20250305_124219_mask.png,targets_v2/train/20250305_124219_cavity_depth.npy
train,images/train/20250305_124234.jpg,labels/train/20250305_124234.txt,depths/train/20250305_124234.npy,True,,0.32164651648915077,0.3091589713901436,0.09991198778152466,0.09665830433368683,0.02189447544515133,0.02378636598587036,0.03207099437713623,0.03502945974469185,0.03759586811065674,0.0021019787527620792,275821.0,112498.0,112498.0,108741.0,1.0,0.9608955399837491,25000,1.0,targets_v2/train/20250305_124234_mask.png,targets_v2/train/20250305_124234_cavity_depth.npy
train,images/train/20250305_124240.jpg,labels/train/20250305_124240.txt,depths/train/20250305_124240.npy,True,,0.3956066605016151,0.3547540577662909,0.13434594869613647,0.1337956190109253,0.025634177029132843,0.027828216552734375,0.038238734006881714,0.04189566895365715,0.043433547019958496,0.003329282393679023,282120.0,85195.0,85195.0,84916.0,1.0,0.9667333041607645,24963,0.99852,targets_v2/train/20250305_124240_mask.png,targets_v2/train/20250305_124240_cavity_depth.npy
train,images/train/20250305_124252.jpg,labels/train/20250305_124252.txt,depths/train/20250305_124252.npy,True,,0.33614167297559716,0.3171355298587092,0.10920354723930359,0.10462641716003418,0.016961563378572464,0.017297029495239258,0.026768527925014496,0.03097047097980976,0.033423006534576416,0.0017626320477575064,275997.0,114502.0,114502.0,109835.0,1.0,0.951610087043371,25000,1.0,targets_v2/train/20250305_124252_mask.png,targets_v2/train/20250305_124252_cavity_depth.npy
train,images/train/20250305_124258.jpg,labels/train/20250305_124258.txt,depths/train/20250305_124258.npy,True,,0.42122825367820516,0.3364974250923353,0.14170163869857788,0.13121257722377777,0.018878929316997528,0.019253015518188477,0.02904885821044445,0.03312481939792633,0.038036882877349854,0.002460084855556488,277686.0,132449.0,132449.0,123865.0,1.0,0.9195976533272495,25000,1.0,targets_v2/train/20250305_124258_mask.png,targets_v2/train/20250305_124258_cavity_depth.npy
train,images/train/20250305_124302.jpg,labels/train/20250305_124302.txt,depths/train/20250305_124302.npy,True,,0.41572819962255037,0.368462030140721,0.14381787180900574,0.13953176140785217,0.023912111297249794,0.024990081787109375,0.035830557346343994,0.038719773292541504,0.04241055250167847,0.0032818950712680817,281172.0,100029.0,100029.0,97340.0,1.0,0.9543197469034689,25000,1.0,targets_v2/train/20250305_124302_mask.png,targets_v2/train/20250305_124302_cavity_depth.npy
train,images/train/20250305_124307.jpg,labels/train/20250305_124307.txt,depths/train/20250305_124307.npy,True,,0.5955303274094075,0.3664805320723362,0.2161068320274353,0.1949538290500641,0.027827339246869087,0.029773056507110596,0.04241597652435303,0.045929476618766785,0.049124300479888916,0.005337903741747141,282069.0,140097.0,140097.0,127545.0,1.0,0.8876271106935729,25000,1.0,targets_v2/train/20250305_124307_mask.png,targets_v2/train/20250305_124307_cavity_depth.npy
train,images/train/20250305_124318.jpg,labels/train/20250305_124318.txt,depths/train/20250305_124318.npy,True,,0.6267621201289375,0.4251510768313408,0.22211872041225433,0.17866533994674683,0.024068405851721764,0.025184929370880127,0.0380377471446991,0.04151507467031479,0.04415816068649292,0.0042612203396856785,281565.0,161296.0,163143.0,129396.0,0.9886786438891034,0.7970792477834335,25000,1.0,targets_v2/train/20250305_124318_mask.png,targets_v2/train/20250305_124318_cavity_depth.npy
train,images/train/20250305_124408.jpg,labels/train/20250305_124408.txt,depths/train/20250305_124408.npy,True,,0.44932945720323253,0.1943330600584095,0.06722293794155121,0.0669175535440445,0.025920258834958076,0.026150643825531006,0.03575068712234497,0.04138563573360443,0.04381275177001953,0.0017219935543835163,274056.0,70734.0,75515.0,70481.0,0.9366880752168444,0.988267920726147,25000,1.0,targets_v2/train/20250305_124408_mask.png,targets_v2/train/20250305_124408_cavity_depth.npy
train,images/train/20250305_124504.jpg,labels/train/20250305_124504.txt,depths/train/20250305_124504.npy,True,,0.44267809855304074,0.30127198226717833,0.1373291313648224,0.12729692459106445,0.022041164338588715,0.022427141666412354,0.03457033634185791,0.03934338688850403,0.04450035095214844,0.0027463226579129696,279451.0,106169.0,107658.0,99121.0,0.986169165319809,0.9073071936639701,25000,1.0,targets_v2/train/20250305_124504_mask.png,targets_v2/train/20250305_124504_cavity_depth.npy
train,images/train/20250305_124559.jpg,labels/train/20250305_124559.txt,depths/train/20250305_124559.npy,True,,0.5384160119237831,0.4649340734577616,0.23836250603199005,0.2289775013923645,0.034272145479917526,0.03615933656692505,0.051023468375205994,0.05606062710285187,0.0625043511390686,0.007615833543241024,282590.0,127029.0,127029.0,122849.0,1.0,0.9322624841959483,24893,0.99572,targets_v2/train/20250305_124559_mask.png,targets_v2/train/20250305_124559_cavity_depth.npy
train,images/train/20250305_124603.jpg,labels/train/20250305_124603.txt,depths/train/20250305_124603.npy,True,,0.4571544972072526,0.376853019696588,0.1693108081817627,0.16732801496982574,0.02571558766067028,0.02740257978439331,0.03892507031559944,0.04249623045325279,0.04468560218811035,0.004250296391546726,281951.0,109684.0,109684.0,108558.0,1.0,0.9761983745194516,25000,1.0,targets_v2/train/20250305_124603_mask.png,targets_v2/train/20250305_124603_cavity_depth.npy
train,images/train/20250305_124605.jpg,labels/train/20250305_124605.txt,depths/train/20250305_124605.npy,True,,0.3461616485195082,0.2981397796457467,0.10266321897506714,0.09725943952798843,0.017430376261472702,0.017978042364120483,0.028293734416365623,0.03190240636467934,0.035389721393585205,0.0016533747548237443,280152.0,75177.0,75177.0,71610.0,1.0,0.9239525378946604,25000,1.0,targets_v2/train/20250305_124605_mask.png,targets_v2/train/20250305_124605_cavity_depth.npy
train,images/train/20250305_124613.jpg,labels/train/20250305_124613.txt,depths/train/20250305_124613.npy,True,,0.8005903799687857,0.5789843840221973,0.4675254225730896,0.45659300684928894,0.039043817669153214,0.043202102184295654,0.059513550251722336,0.06446729600429535,0.06875979900360107,0.01765906810760498,286370.0,185991.0,187408.0,181587.0,0.9924389567147613,0.9674093357587409,25000,1.0,targets_v2/train/20250305_124613_mask.png,targets_v2/train/20250305_124613_cavity_depth.npy
train,images/train/20250305_124623.jpg,labels/train/20250305_124623.txt,depths/train/20250305_124623.npy,True,,1.0328535299600823,0.5987235354063626,0.5261119604110718,0.5189006328582764,0.04365184158086777,0.04552662372589111,0.06452392041683197,0.07223808020353317,0.07600599527359009,0.021728307008743286,286893.0,166176.0,166181.0,164267.0,0.9999699123245136,0.9461176482223002,24176,0.96704,targets_v2/train/20250305_124623_mask.png,targets_v2/train/20250305_124623_cavity_depth.npy
train,images/train/20250305_124642.jpg,labels/train/20250305_124642.txt,depths/train/20250305_124642.npy,True,,0.41303781593351563,0.316812952630938,0.12659519910812378,0.12500658631324768,0.029145920649170876,0.0324670672416687,0.041885942220687866,0.04536633938550949,0.04853379726409912,0.003606138750910759,278276.0,114110.0,114110.0,112736.0,1.0,0.9773439263389058,25000,1.0,targets_v2/train/20250305_124642_mask.png,targets_v2/train/20250305_124642_cavity_depth.npy
train,images/train/20250305_124659.jpg,labels/train/20250305_124659.txt,depths/train/20250305_124659.npy,True,,0.5481795237140811,0.5059089038957265,0.2814447581768036,0.27390527725219727,0.028535399585962296,0.03011685609817505,0.04601135104894638,0.05207020044326782,0.05559706687927246,0.007754247635602951,284292.0,152463.0,152463.0,148868.0,1.0,0.9655228214954195,25000,1.0,targets_v2/train/20250305_124659_mask.png,targets_v2/train/20250305_124659_cavity_depth.npy
train,images/train/20250305_124703.jpg,labels/train/20250305_124703.txt,depths/train/20250305_124703.npy,True,,0.49240562414933065,0.4643932370300955,0.22891865670681,0.21881602704524994,0.02213444374501705,0.022328346967697144,0.037386033684015274,0.04232531785964966,0.045060575008392334,0.004856810439378023,282175.0,151887.0,151887.0,145170.0,1.0,0.9585203821659103,25000,1.0,targets_v2/train/20250305_124703_mask.png,targets_v2/train/20250305_124703_cavity_depth.npy
train,images/train/20250305_124711.jpg,labels/train/20250305_124711.txt,depths/train/20250305_124711.npy,True,,0.7508967584304358,0.23072058139314922,0.13252538442611694,0.12166373431682587,0.02003100886940956,0.01986640691757202,0.03333767503499985,0.036767423152923584,0.03869128227233887,0.0023064916022121906,281752.0,84840.0,91550.0,79293.0,0.9267067176406335,0.8688603558007233,25000,1.0,targets_v2/train/20250305_124711_mask.png,targets_v2/train/20250305_124711_cavity_depth.npy
train,images/train/20250305_124722.jpg,labels/train/20250305_124722.txt,depths/train/20250305_124722.npy,True,,0.31192840195367644,0.22909448220701367,0.06207377463579178,0.059432536363601685,0.02188233844935894,0.024478256702423096,0.028513431549072266,0.030116252601146698,0.03287893533706665,0.0012904838658869267,273152.0,80393.0,80402.0,77213.0,0.9998880624860078,0.9500592553938453,25000,1.0,targets_v2/train/20250305_124722_mask.png,targets_v2/train/20250305_124722_cavity_depth.npy
train,images/train/20250305_124726.jpg,labels/train/20250305_124726.txt,depths/train/20250305_124726.npy,True,,0.19732096737441274,0.14819987690822245,0.02674846537411213,0.022624079138040543,0.00952955987304449,0.009909868240356445,0.012837308458983898,0.014756515622138977,0.016228407621383667,0.00021535661653615534,260376.0,70890.0,70895.0,60145.0,0.9999294731645391,0.8448634179981254,25000,1.0,targets_v2/train/20250305_124726_mask.png,targets_v2/train/20250305_124726_cavity_depth.npy
train,images/train/20250305_124803.jpg,labels/train/20250305_124803.txt,depths/train/20250305_124803.npy,True,,0.21691400898980207,0.1804123562830398,0.038782667368650436,0.03507738187909126,0.007601815741509199,0.006526067852973938,0.012210927903652191,0.014223912730813026,0.015480279922485352,0.00025664284476079047,261283.0,82021.0,82024.0,75284.0,0.9999634253389252,0.8705107658829158,25000,1.0,targets_v2/train/20250305_124803_mask.png,targets_v2/train/20250305_124803_cavity_depth.npy
train,images/train/20250305_124810.jpg,labels/train/20250305_124810.txt,depths/train/20250305_124810.npy,True,,0.7142962353886155,0.15288006681953176,0.11070746183395386,0.11052605509757996,0.017953569069504738,0.01825922727584839,0.022127944976091385,0.0241710115224123,0.025669753551483154,0.0020086197182536125,277670.0,69182.0,73435.0,69018.0,0.942084836930619,1.0105784456214542,25000,1.0,targets_v2/train/20250305_124810_mask.png,targets_v2/train/20250305_124810_cavity_depth.npy
train,images/train/20250305_124818.jpg,labels/train/20250305_124818.txt,depths/train/20250305_124818.npy,True,,0.6305755508166911,0.5967794593770872,0.35255125164985657,0.3514741063117981,0.04048272594809532,0.04288887977600098,0.059938475489616394,0.06730268895626068,0.07240140438079834,0.01403436716645956,286590.0,142840.0,142840.0,142449.0,1.0,0.9833334775513655,25000,1.0,targets_v2/train/20250305_124818_mask.png,targets_v2/train/20250305_124818_cavity_depth.npy
train,images/train/20250305_124822.jpg,labels/train/20250305_124822.txt,depths/train/20250305_124822.npy,True,,0.9697050958256879,0.3293797483886777,0.3012387156486511,0.28834086656570435,0.023756837472319603,0.025645732879638672,0.03424137830734253,0.038014966994524,0.04420804977416992,0.006927527487277985,289026.0,71095.0,76483.0,67248.0,0.9295529725559928,0.968007771125744,24878,0.99512,targets_v2/train/20250305_124822_mask.png,targets_v2/train/20250305_124822_cavity_depth.npy
train,images/train/20250305_124838.jpg,labels/train/20250305_124838.txt,depths/train/20250305_124838.npy,True,,0.22296168041965367,0.15534992551680682,0.03346411511301994,0.03346411511301994,0.01025733258575201,0.01048325002193451,0.013257557526230812,0.015300124883651733,0.018020153045654297,0.0003411374054849148,271481.0,42878.0,42878.0,42878.0,1.0,0.99383791070031,25000,1.0,targets_v2/train/20250305_124838_mask.png,targets_v2/train/20250305_124838_cavity_depth.npy
train,images/train/20250305_124840.jpg,labels/train/20250305_124840.txt,depths/train/20250305_124840.npy,True,,0.4766333490492469,0.2821462530593896,0.13673721253871918,0.12679259479045868,0.023901917040348053,0.02563011646270752,0.03826497495174408,0.04177755489945412,0.04344898462295532,0.0029851405415683985,280858.0,108013.0,108013.0,99914.0,1.0,0.9133670193473177,25000,1.0,targets_v2/train/20250305_124840_mask.png,targets_v2/train/20250305_124840_cavity_depth.npy
train,images/train/20250305_124847.jpg,labels/train/20250305_124847.txt,depths/train/20250305_124847.npy,True,,0.2204235435830298,0.09370311749900706,0.019381947815418243,0.008680487051606178,0.00473912013694644,0.0046380311250686646,0.006245192606002092,0.006974296178668737,0.007513970136642456,4.105410698684864e-05,271018.0,26964.0,26964.0,12490.0,1.0,0.44695260371456946,25000,1.0,targets_v2/train/20250305_124847_mask.png,targets_v2/train/20250305_124847_cavity_depth.npy
train,images/train/20250305_124908.jpg,labels/train/20250305_124908.txt,depths/train/20250305_124908.npy,True,,0.3083661730655294,0.21899661642860568,0.06640268862247467,0.05507820472121239,0.005988052114844322,0.005409300327301025,0.00948912464082241,0.011404654011130333,0.013467669486999512,0.0003375165397301316,275965.0,69904.0,69904.0,57634.0,1.0,0.8488360668755234,25000,1.0,targets_v2/train/20250305_124908_mask.png,targets_v2/train/20250305_124908_cavity_depth.npy
train,images/train/20250305_124909.jpg,labels/train/20250305_124909.txt,depths/train/20250305_124909.npy,True,,0.5373573054552694,0.31570984698351,0.16629824042320251,0.16280260682106018,0.03737575188279152,0.042964786291122437,0.051230669021606445,0.054333463311195374,0.05637204647064209,0.005985408090054989,282178.0,103376.0,103378.0,101592.0,0.9999806535239606,0.9629775759837631,25000,1.0,targets_v2/train/20250305_124909_mask.png,targets_v2/train/20250305_124909_cavity_depth.npy
train,images/train/20250305_124917.jpg,labels/train/20250305_124917.txt,depths/train/20250305_124917.npy,True,,1.3908473509945916,0.7946050444079064,0.8349331617355347,0.7487237453460693,0.029892263934016228,0.03286820650100708,0.04142594337463379,0.04636786878108978,0.05034220218658447,0.02154432237148285,292155.0,114708.0,116198.0,106558.0,0.9871770598461247,0.8632216418864722,23880,0.9552,targets_v2/train/20250305_124917_mask.png,targets_v2/train/20250305_124917_cavity_depth.npy
train,images/train/20250305_124929.jpg,labels/train/20250305_124929.txt,depths/train/20250305_124929.npy,True,,0.34481071931708485,0.23944753015394216,0.08309707045555115,0.08239172399044037,0.024624813348054886,0.026161998510360718,0.03587764501571655,0.03884037584066391,0.04058846831321716,0.001994815655052662,271634.0,117023.0,117023.0,116128.0,1.0,0.9748641669090243,25000,1.0,targets_v2/train/20250305_124929_mask.png,targets_v2/train/20250305_124929_cavity_depth.npy
train,images/train/20250305_124933.jpg,labels/train/20250305_124933.txt,depths/train/20250305_124933.npy,True,,0.7931701783754102,0.5564318603029539,0.43215760588645935,0.42678549885749817,0.04869995638728142,0.05310410261154175,0.07349611818790436,0.07813408970832825,0.08126294612884521,0.020020555704832077,285550.0,171459.0,171459.0,169508.0,1.0,0.9512734914785302,25000,1.0,targets_v2/train/20250305_124933_mask.png,targets_v2/train/20250305_124933_cavity_depth.npy
train,images/train/20250305_124935.jpg,labels/train/20250305_124935.txt,depths/train/20250305_124935.npy,False,depth_outlier,,,,,,,,,,,,,,,,,20342,0.81368,,
train,images/train/20250305_124944.jpg,labels/train/20250305_124944.txt,depths/train/20250305_124944.npy,True,,0.41309960838705473,0.2638513385513793,0.10193362832069397,0.099694162607193,0.026638971641659737,0.029049932956695557,0.03739053010940552,0.04064493253827095,0.04465961456298828,0.002600328531116247,279991.0,74795.0,74796.0,73381.0,0.9999866303010856,0.9576201646374799,25000,1.0,targets_v2/train/20250305_124944_mask.png,targets_v2/train/20250305_124944_cavity_depth.npy
train,images/train/20250305_125111.jpg,labels/train/20250305_125111.txt,depths/train/20250305_125111.npy,True,,0.9515684765950745,0.6510277975183745,0.5992239713668823,0.5592738389968872,0.027116457000374794,0.02395719289779663,0.05319352075457573,0.061882272362709045,0.06687867641448975,0.01523505337536335,290064.0,157362.0,157362.0,145062.0,1.0,0.9376091932715902,25000,1.0,targets_v2/train/20250305_125111_mask.png,targets_v2/train/20250305_125111_cavity_depth.npy
train,images/train/20250305_125116.jpg,labels/train/20250305_125116.txt,depths/train/20250305_125116.npy,True,,1.0070253621695997,0.7867355756086134,0.7966303825378418,0.7889967560768127,0.04712756723165512,0.0498468279838562,0.0751117467880249,0.08268607407808304,0.08626484870910645,0.03625570237636566,291369.0,167863.0,167863.0,166496.0,1.0,0.965704901150029,25000,1.0,targets_v2/train/20250305_125116_mask.png,targets_v2/train/20250305_125116_cavity_depth.npy
train,images/train/20250305_125126.jpg,labels/train/20250305_125126.txt,depths/train/20250305_125126.npy,True,,0.6275324317255708,0.3484596123316949,0.20911556482315063,0.2063905894756317,0.02949156053364277,0.02919754385948181,0.04965534061193466,0.05384037271142006,0.0573887825012207,0.005951190833002329,282926.0,126225.0,126228.0,124644.0,0.9999762334822702,0.9649832250304147,25000,1.0,targets_v2/train/20250305_125126_mask.png,targets_v2/train/20250305_125126_cavity_depth.npy
train,images/train/20250305_125139.jpg,labels/train/20250305_125139.txt,depths/train/20250305_125139.npy,True,,0.6383120448343442,0.3642779340160337,0.2171117067337036,0.2144918441772461,0.029751094058156013,0.029451966285705566,0.05027284473180771,0.05675875395536423,0.06068366765975952,0.006366299465298653,285536.0,100291.0,100291.0,98853.0,1.0,0.9856004230753179,24998,0.99992,targets_v2/train/20250305_125139_mask.png,targets_v2/train/20250305_125139_cavity_depth.npy
train,images/train/20250305_125158.jpg,labels/train/20250305_125158.txt,depths/train/20250305_125158.npy,True,,0.39069488364708316,0.1933371896791682,0.0765758752822876,0.06107446923851967,0.012591629289090633,0.011443912982940674,0.022774457931518555,0.02741800621151924,0.03013741970062256,0.0007800922612659633,278088.0,79979.0,79979.0,64211.0,1.0,0.8090438685607743,25000,1.0,targets_v2/train/20250305_125158_mask.png,targets_v2/train/20250305_125158_cavity_depth.npy
train,images/train/20250305_125219.jpg,labels/train/20250305_125219.txt,depths/train/20250305_125219.npy,True,,0.49257182058919247,0.43306325151114744,0.20140352845191956,0.19705280661582947,0.029381370171904564,0.03189694881439209,0.04492637515068054,0.04930459335446358,0.052368342876434326,0.005689037498086691,284401.0,100073.0,100073.0,98202.0,1.0,0.9613901687350438,25000,1.0,targets_v2/train/20250305_125219_mask.png,targets_v2/train/20250305_125219_cavity_depth.npy
train,images/train/20250305_125242.jpg,labels/train/20250305_125242.txt,depths/train/20250305_125242.npy,True,,0.5159268924440755,0.28901785756822496,0.13651011884212494,0.10424891114234924,0.00940562505275011,0.007907867431640625,0.017072785645723343,0.023093752562999725,0.026056885719299316,0.0010049926349893212,277760.0,152083.0,153932.0,114733.0,0.9879882025829587,0.7827271034233891,25000,1.0,targets_v2/train/20250305_125242_mask.png,targets_v2/train/20250305_125242_cavity_depth.npy
train,images/train/20250305_125247.jpg,labels/train/20250305_125247.txt,depths/train/20250305_125247.npy,True,,0.3850521773260167,0.14988020145865838,0.051814232021570206,0.033593256026506424,0.007532978430390358,0.0063797831535339355,0.013568867929279804,0.01780518889427185,0.018820226192474365,0.0002559850981924683,273987.0,65180.0,65180.0,42173.0,1.0,0.6558415007968532,25000,1.0,targets_v2/train/20250305_125247_mask.png,targets_v2/train/20250305_125247_cavity_depth.npy
train,images/train/20250305_125419.jpg,labels/train/20250305_125419.txt,depths/train/20250305_125419.npy,True,,0.6732076518733356,0.3931479399801597,0.26638031005859375,0.24220383167266846,0.030943911522626877,0.03354525566101074,0.047504544258117676,0.052473779767751694,0.05846738815307617,0.007288067601621151,285644.0,108098.0,108098.0,99461.0,1.0,0.8841685473501243,24999,0.99996,targets_v2/train/20250305_125419_mask.png,targets_v2/train/20250305_125419_cavity_depth.npy
train,images/train/20250305_125426.jpg,labels/train/20250305_125426.txt,depths/train/20250305_125426.npy,True,,0.7436150066885265,0.5410434396230626,0.3851678967475891,0.3843196630477905,0.042351070791482925,0.04589569568634033,0.06379848718643188,0.06762874871492386,0.07062500715255737,0.016039445996284485,287420.0,148188.0,148188.0,147871.0,1.0,0.9832747485410964,25000,1.0,targets_v2/train/20250305_125426_mask.png,targets_v2/train/20250305_125426_cavity_depth.npy
train,images/train/20250305_125548.jpg,labels/train/20250305_125548.txt,depths/train/20250305_125548.npy,True,,0.7575358926130105,0.6083348364826051,0.3707578480243683,0.3568275272846222,0.04105507954955101,0.03975746035575867,0.07496088743209839,0.08116459846496582,0.08462643623352051,0.014830434694886208,286154.0,177588.0,190275.0,173058.0,0.9333228222309815,0.9743088111786024,24674,0.98696,targets_v2/train/20250305_125548_mask.png,targets_v2/train/20250305_125548_cavity_depth.npy
train,images/train/20250305_125611.jpg,labels/train/20250305_125611.txt,depths/train/20250305_125611.npy,True,,0.25597415705736487,0.22972587566272573,0.05688316375017166,0.052386149764060974,0.015081415884196758,0.015536278486251831,0.020986203104257584,0.02303190715610981,0.024273276329040527,0.000785581476520747,275497.0,59660.0,59660.0,55258.0,1.0,0.915725641544611,24947,0.99788,targets_v2/train/20250305_125611_mask.png,targets_v2/train/20250305_125611_cavity_depth.npy
train,images/train/20250305_125639.jpg,labels/train/20250305_125639.txt,depths/train/20250305_125639.npy,True,,0.3280694607581474,0.25056004005027027,0.07496142387390137,0.0737389624118805,0.026246679946780205,0.026244163513183594,0.040002256631851196,0.04297463595867157,0.0451720654964447,0.0019137541530653834,273299.0,98448.0,98453.0,97188.0,0.9999492143459315,0.9726888631436895,25000,1.0,targets_v2/train/20250305_125639_mask.png,targets_v2/train/20250305_125639_cavity_depth.npy
train,images/train/20250305_125749.jpg,labels/train/20250305_125749.txt,depths/train/20250305_125749.npy,True,,0.15022019483949406,0.09307950127778279,0.012550173327326775,0.011627557687461376,0.01049886830151081,0.010881736874580383,0.014219977892935276,0.015321075916290283,0.29490047693252563,0.0001191119517898187,168247.0,59675.0,73006.0,56040.0,0.8173985699805495,0.9039889656855794,24489,0.97956,targets_v2/train/20250305_125749_mask.png,targets_v2/train/20250305_125749_cavity_depth.npy
train,images/train/20250305_125803.jpg,labels/train/20250305_125803.txt,depths/train/20250305_125803.npy,False,plane_fit_failed,,,,,,,,,,,,,,,,,1020,0.23859649122807017,,
train,images/train/20250305_125823.jpg,labels/train/20250305_125823.txt,depths/train/20250305_125823.npy,True,,0.23324438153296484,0.13956824483777694,0.020508376881480217,0.014873295091092587,0.008195280097424984,0.006803274154663086,0.01567418873310089,0.02271115966141224,0.024522900581359863,0.0001196709054056555,248748.0,88157.0,104873.0,65613.0,0.8406072106261859,0.7120221195218568,25000,1.0,targets_v2/train/20250305_125823_mask.png,targets_v2/train/20250305_125823_cavity_depth.npy
train,images/train/20250305_125901.jpg,labels/train/20250305_125901.txt,depths/train/20250305_125901.npy,True,,0.21036844630584906,0.1355476881183315,0.027464166283607483,0.025715649127960205,0.009319683536887169,0.009276658296585083,0.01492653414607048,0.01682954467833042,0.01839771866798401,0.00023928021255414933,254176.0,95264.0,95264.0,89363.0,1.0,0.9348441192587992,25000,1.0,targets_v2/train/20250305_125901_mask.png,targets_v2/train/20250305_125901_cavity_depth.npy
train,images/train/20250305_130544.jpg,labels/train/20250305_130544.txt,depths/train/20250305_130544.npy,True,,0.47942140008047573,0.3787101195556768,0.17471447587013245,0.17278042435646057,0.03155196085572243,0.03463327884674072,0.04505425691604614,0.05030888319015503,0.05398803949356079,0.005383770912885666,281262.0,112066.0,112066.0,110991.0,1.0,0.9766328488413136,25000,1.0,targets_v2/train/20250305_130544_mask.png,targets_v2/train/20250305_130544_cavity_depth.npy
train,images/train/20250305_131511.jpg,labels/train/20250305_131511.txt,depths/train/20250305_131511.npy,True,,0.9914560402043178,0.48179844991205395,0.4659338891506195,0.4424368143081665,0.03363906592130661,0.03461575508117676,0.05366414785385132,0.061106398701667786,0.06513619422912598,0.01501397043466568,289093.0,121728.0,130815.0,114866.0,0.930535489049421,0.9579157829120196,24245,0.9698,targets_v2/train/20250305_131511_mask.png,targets_v2/train/20250305_131511_cavity_depth.npy
train,images/train/20250305_131532.jpg,labels/train/20250305_131532.txt,depths/train/20250305_131532.npy,True,,0.44211283168694027,0.35469125120288114,0.14457911252975464,0.14457771182060242,0.0254713986068964,0.02485254406929016,0.03752197325229645,0.041626691818237305,0.044532597064971924,0.0036670025438070297,282809.0,87315.0,87315.0,87314.0,1.0,0.995755845059293,25000,1.0,targets_v2/train/20250305_131532_mask.png,targets_v2/train/20250305_131532_cavity_depth.npy
train,images/train/20250305_131541.jpg,labels/train/20250305_131541.txt,depths/train/20250305_131541.npy,True,,0.32647234747061316,0.22007088797551536,0.07171978056430817,0.06262537837028503,0.013011421076953411,0.013348862528800964,0.01926703192293644,0.021163545548915863,0.022819876670837402,0.0008081999840214849,270134.0,100865.0,100865.0,89580.0,1.0,0.8660743042810307,25000,1.0,targets_v2/train/20250305_131541_mask.png,targets_v2/train/20250305_131541_cavity_depth.npy
train,images/train/20250305_131547.jpg,labels/train/20250305_131547.txt,depths/train/20250305_131547.npy,True,,0.533832769913471,0.3294101283959088,0.1672932356595993,0.16410216689109802,0.018916023895144463,0.019158363342285156,0.027774058282375336,0.03124988079071045,0.03307020664215088,0.003059589769691229,280118.0,121358.0,128738.0,119439.0,0.9426742686697013,0.9668407912535145,25000,1.0,targets_v2/train/20250305_131547_mask.png,targets_v2/train/20250305_131547_cavity_depth.npy
train,images/train/20250305_131640.jpg,labels/train/20250305_131640.txt,depths/train/20250305_131640.npy,True,,1.3959709151436608,1.2126111747154733,1.2848937511444092,1.04029381275177,0.030087674036622047,0.03151059150695801,0.04335963726043701,0.05125744268298149,0.06187725067138672,0.030147017911076546,293617.0,115882.0,115882.0,102641.0,1.0,0.779809508827294,19086,0.76344,targets_v2/train/20250305_131640_mask.png,targets_v2/train/20250305_131640_cavity_depth.npy
train,images/train/20250305_131704.jpg,labels/train/20250305_131704.txt,depths/train/20250305_131704.npy,True,,1.0039268354668698,0.6656716253516322,0.7031328678131104,0.4387068748474121,0.03267834708094597,0.032033562660217285,0.05850863456726074,0.06663960218429565,0.0715634822845459,0.013671008870005608,291549.0,127308.0,127308.0,83376.0,1.0,0.594980982488096,17784,0.71136,targets_v2/train/20250305_131704_mask.png,targets_v2/train/20250305_131704_cavity_depth.npy
train,images/train/20250305_131720.jpg,labels/train/20250305_131720.txt,depths/train/20250305_131720.npy,True,,1.5257850582221306,1.1572000934705549,1.3233462572097778,1.1215962171554565,0.024113912135362625,0.024827539920806885,0.03634228557348251,0.04367458075284958,0.04943442344665527,0.026458486914634705,294292.0,89645.0,89645.0,78460.0,1.0,0.8291323056229902,21394,0.85576,targets_v2/train/20250305_131720_mask.png,targets_v2/train/20250305_131720_cavity_depth.npy
train,images/train/20250305_131734.jpg,labels/train/20250305_131734.txt,depths/train/20250305_131734.npy,True,,0.5713242978496407,0.41325997257651903,0.22150932252407074,0.2145182490348816,0.03345803916454315,0.035828471183776855,0.05056411027908325,0.05319720506668091,0.059355974197387695,0.007112046703696251,283018.0,119333.0,119333.0,115541.0,1.0,0.959626220338202,25000,1.0,targets_v2/train/20250305_131734_mask.png,targets_v2/train/20250305_131734_cavity_depth.npy
train,images/train/20250305_131756.jpg,labels/train/20250305_131756.txt,depths/train/20250305_131756.npy,True,,1.253318689576898,0.5825871492199588,0.7451434135437012,0.7451434135437012,0.05371835455298424,0.05443263053894043,0.08328957855701447,0.09414727240800858,0.10017144680023193,0.04101694002747536,290595.0,112445.0,112445.0,112445.0,1.0,1.0247093274317098,21629,0.86516,targets_v2/train/20250305_131756_mask.png,targets_v2/train/20250305_131756_cavity_depth.npy
train,images/train/20250305_131813.jpg,labels/train/20250305_131813.txt,depths/train/20250305_131813.npy,True,,0.14051453708623396,0.06790721588671958,0.009381841868162155,0.008501171134412289,0.008855421096086502,0.009328484535217285,0.012451189570128918,0.013316095806658268,0.013861685991287231,7.457294123014435e-05,258732.0,23835.0,23835.0,21829.0,1.0,0.8976022779876507,25000,1.0,targets_v2/train/20250305_131813_mask.png,targets_v2/train/20250305_131813_cavity_depth.npy
train,images/train/20250305_131902.jpg,labels/train/20250305_131902.txt,depths/train/20250305_131902.npy,True,,0.9259952632452675,0.48843780665435593,0.44725513458251953,0.4207855463027954,0.05313396081328392,0.057012319564819336,0.07737765461206436,0.08196277171373367,0.08513438701629639,0.02181030437350273,288125.0,145449.0,151551.0,137843.0,0.9597363263851773,0.9177707244717259,25000,1.0,targets_v2/train/20250305_131902_mask.png,targets_v2/train/20250305_131902_cavity_depth.npy
train,images/train/20250305_132143.jpg,labels/train/20250305_132143.txt,depths/train/20250305_132143.npy,True,,0.6181710142716061,0.4768726852887487,0.2901252508163452,0.2804928421974182,0.038421519100666046,0.03940337896347046,0.061627041548490524,0.06716477125883102,0.07146024703979492,0.010505462065339088,280144.0,121028.0,121028.0,117817.0,1.0,0.9424430108828483,24954,0.99816,targets_v2/train/20250305_132143_mask.png,targets_v2/train/20250305_132143_cavity_depth.npy
train,images/train/20250305_132157.jpg,labels/train/20250305_132157.txt,depths/train/20250305_132157.npy,True,,0.5550284585385377,0.17998949328650235,0.10690037906169891,0.07904186844825745,0.010818366892635822,0.011132478713989258,0.014823091216385365,0.017021385952830315,0.018201708793640137,0.0008433687034994364,277041.0,100107.0,103044.0,76915.0,0.9714976126703156,0.7292501542041917,24952,0.99808,targets_v2/train/20250305_132157_mask.png,targets_v2/train/20250305_132157_cavity_depth.npy
train,images/train/20250305_132207.jpg,labels/train/20250305_132207.txt,depths/train/20250305_132207.npy,True,,0.38926808550626657,0.32092571819754323,0.11323076486587524,0.1105237752199173,0.022847644984722137,0.023323535919189453,0.034392524510622025,0.039084505289793015,0.0443568229675293,0.0024879486300051212,279485.0,93373.0,93375.0,91535.0,0.9999785809906292,0.9616909433522822,25000,1.0,targets_v2/train/20250305_132207_mask.png,targets_v2/train/20250305_132207_cavity_depth.npy
train,images/train/20250305_132212.jpg,labels/train/20250305_132212.txt,depths/train/20250305_132212.npy,True,,0.7352018990591218,0.5448052618798287,0.3666744828224182,0.36297035217285156,0.042885370552539825,0.04257059097290039,0.06848567724227905,0.07586818933486938,0.0788385272026062,0.015311776660382748,284408.0,196681.0,199343.0,195335.0,0.9866461325454117,0.9737236777205657,24977,0.99908,targets_v2/train/20250305_132212_mask.png,targets_v2/train/20250305_132212_cavity_depth.npy
train,images/train/20250305_132216.jpg,labels/train/20250305_132216.txt,depths/train/20250305_132216.npy,True,,0.6818664059766435,0.349054339086914,0.22338590025901794,0.22338154911994934,0.02770261839032173,0.027221649885177612,0.0451999194920063,0.05120859295129776,0.054460763931274414,0.006367860361933708,279404.0,157844.0,158703.0,157842.0,0.9945873738996742,1.0290037420439342,24495,0.9798,targets_v2/train/20250305_132216_mask.png,targets_v2/train/20250305_132216_cavity_depth.npy
train,images/train/20250305_132248.jpg,labels/train/20250305_132248.txt,depths/train/20250305_132248.npy,True,,0.7223966980763561,0.5913335939481987,0.417117714881897,0.4024209976196289,0.04301919788122177,0.04498648643493652,0.0636046826839447,0.06947486847639084,0.07274317741394043,0.016615912318229675,288334.0,132467.0,132467.0,128745.0,1.0,0.9259835012992097,24511,0.98044,targets_v2/train/20250305_132248_mask.png,targets_v2/train/20250305_132248_cavity_depth.npy
train,images/train/20250305_132257.jpg,labels/train/20250305_132257.txt,depths/train/20250305_132257.npy,True,,0.8951131149092009,0.6154814817207153,0.5056159496307373,0.45622286200523376,0.03836928308010101,0.03920692205429077,0.06285086274147034,0.07142358273267746,0.07596606016159058,0.01771744340658188,288676.0,140686.0,140686.0,121084.0,1.0,0.9132645589611255,24863,0.99452,targets_v2/train/20250305_132257_mask.png,targets_v2/train/20250305_132257_cavity_depth.npy
train,images/train/20250305_132340.jpg,labels/train/20250305_132340.txt,depths/train/20250305_132340.npy,True,,0.7738271044617022,0.5223964773683958,0.4122905135154724,0.3882407546043396,0.03826344385743141,0.039793550968170166,0.06117674708366394,0.06741099804639816,0.07320433855056763,0.014480719342827797,286300.0,144207.0,144207.0,137969.0,1.0,0.9179155742916348,24168,0.96672,targets_v2/train/20250305_132340_mask.png,targets_v2/train/20250305_132340_cavity_depth.npy
train,images/train/20250305_132405.jpg,labels/train/20250305_132405.txt,depths/train/20250305_132405.npy,True,,0.2514269683266363,0.23130580591313438,0.053733717650175095,0.05326274782419205,0.01835278421640396,0.01930031180381775,0.026921361684799194,0.029507454484701157,0.031353265047073364,0.000970047025475651,273021.0,71100.0,71100.0,70515.0,1.0,0.9836575754829793,25000,1.0,targets_v2/train/20250305_132405_mask.png,targets_v2/train/20250305_132405_cavity_depth.npy
train,images/train/20250305_132505.jpg,labels/train/20250305_132505.txt,depths/train/20250305_132505.npy,True,,0.40104296463582534,0.26011812965065917,0.0883457213640213,0.08550465106964111,0.023690160363912582,0.026588261127471924,0.033065736293792725,0.03481822833418846,0.036546409130096436,0.0020296371076256037,270159.0,118189.0,118189.0,115145.0,1.0,0.9697613531675978,25000,1.0,targets_v2/train/20250305_132505_mask.png,targets_v2/train/20250305_132505_cavity_depth.npy
train,images/train/20250305_132549.jpg,labels/train/20250305_132549.txt,depths/train/20250305_132549.npy,True,,1.1044799854000833,0.5813877893238595,0.623267412185669,0.5686297416687012,0.022049807012081146,0.022222161293029785,0.03543555736541748,0.04391998425126076,0.04844391345977783,0.012395983561873436,290188.0,145073.0,145760.0,133841.0,0.9952867727771679,0.9019901163341663,25000,1.0,targets_v2/train/20250305_132549_mask.png,targets_v2/train/20250305_132549_cavity_depth.npy
train,images/train/20250305_132557.jpg,labels/train/20250305_132557.txt,depths/train/20250305_132557.npy,True,,1.145070916418009,0.6691156349664467,0.7087339162826538,0.6622194051742554,0.02394169569015503,0.023272037506103516,0.04129457473754883,0.052168749272823334,0.05907022953033447,0.01610000990331173,291563.0,149519.0,150603.0,139480.0,0.9928022682151086,0.9488291539026564,25000,1.0,targets_v2/train/20250305_132557_mask.png,targets_v2/train/20250305_132557_cavity_depth.npy
train,images/train/20250305_132607.jpg,labels/train/20250305_132607.txt,depths/train/20250305_132607.npy,True,,1.1754214522795747,0.5453335689566796,0.5857549905776978,0.5772154927253723,0.0278239157050848,0.02769756317138672,0.04188992828130722,0.049826737493276596,0.05328261852264404,0.01675771176815033,213051.0,34720.0,39441.0,33749.0,0.880302223574453,1.028206795773582,23069,0.92276,targets_v2/train/20250305_132607_mask.png,targets_v2/train/20250305_132607_cavity_depth.npy
train,images/train/20250305_132852.jpg,labels/train/20250305_132852.txt,depths/train/20250305_132852.npy,True,,0.7909689239139621,0.4724267474982574,0.37047213315963745,0.3704487681388855,0.03538968041539192,0.03785902261734009,0.04784039035439491,0.053249869495630264,0.056019484996795654,0.012939168140292168,286267.0,138955.0,142867.0,138943.0,0.9726178893656338,0.9869023193804508,24879,0.99516,targets_v2/train/20250305_132852_mask.png,targets_v2/train/20250305_132852_cavity_depth.npy
train,images/train/20250305_133001.jpg,labels/train/20250305_133001.txt,depths/train/20250305_133001.npy,True,,1.5245872575989434,0.8018736541686103,1.3424463272094727,1.3215433359146118,0.04389079660177231,0.04458260536193848,0.06573423743247986,0.07330077886581421,0.08171617984771729,0.05424325913190842,290011.0,165634.0,178452.0,164378.0,0.9281711608723915,0.9206093499378717,24318,0.97272,targets_v2/train/20250305_133001_mask.png,targets_v2/train/20250305_133001_cavity_depth.npy
train,images/train/20250305_133014.jpg,labels/train/20250305_133014.txt,depths/train/20250305_133014.npy,True,,0.2647532606690938,0.12758038049908155,0.033225495368242264,0.02872050181031227,0.01071580033749342,0.010422393679618835,0.015421926975250244,0.017434827983379364,0.01894468069076538,0.00030051215435378253,268317.0,53461.0,53464.0,47406.0,0.9999438874756845,0.8440457049602437,25000,1.0,targets_v2/train/20250305_133014_mask.png,targets_v2/train/20250305_133014_cavity_depth.npy
train,images/train/20250305_133018.jpg,labels/train/20250305_133018.txt,depths/train/20250305_133018.npy,True,,0.35200655851638163,0.1396973425816015,0.04509243369102478,0.03919851779937744,0.008645854890346527,0.00873495638370514,0.01169978640973568,0.012958487495779991,0.013703018426895142,0.00033636385342106223,264259.0,84851.0,85628.0,73334.0,0.9909258653711402,0.862775296573188,25000,1.0,targets_v2/train/20250305_133018_mask.png,targets_v2/train/20250305_133018_cavity_depth.npy
train,images/train/20250305_133021.jpg,labels/train/20250305_133021.txt,depths/train/20250305_133021.npy,True,,0.7823454469563675,0.13640128663190493,0.07597605884075165,0.05930377542972565,0.010488319210708141,0.010590851306915283,0.015782296657562256,0.01829785667359829,0.020043253898620605,0.0006126482621766627,286019.0,30976.0,30976.0,24571.0,1.0,0.7688268607593377,25000,1.0,targets_v2/train/20250305_133021_mask.png,targets_v2/train/20250305_133021_cavity_depth.npy
train,images/train/20250305_133054.jpg,labels/train/20250305_133054.txt,depths/train/20250305_133054.npy,True,,0.28965378727982366,0.2000797325797414,0.05502055585384369,0.05000463128089905,0.009914162568747997,0.01026812195777893,0.01474669761955738,0.01667092926800251,0.01750430464744568,0.0004910138668492436,268978.0,89765.0,89765.0,82252.0,1.0,0.9001455683599124,24932,0.99728,targets_v2/train/20250305_133054_mask.png,targets_v2/train/20250305_133054_cavity_depth.npy
train,images/train/20250305_133059.jpg,labels/train/20250305_133059.txt,depths/train/20250305_133059.npy,True,,0.8356172723345365,0.5740407922483328,0.40136903524398804,0.3437425494194031,0.018802788108587265,0.01924532651901245,0.029759246855974197,0.03483137860894203,0.03765016794204712,0.006438177078962326,286235.0,174506.0,175140.0,154378.0,0.996380038826082,0.8530938302681161,25000,1.0,targets_v2/train/20250305_133059_mask.png,targets_v2/train/20250305_133059_cavity_depth.npy
train,images/train/20250305_133111.jpg,labels/train/20250305_133111.txt,depths/train/20250305_133111.npy,True,,0.9120461042133201,0.6517455626612645,0.6368666887283325,0.438814252614975,0.02698083221912384,0.027429163455963135,0.04213939607143402,0.04553627222776413,0.04948770999908447,0.011313140392303467,286427.0,235493.0,241873.0,177635.0,0.9736225209097337,0.6583840507150527,25000,1.0,targets_v2/train/20250305_133111_mask.png,targets_v2/train/20250305_133111_cavity_depth.npy
train,images/train/20250305_133525.jpg,labels/train/20250305_133525.txt,depths/train/20250305_133525.npy,True,,0.44667665078531016,0.20995761921754252,0.08561478555202484,0.08465690910816193,0.03168768063187599,0.034155428409576416,0.044368088245391846,0.047990333288908005,0.049713730812072754,0.0026513305492699146,281190.0,51730.0,51730.0,51191.0,1.0,0.9772926900988695,24607,0.98428,targets_v2/train/20250305_133525_mask.png,targets_v2/train/20250305_133525_cavity_depth.npy
train,images/train/20250305_133536.jpg,labels/train/20250305_133536.txt,depths/train/20250305_133536.npy,True,,0.4815150050746492,0.4163476003001398,0.19801174104213715,0.1775159388780594,0.031080149114131927,0.03192397952079773,0.051014725118875504,0.056359726935625076,0.05896717309951782,0.005378145724534988,280020.0,138898.0,138898.0,127624.0,1.0,0.8738935409058808,25000,1.0,targets_v2/train/20250305_133536_mask.png,targets_v2/train/20250305_133536_cavity_depth.npy
train,images/train/20250305_133540.jpg,labels/train/20250305_133540.txt,depths/train/20250305_133540.npy,True,,0.44148845186190755,0.21720887896771784,0.08583080023527145,0.08019617199897766,0.029456591233611107,0.0310441255569458,0.042925965040922165,0.04583160951733589,0.0478397011756897,0.0023362901993095875,278366.0,71365.0,71365.0,67230.0,1.0,0.9240620556202,24743,0.98972,targets_v2/train/20250305_133540_mask.png,targets_v2/train/20250305_133540_cavity_depth.npy
train,images/train/20250305_133543.jpg,labels/train/20250305_133543.txt,depths/train/20250305_133543.npy,True,,0.83854580359248,0.5109609346770323,0.3306696116924286,0.3259385824203491,0.039931535720825195,0.04167342185974121,0.06530708074569702,0.07417453825473785,0.07941412925720215,0.012565083801746368,281222.0,170352.0,170916.0,168591.0,0.9967001333988627,0.9516014411046537,25000,1.0,targets_v2/train/20250305_133543_mask.png,targets_v2/train/20250305_133543_cavity_depth.npy
train,images/train/20250305_133549.jpg,labels/train/20250305_133549.txt,depths/train/20250305_133549.npy,True,,0.6517468804021183,0.21869993844632057,0.1555032581090927,0.15536731481552124,0.03218570724129677,0.032066941261291504,0.05358025059103966,0.062453724443912506,0.06558287143707275,0.0046599432826042175,272950.0,119456.0,139441.0,119364.0,0.8566777346691432,0.9310608840382532,25000,1.0,targets_v2/train/20250305_133549_mask.png,targets_v2/train/20250305_133549_cavity_depth.npy
train,images/train/20250305_133606.jpg,labels/train/20250305_133606.txt,depths/train/20250305_133606.npy,True,,0.6120385345160089,0.45687741311022595,0.2733428180217743,0.27313432097435,0.03673446550965309,0.037843257188797,0.055759139358997345,0.061670877039432526,0.07259446382522583,0.0099069494754076,281482.0,169927.0,169927.0,169764.0,1.0,0.986639629670441,25000,1.0,targets_v2/train/20250305_133606_mask.png,targets_v2/train/20250305_133606_cavity_depth.npy
train,images/train/20250305_133609.jpg,labels/train/20250305_133609.txt,depths/train/20250305_133609.npy,True,,0.7701918076105976,0.5804050711384955,0.43814441561698914,0.3750741481781006,0.01912827603518963,0.012657344341278076,0.04269826412200928,0.05144958198070526,0.05516374111175537,0.008131096139550209,179949.0,37238.0,44048.0,30384.0,0.8453959317108609,0.9701881928195405,23995,0.9598,targets_v2/train/20250305_133609_mask.png,targets_v2/train/20250305_133609_cavity_depth.npy
train,images/train/20250305_133629.jpg,labels/train/20250305_133629.txt,depths/train/20250305_133629.npy,True,,0.2890426859601263,0.2039992022632487,0.05030319467186928,0.04951164126396179,0.013865732587873936,0.01401364803314209,0.01889752224087715,0.02174443192780018,0.023286819458007812,0.0006856173276901245,281772.0,28884.0,28884.0,28463.0,1.0,0.9829770936426611,25000,1.0,targets_v2/train/20250305_133629_mask.png,targets_v2/train/20250305_133629_cavity_depth.npy
train,images/train/20250305_133633.jpg,labels/train/20250305_133633.txt,depths/train/20250305_133633.npy,True,,0.4463302276060267,0.1998973686070707,0.08405697345733643,0.08279863744974136,0.018485866487026215,0.018860816955566406,0.027055058628320694,0.03024846874177456,0.03284573554992676,0.001463738619349897,280520.0,45565.0,45565.0,45067.0,1.0,0.9419979779819653,25000,1.0,targets_v2/train/20250305_133633_mask.png,targets_v2/train/20250305_133633_cavity_depth.npy
train,images/train/20250305_133640.jpg,labels/train/20250305_133640.txt,depths/train/20250305_133640.npy,True,,0.3777503147344239,0.1324739864264864,0.038816843181848526,0.033097125589847565,0.009881999343633652,0.010233402252197266,0.015053808689117432,0.017007023096084595,0.018085479736328125,0.00031850067898631096,275057.0,41034.0,41034.0,35551.0,1.0,0.8303196745961082,25000,1.0,targets_v2/train/20250305_133640_mask.png,targets_v2/train/20250305_133640_cavity_depth.npy
train,images/train/20250305_133655.jpg,labels/train/20250305_133655.txt,depths/train/20250305_133655.npy,True,,1.4896426925545616,1.025565837894114,1.2650346755981445,1.158782958984375,0.013754286803305149,0.013146758079528809,0.022541426122188568,0.028397252783179283,0.033737897872924805,0.016438163816928864,175130.0,56486.0,69130.0,50849.0,0.8170982207435267,0.9447410757398196,24887,0.99548,targets_v2/train/20250305_133655_mask.png,targets_v2/train/20250305_133655_cavity_depth.npy
train,images/train/20250305_133703.jpg,labels/train/20250305_133703.txt,depths/train/20250305_133703.npy,True,,0.42978202085069794,0.24393555515636522,0.09371575713157654,0.09052368253469467,0.011082514189183712,0.01180720329284668,0.014728093519806862,0.0160837285220623,0.017284810543060303,0.0010027186945080757,276964.0,77573.0,77573.0,75057.0,1.0,0.9654464672262386,25000,1.0,targets_v2/train/20250305_133703_mask.png,targets_v2/train/20250305_133703_cavity_depth.npy
train,images/train/20250305_133732.jpg,labels/train/20250305_133732.txt,depths/train/20250305_133732.npy,True,,0.31433593753986705,0.27067974665094113,0.08200043439865112,0.08200043439865112,0.024041220545768738,0.02582097053527832,0.033797167241573334,0.036359935998916626,0.03867441415786743,0.001925863791257143,278840.0,56275.0,56275.0,56275.0,1.0,0.976906281978224,24995,0.9998,targets_v2/train/20250305_133732_mask.png,targets_v2/train/20250305_133732_cavity_depth.npy
train,images/train/20250305_133753.jpg,labels/train/20250305_133753.txt,depths/train/20250305_133753.npy,True,,0.32147151308594824,0.28932500997331845,0.0883905440568924,0.0883905440568924,0.030625607818365097,0.03268420696258545,0.04078555107116699,0.045493047684431076,0.048458099365234375,0.0026436587795615196,287286.0,25443.0,25443.0,25443.0,1.0,0.9765958527118133,24697,0.98788,targets_v2/train/20250305_133753_mask.png,targets_v2/train/20250305_133753_cavity_depth.npy
train,images/train/20250305_134023.jpg,labels/train/20250305_134023.txt,depths/train/20250305_134023.npy,True,,0.9894573633149027,0.6519440152123994,0.6141114234924316,0.5955291390419006,0.044720228761434555,0.046185195446014404,0.07037664949893951,0.08060271292924881,0.08729469776153564,0.02654869109392166,292560.0,67811.0,67811.0,66022.0,1.0,0.9667004523023536,18423,0.73692,targets_v2/train/20250305_134023_mask.png,targets_v2/train/20250305_134023_cavity_depth.npy
train,images/train/20250305_134201.jpg,labels/train/20250305_134201.txt,depths/train/20250305_134201.npy,True,,0.64081789436728,0.38765166194900236,0.2395961880683899,0.2395961880683899,0.028487034142017365,0.030659079551696777,0.03615167737007141,0.03805360943078995,0.04002690315246582,0.006711593829095364,283352.0,71506.0,71506.0,71506.0,1.0,0.9833282717076844,25000,1.0,targets_v2/train/20250305_134201_mask.png,targets_v2/train/20250305_134201_cavity_depth.npy
train,images/train/20250305_134211.jpg,labels/train/20250305_134211.txt,depths/train/20250305_134211.npy,True,,0.17927623087643188,0.14126815164126916,0.023013388738036156,0.023013388738036156,0.030605698004364967,0.03404852747917175,0.03755518049001694,0.038463689386844635,0.0391048789024353,0.0006994406576268375,271829.0,30184.0,30184.0,30184.0,1.0,0.993042902005332,25000,1.0,targets_v2/train/20250305_134211_mask.png,targets_v2/train/20250305_134211_cavity_depth.npy
train,images/train/20250305_134212.jpg,labels/train/20250305_134212.txt,depths/train/20250305_134212.npy,True,,0.5757230021697389,0.37222522955808013,0.20736686885356903,0.19892917573451996,0.04338435083627701,0.04676887392997742,0.061884015798568726,0.06678260117769241,0.0702161192893982,0.008529451675713062,281503.0,105111.0,105111.0,101796.0,1.0,0.9480879776649178,23369,0.93476,targets_v2/train/20250305_134212_mask.png,targets_v2/train/20250305_134212_cavity_depth.npy
train,images/train/20250305_134236.jpg,labels/train/20250305_134236.txt,depths/train/20250305_134236.npy,True,,0.26513183726065714,0.20654188661305717,0.05796799063682556,0.05501321330666542,0.032587528228759766,0.037067800760269165,0.047968823462724686,0.052928194403648376,0.05521714687347412,0.001763845095410943,281548.0,28660.0,28660.0,27270.0,1.0,0.933728844003748,19609,0.78436,targets_v2/train/20250305_134236_mask.png,targets_v2/train/20250305_134236_cavity_depth.npy
train,images/train/20250305_134243.jpg,labels/train/20250305_134243.txt,depths/train/20250305_134243.npy,True,,0.25476278117247486,0.19830738652800045,0.04887063056230545,0.04243851453065872,0.03058875910937786,0.03317594528198242,0.04136744514107704,0.045468538999557495,0.047804057598114014,0.001285132602788508,270578.0,76782.0,76865.0,67373.0,0.9989201847394783,0.8596826054247857,23889,0.95556,targets_v2/train/20250305_134243_mask.png,targets_v2/train/20250305_134243_cavity_depth.npy
train,images/train/20250305_134302.jpg,labels/train/20250305_134302.txt,depths/train/20250305_134302.npy,True,,0.561767718869741,0.41966527283458,0.21042385697364807,0.20889398455619812,0.04021019488573074,0.04276984930038452,0.05498015880584717,0.05966868996620178,0.06499379873275757,0.008260871283710003,284020.0,92041.0,92041.0,91551.0,1.0,0.9763256529152439,24075,0.963,targets_v2/train/20250305_134302_mask.png,targets_v2/train/20250305_134302_cavity_depth.npy
train,images/train/20250305_134331.jpg,labels/train/20250305_134331.txt,depths/train/20250305_134331.npy,True,,0.19778193849388642,0.12057711940636115,0.023793650791049004,0.018326973542571068,0.022405289113521576,0.02481454610824585,0.03099334053695202,0.03387017175555229,0.03722691535949707,0.0004056740435771644,275035.0,23130.0,23130.0,18075.0,1.0,0.7609665823356794,24219,0.96876,targets_v2/train/20250305_134331_mask.png,targets_v2/train/20250305_134331_cavity_depth.npy
train,images/train/20250305_134622.jpg,labels/train/20250305_134622.txt,depths/train/20250305_134622.npy,True,,0.26778864246668777,0.1752269109002825,0.04474514722824097,0.04474005848169327,0.01684137061238289,0.017460525035858154,0.022341657429933548,0.02447754330933094,0.02561742067337036,0.0007434310973621905,275881.0,32032.0,32032.0,32029.0,1.0,0.9865460202848957,25000,1.0,targets_v2/train/20250305_134622_mask.png,targets_v2/train/20250305_134622_cavity_depth.npy
train,images/train/20250305_134629.jpg,labels/train/20250305_134629.txt,depths/train/20250305_134629.npy,True,,0.409108952784883,0.3539603013935507,0.1279415488243103,0.12732887268066406,0.020273694768548012,0.02024480700492859,0.02932840585708618,0.032682981342077255,0.034752845764160156,0.002578414510935545,281564.0,59007.0,59007.0,58756.0,1.0,0.9940499988107311,25000,1.0,targets_v2/train/20250305_134629_mask.png,targets_v2/train/20250305_134629_cavity_depth.npy
train,images/train/20250305_134713.jpg,labels/train/20250305_134713.txt,depths/train/20250305_134713.npy,True,,0.2561403842518307,0.18379098378150877,0.04441245272755623,0.04441245272755623,0.018752703443169594,0.01910930871963501,0.025410210713744164,0.02850526198744774,0.030148983001708984,0.0008411735761910677,285686.0,13263.0,13263.0,13263.0,1.0,1.009989776660775,25000,1.0,targets_v2/train/20250305_134713_mask.png,targets_v2/train/20250305_134713_cavity_depth.npy
train,images/train/20250305_134830.jpg,labels/train/20250305_134830.txt,depths/train/20250305_134830.npy,True,,0.3861127966235737,0.3119981146865699,0.11669160425662994,0.11669160425662994,0.017825372517108917,0.018606722354888916,0.024010105058550835,0.028687654063105583,0.03233599662780762,0.0020658117718994617,285066.0,38968.0,38968.0,38968.0,1.0,0.9931446852385267,24937,0.99748,targets_v2/train/20250305_134830_mask.png,targets_v2/train/20250305_134830_cavity_depth.npy
train,images/train/20250305_134958.jpg,labels/train/20250305_134958.txt,depths/train/20250305_134958.npy,True,,0.5110252007044949,0.3945381224440769,0.17455175518989563,0.17455175518989563,0.028904825448989868,0.03158557415008545,0.03631873056292534,0.038996320217847824,0.04143720865249634,0.004993194714188576,284122.0,77229.0,77229.0,77229.0,1.0,0.9896552452994675,24985,0.9994,targets_v2/train/20250305_134958_mask.png,targets_v2/train/20250305_134958_cavity_depth.npy
train,images/train/20250305_135014.jpg,labels/train/20250305_135014.txt,depths/train/20250305_135014.npy,True,,0.6241162667309315,0.5881379651508908,0.3486047387123108,0.3486047387123108,0.02251838892698288,0.022243022918701172,0.02947835810482502,0.03898607939481735,0.05569815635681152,0.007876253686845303,290114.0,81719.0,81720.0,81719.0,0.9999877630934899,1.0033422346012433,24956,0.99824,targets_v2/train/20250305_135014_mask.png,targets_v2/train/20250305_135014_cavity_depth.npy
train,images/train/20250305_135029.jpg,labels/train/20250305_135029.txt,depths/train/20250305_135029.npy,True,,0.5452182905891902,0.29891273963153775,0.12188613414764404,0.12188613414764404,0.021783363074064255,0.022876322269439697,0.02735346555709839,0.029738878831267357,0.031915366649627686,0.0026242651510983706,282206.0,58993.0,58993.0,58993.0,1.0,0.9883903130461711,24993,0.99972,targets_v2/train/20250305_135029_mask.png,targets_v2/train/20250305_135029_cavity_depth.npy
train,images/train/20250305_135035.jpg,labels/train/20250305_135035.txt,depths/train/20250305_135035.npy,True,,0.7651453582482795,0.23481099180065454,0.0747063010931015,0.07064478099346161,0.012717600911855698,0.012251436710357666,0.020296622067689896,0.023941069841384888,0.025498569011688232,0.0008891974575817585,287069.0,22984.0,22984.0,21795.0,1.0,0.9359136600808344,25000,1.0,targets_v2/train/20250305_135035_mask.png,targets_v2/train/20250305_135035_cavity_depth.npy
train,images/train/20250305_135042.jpg,labels/train/20250305_135042.txt,depths/train/20250305_135042.npy,True,,1.635141644950528,0.1705081462112435,0.10068459808826447,0.061926040798425674,0.010283173993229866,0.009585320949554443,0.01736617088317871,0.0235071312636137,0.02527773380279541,0.000761953298933804,288867.0,9824.0,9824.0,5966.0,1.0,0.73593274772187,24982,0.99928,targets_v2/train/20250305_135042_mask.png,targets_v2/train/20250305_135042_cavity_depth.npy
train,images/train/20250305_135046.jpg,labels/train/20250305_135046.txt,depths/train/20250305_135046.npy,True,,0.23911274039667613,0.1376983705105337,0.029636001214385033,0.025145187973976135,0.011224961839616299,0.011021703481674194,0.01687711477279663,0.018808621913194656,0.020632952451705933,0.00027739410870708525,259341.0,65655.0,65658.0,57171.0,0.9999543086904871,0.833859260345354,25000,1.0,targets_v2/train/20250305_135046_mask.png,targets_v2/train/20250305_135046_cavity_depth.npy
train,images/train/20250305_135051.jpg,labels/train/20250305_135051.txt,depths/train/20250305_135051.npy,True,,0.2281430068917178,0.20622424087035235,0.0457303524017334,0.03989768773317337,0.013319278135895729,0.014320030808448792,0.018742844462394714,0.020322291180491447,0.0216214656829834,0.0005276478477753699,267899.0,67243.0,67243.0,59968.0,1.0,0.8662812906229793,25000,1.0,targets_v2/train/20250305_135051_mask.png,targets_v2/train/20250305_135051_cavity_depth.npy
train,images/train/20250305_135057.jpg,labels/train/20250305_135057.txt,depths/train/20250305_135057.npy,True,,0.3177082585889669,0.24052127259764225,0.0746111199259758,0.0659070760011673,0.020556043833494186,0.022803962230682373,0.029132211580872536,0.030964458361268044,0.0338401198387146,0.0013210903853178024,277751.0,56715.0,56715.0,51104.0,1.0,0.8613693968463819,24885,0.9954,targets_v2/train/20250305_135057_mask.png,targets_v2/train/20250305_135057_cavity_depth.npy
train,images/train/20250305_135143.jpg,labels/train/20250305_135143.txt,depths/train/20250305_135143.npy,True,,0.38617581566982784,0.2829688908706678,0.10636846721172333,0.10537001490592957,0.017687801271677017,0.01803046464920044,0.028229236602783203,0.03304204344749451,0.03551900386810303,0.0018550253007560968,277212.0,99449.0,99449.0,98571.0,1.0,0.985968604358484,25000,1.0,targets_v2/train/20250305_135143_mask.png,targets_v2/train/20250305_135143_cavity_depth.npy
train,images/train/20250305_135219.jpg,labels/train/20250305_135219.txt,depths/train/20250305_135219.npy,True,,0.6036758807766314,0.4129056291386063,0.2468959540128708,0.24685002863407135,0.03192874416708946,0.03359043598175049,0.04774022474884987,0.05215925723314285,0.05511826276779175,0.007619527168571949,282352.0,91575.0,91575.0,91564.0,1.0,0.9665675525092826,25000,1.0,targets_v2/train/20250305_135219_mask.png,targets_v2/train/20250305_135219_cavity_depth.npy
train,images/train/20250305_135233.jpg,labels/train/20250305_135233.txt,depths/train/20250305_135233.npy,True,,0.5128904388517979,0.3545867844273447,0.17094162106513977,0.17068497836589813,0.03245115280151367,0.03454691171646118,0.047238510102033615,0.05245139077305794,0.054210364818573,0.005441125947982073,285218.0,67441.0,67441.0,67353.0,1.0,0.9808685986119507,25000,1.0,targets_v2/train/20250305_135233_mask.png,targets_v2/train/20250305_135233_cavity_depth.npy
train,images/train/20250305_135247.jpg,labels/train/20250305_135247.txt,depths/train/20250305_135247.npy,True,,1.2485691987813186,0.2453971714085631,0.13010528683662415,0.12697920203208923,0.02283623069524765,0.023483991622924805,0.03514547273516655,0.03902231156826019,0.04142022132873535,0.002730210544541478,208368.0,9737.0,11773.0,9639.0,0.8270619213454514,0.918918031294627,24967,0.99868,targets_v2/train/20250305_135247_mask.png,targets_v2/train/20250305_135247_cavity_depth.npy
train,images/train/20250305_135253.jpg,labels/train/20250305_135253.txt,depths/train/20250305_135253.npy,True,,0.22453237089562944,0.20345901119848103,0.04343223571777344,0.04343223571777344,0.020256245508790016,0.020921170711517334,0.029092691838741302,0.031166281551122665,0.03245711326599121,0.0008590107900090516,278662.0,34152.0,34152.0,34152.0,1.0,0.9763993491680955,24999,0.99996,targets_v2/train/20250305_135253_mask.png,targets_v2/train/20250305_135253_cavity_depth.npy
train,images/train/20250305_135306.jpg,labels/train/20250305_135306.txt,depths/train/20250305_135306.npy,True,,0.3952684608913108,0.3222535821747579,0.12842880189418793,0.1270192265510559,0.02794191613793373,0.02855914831161499,0.04452765733003616,0.04828082025051117,0.049854278564453125,0.003471049480140209,277298.0,117673.0,118237.0,116395.0,0.9952299195683246,0.967257684452577,25000,1.0,targets_v2/train/20250305_135306_mask.png,targets_v2/train/20250305_135306_cavity_depth.npy
train,images/train/20250305_135312.jpg,labels/train/20250305_135312.txt,depths/train/20250305_135312.npy,True,,0.4774161881623567,0.41108292138421143,0.19184036552906036,0.177927628159523,0.02562529593706131,0.025252461433410645,0.045875340700149536,0.051053956151008606,0.05312567949295044,0.0043327659368515015,280962.0,122472.0,122472.0,115006.0,1.0,0.8813661066874102,24959,0.99836,targets_v2/train/20250305_135312_mask.png,targets_v2/train/20250305_135312_cavity_depth.npy
train,images/train/20250305_135354.jpg,labels/train/20250305_135354.txt,depths/train/20250305_135354.npy,True,,2.021803952762261,0.37677915019563435,0.24662713706493378,0.13344410061836243,0.022410880774259567,0.02343505620956421,0.037091612815856934,0.04373582825064659,0.04658842086791992,0.0031040841713547707,252304.0,9575.0,9575.0,6356.0,1.0,0.5616085391627899,24490,0.9796,targets_v2/train/20250305_135354_mask.png,targets_v2/train/20250305_135354_cavity_depth.npy
train,images/train/20250305_135425.jpg,labels/train/20250305_135425.txt,depths/train/20250305_135425.npy,True,,0.6767507760890801,0.4062982536664772,0.20209167897701263,0.19979186356067657,0.02185804583132267,0.023288071155548096,0.028701376169919968,0.03235878795385361,0.03511685132980347,0.004350786563009024,288576.0,61748.0,61748.0,61133.0,1.0,0.9849360064713896,24945,0.9978,targets_v2/train/20250305_135425_mask.png,targets_v2/train/20250305_135425_cavity_depth.npy
train,images/train/20250305_135440.jpg,labels/train/20250305_135440.txt,depths/train/20250305_135440.npy,True,,0.32702754735322603,0.2590721939860495,0.08626125007867813,0.08025269955396652,0.014714580960571766,0.015664562582969666,0.019384674727916718,0.02097073383629322,0.02217698097229004,0.0011824795510619879,269066.0,127841.0,128571.0,118094.0,0.9943222032962332,0.9316011000924276,25000,1.0,targets_v2/train/20250305_135440_mask.png,targets_v2/train/20250305_135440_cavity_depth.npy
train,images/train/20250305_135459.jpg,labels/train/20250305_135459.txt,depths/train/20250305_135459.npy,True,,0.6538026195397373,0.3216371323567444,0.2310367226600647,0.21842297911643982,0.019237814471125603,0.017874300479888916,0.03180984407663345,0.03806658089160919,0.04185211658477783,0.004328744951635599,288998.0,29658.0,30313.0,27940.0,0.9783921089961403,0.9739244093956194,24665,0.9866,targets_v2/train/20250305_135459_mask.png,targets_v2/train/20250305_135459_cavity_depth.npy
train,images/train/20250305_140109.jpg,labels/train/20250305_140109.txt,depths/train/20250305_140109.npy,True,,0.569794672804425,0.17276783782525051,0.09855744242668152,0.09852011501789093,0.020653804764151573,0.0205516517162323,0.029311805963516235,0.0325934924185276,0.0344882607460022,0.002051921561360359,282920.0,38758.0,38758.0,38736.0,1.0,1.008024905864827,25000,1.0,targets_v2/train/20250305_140109_mask.png,targets_v2/train/20250305_140109_cavity_depth.npy
train,images/train/20250305_140116.jpg,labels/train/20250305_140116.txt,depths/train/20250305_140116.npy,True,,0.9365347685082475,0.5096214917110612,0.12978464365005493,0.1156664565205574,0.023764928802847862,0.024910569190979004,0.034450650215148926,0.039876773953437805,0.04483342170715332,0.0027779953088611364,291659.0,22936.0,22936.0,19699.0,1.0,0.9006824105467506,24967,0.99868,targets_v2/train/20250305_140116_mask.png,targets_v2/train/20250305_140116_cavity_depth.npy
train,images/train/20250305_140151.jpg,labels/train/20250305_140151.txt,depths/train/20250305_140151.npy,True,,0.6402609747299872,0.3937237107527984,0.23112866282463074,0.14780856668949127,0.006415444891899824,0.0061962902545928955,0.009399091824889183,0.011653183028101921,0.01401376724243164,0.00094112369697541,286026.0,82725.0,82725.0,54468.0,1.0,0.6346965291087787,25000,1.0,targets_v2/train/20250305_140151_mask.png,targets_v2/train/20250305_140151_cavity_depth.npy
train,images/train/20250305_140155.jpg,labels/train/20250305_140155.txt,depths/train/20250305_140155.npy,True,,0.34753662817609654,0.17889499601668396,0.05593125522136688,0.05593125522136688,0.014164620079100132,0.014875054359436035,0.01799255609512329,0.019663119688630104,0.020766019821166992,0.0007905935635790229,280466.0,39541.0,39541.0,39541.0,1.0,0.9979155220683824,25000,1.0,targets_v2/train/20250305_140155_mask.png,targets_v2/train/20250305_140155_cavity_depth.npy
train,images/train/20250305_140203.jpg,labels/train/20250305_140203.txt,depths/train/20250305_140203.npy,True,,1.3105653238634118,0.4344753660293985,0.3142148554325104,0.18611930310726166,0.006564577575773001,0.005937337875366211,0.010639786720275879,0.016300108283758163,0.020790457725524902,0.0013759941793978214,287233.0,49963.0,49963.0,28661.0,1.0,0.6670879536087314,25000,1.0,targets_v2/train/20250305_140203_mask.png,targets_v2/train/20250305_140203_cavity_depth.npy
train,images/train/20250305_140415.jpg,labels/train/20250305_140415.txt,depths/train/20250305_140415.npy,True,,0.9517645553199323,0.5276130577992235,0.47673606872558594,0.44021373987197876,0.030164286494255066,0.02827736735343933,0.048400215804576874,0.055383577942848206,0.06020992994308472,0.013054896146059036,285840.0,168357.0,180238.0,160968.0,0.9340816032135287,0.9078254496750308,25000,1.0,targets_v2/train/20250305_140415_mask.png,targets_v2/train/20250305_140415_cavity_depth.npy
train,images/train/20250305_140423.jpg,labels/train/20250305_140423.txt,depths/train/20250305_140423.npy,True,,2.000119862998329,1.0610566860478443,0.1830826699733734,0.1162552535533905,0.012924831360578537,0.012419462203979492,0.021491289138793945,0.025483161211013794,0.028497815132141113,0.0014281684998422861,271496.0,11145.0,11998.0,7776.0,0.9289048174695783,0.6035417632691839,24381,0.97524,targets_v2/train/20250305_140423_mask.png,targets_v2/train/20250305_140423_cavity_depth.npy
train,images/train/20250305_140426.jpg,labels/train/20250305_140426.txt,depths/train/20250305_140426.npy,True,,1.5865513105173408,1.5526427458990395,0.13751962780952454,0.08377065509557724,0.009996709413826466,0.00933837890625,0.01622471772134304,0.02232205495238304,0.025167465209960938,0.0008299316396005452,293913.0,15927.0,16470.0,10583.0,0.9670309653916211,0.6036991510786325,24771,0.99084,targets_v2/train/20250305_140426_mask.png,targets_v2/train/20250305_140426_cavity_depth.npy
train,images/train/20250305_140432.jpg,labels/train/20250305_140432.txt,depths/train/20250305_140432.npy,True,,0.7735347070998215,0.4126460984253066,0.0921911895275116,0.08410558104515076,0.012403642758727074,0.011989235877990723,0.02141392230987549,0.024673840031027794,0.027193784713745117,0.0010059720370918512,290680.0,17641.0,17641.0,16227.0,1.0,0.8797256214640842,25000,1.0,targets_v2/train/20250305_140432_mask.png,targets_v2/train/20250305_140432_cavity_depth.npy
train,images/train/20250305_140444.jpg,labels/train/20250305_140444.txt,depths/train/20250305_140444.npy,True,,0.2318707496675595,0.14352827245652955,0.029739266261458397,0.027175795286893845,0.026817919686436653,0.030763447284698486,0.03678334876894951,0.03874602168798447,0.03950059413909912,0.0007162041729316115,279260.0,21685.0,21685.0,20067.0,1.0,0.898010701235851,25000,1.0,targets_v2/train/20250305_140444_mask.png,targets_v2/train/20250305_140444_cavity_depth.npy
train,images/train/20250305_140549.jpg,labels/train/20250305_140549.txt,depths/train/20250305_140549.npy,True,,0.6625278794160949,0.2253800962125219,0.13221296668052673,0.12199690192937851,0.029694268479943275,0.03280937671661377,0.04414736479520798,0.0481531023979187,0.050140380859375,0.003559260629117489,286752.0,54310.0,56012.0,50172.0,0.9696136542169536,0.9065945614723012,25000,1.0,targets_v2/train/20250305_140549_mask.png,targets_v2/train/20250305_140549_cavity_depth.npy
train,images/train/20250305_140801.jpg,labels/train/20250305_140801.txt,depths/train/20250305_140801.npy,True,,0.3963568739094735,0.3269228195790834,0.12087885290384293,0.12075359374284744,0.0237253550440073,0.02485397458076477,0.033452339470386505,0.037369295954704285,0.03902769088745117,0.00282428041100502,280667.0,73671.0,73671.0,73610.0,1.0,0.9847925704451191,25000,1.0,targets_v2/train/20250305_140801_mask.png,targets_v2/train/20250305_140801_cavity_depth.npy
train,images/train/20250305_140808.jpg,labels/train/20250305_140808.txt,depths/train/20250305_140808.npy,True,,0.3987195172395718,0.32154258490875476,0.11882634460926056,0.11882634460926056,0.02415882796049118,0.024998009204864502,0.034012485295534134,0.037764497101306915,0.039630234241485596,0.002830794081091881,284601.0,52709.0,52709.0,52709.0,1.0,0.9860970972335835,25000,1.0,targets_v2/train/20250305_140808_mask.png,targets_v2/train/20250305_140808_cavity_depth.npy
train,images/train/20250305_140826.jpg,labels/train/20250305_140826.txt,depths/train/20250305_140826.npy,True,,0.8168959851339355,0.5787545620328798,0.4616166353225708,0.4540860056877136,0.019157560542225838,0.016081035137176514,0.036895573139190674,0.04930028319358826,0.05512440204620361,0.008283788338303566,288039.0,132151.0,132151.0,130226.0,1.0,0.9367146999925716,25000,1.0,targets_v2/train/20250305_140826_mask.png,targets_v2/train/20250305_140826_cavity_depth.npy
train,images/train/20250305_140851.jpg,labels/train/20250305_140851.txt,depths/train/20250305_140851.npy,True,,0.15362024402679686,0.09645343708769544,0.01402577105909586,0.011026804335415363,0.006229347549378872,0.006323769688606262,0.008113956078886986,0.008794153109192848,0.009398877620697021,6.827136530773714e-05,259738.0,32855.0,32855.0,25994.0,1.0,0.7813925757805337,25000,1.0,targets_v2/train/20250305_140851_mask.png,targets_v2/train/20250305_140851_cavity_depth.npy
train,images/train/20250305_141310.jpg,labels/train/20250305_141310.txt,depths/train/20250305_141310.npy,True,,0.4549604789512558,0.32605718074161694,0.13271692395210266,0.1323700100183487,0.02176039293408394,0.023053109645843506,0.031159304082393646,0.03367346152663231,0.03654158115386963,0.0028815846890211105,281714.0,92227.0,92227.0,92003.0,1.0,0.997788162674903,25000,1.0,targets_v2/train/20250305_141310_mask.png,targets_v2/train/20250305_141310_cavity_depth.npy
train,images/train/20250305_141316.jpg,labels/train/20250305_141316.txt,depths/train/20250305_141316.npy,True,,0.17447741570660744,0.10423889901953011,0.013630202040076256,0.011780619621276855,0.012869441881775856,0.01413068175315857,0.019754962995648384,0.02101537398993969,0.021741777658462524,0.00015323932166211307,259970.0,35489.0,35604.0,29817.0,0.9967700258397932,0.8735911273705789,25000,1.0,targets_v2/train/20250305_141316_mask.png,targets_v2/train/20250305_141316_cavity_depth.npy
train,images/train/20250305_141439.jpg,labels/train/20250305_141439.txt,depths/train/20250305_141439.npy,True,,0.6249397653005927,0.2914596291178664,0.13146640360355377,0.12320877611637115,0.02426641434431076,0.026142477989196777,0.03722342103719711,0.04163413122296333,0.04294198751449585,0.002937787212431431,282033.0,81905.0,81905.0,77183.0,1.0,0.9208734349229885,24922,0.99688,targets_v2/train/20250305_141439_mask.png,targets_v2/train/20250305_141439_cavity_depth.npy
train,images/train/20250305_141520.jpg,labels/train/20250305_141520.txt,depths/train/20250305_141520.npy,True,,0.15810758285270737,0.11214034646965432,0.014493590220808983,0.013897732831537724,0.010545726865530014,0.011508792638778687,0.014558777213096619,0.015217307023704052,0.0158880352973938,0.00014572415966540575,263286.0,26153.0,26153.0,25136.0,1.0,0.9534085941423366,25000,1.0,targets_v2/train/20250305_141520_mask.png,targets_v2/train/20250305_141520_cavity_depth.npy
train,images/train/20250305_141524.jpg,labels/train/20250305_141524.txt,depths/train/20250305_141524.npy,True,,0.7313527622436489,0.2681746082716108,0.01327285636216402,0.011526264250278473,0.006138601806014776,0.006121128797531128,0.008386659435927868,0.009461479261517525,0.009986042976379395,7.073373126331717e-05,285450.0,5031.0,5530.0,4260.0,0.9097649186256781,0.8681458844136551,25000,1.0,targets_v2/train/20250305_141524_mask.png,targets_v2/train/20250305_141524_cavity_depth.npy
train,images/train/20250305_141551.jpg,labels/train/20250305_141551.txt,depths/train/20250305_141551.npy,True,,0.51696410551288,0.3950912841137893,0.1850881278514862,0.161468967795372,0.015393221750855446,0.01589280366897583,0.022259734570980072,0.028405331075191498,0.029890358448028564,0.002480717608705163,281605.0,130179.0,130179.0,114175.0,1.0,0.8707013965206623,25000,1.0,targets_v2/train/20250305_141551_mask.png,targets_v2/train/20250305_141551_cavity_depth.npy
train,images/train/20250305_141909.jpg,labels/train/20250305_141909.txt,depths/train/20250305_141909.npy,True,,0.5286617663859752,0.46152514479060125,0.22002097964286804,0.19682976603507996,0.014696302823722363,0.01533558964729309,0.01999199390411377,0.022485684603452682,0.02450317144393921,0.0028991508297622204,286080.0,88336.0,88336.0,79604.0,1.0,0.8965997719526092,25000,1.0,targets_v2/train/20250305_141909_mask.png,targets_v2/train/20250305_141909_cavity_depth.npy
train,images/train/20250305_141916.jpg,labels/train/20250305_141916.txt,depths/train/20250305_141916.npy,True,,0.41876458927771615,0.2910661985003353,0.1204986497759819,0.11984215676784515,0.023666784167289734,0.024886220693588257,0.03377873823046684,0.0377630889415741,0.03981393575668335,0.002745081204921007,287590.0,32954.0,32954.0,32810.0,1.0,0.9625731992818247,24388,0.97552,targets_v2/train/20250305_141916_mask.png,targets_v2/train/20250305_141916_cavity_depth.npy
train,images/train/20250305_142050.jpg,labels/train/20250305_142050.txt,depths/train/20250305_142050.npy,True,,0.32931312289916437,0.29121849201844763,0.0869746208190918,0.08166397362947464,0.018428029492497444,0.018739521503448486,0.029336879029870033,0.03328366577625275,0.03492027521133423,0.0014770698035135865,279695.0,60003.0,60003.0,56945.0,1.0,0.9215726490917213,25000,1.0,targets_v2/train/20250305_142050_mask.png,targets_v2/train/20250305_142050_cavity_depth.npy
train,images/train/20250305_142058.jpg,labels/train/20250305_142058.txt,depths/train/20250305_142058.npy,True,,0.5032804722971529,0.3470521606717382,0.16158954799175262,0.15499472618103027,0.01976202242076397,0.01938927173614502,0.032585203647613525,0.03935844823718071,0.04199576377868652,0.0029947529546916485,279574.0,133456.0,133456.0,128991.0,1.0,0.9378132151240006,25000,1.0,targets_v2/train/20250305_142058_mask.png,targets_v2/train/20250305_142058_cavity_depth.npy
train,images/train/20250305_142107.jpg,labels/train/20250305_142107.txt,depths/train/20250305_142107.npy,True,,1.3681895017296903,0.6465942365042354,0.8625770807266235,0.6392474174499512,0.013614499010145664,0.012858033180236816,0.02368016168475151,0.031079690903425217,0.036986589431762695,0.008520294912159443,252495.0,94204.0,105209.0,61915.0,0.8953986826222091,0.7255294541352328,24974,0.99896,targets_v2/train/20250305_142107_mask.png,targets_v2/train/20250305_142107_cavity_depth.npy
train,images/train/20250305_142115.jpg,labels/train/20250305_142115.txt,depths/train/20250305_142115.npy,True,,0.3914912628980771,0.2883791497051741,0.10309988260269165,0.09836915135383606,0.014755798503756523,0.014574021100997925,0.023997366428375244,0.026986032724380493,0.029039084911346436,0.0014403349487110972,282680.0,51579.0,51579.0,48946.0,1.0,0.9467659095216288,25000,1.0,targets_v2/train/20250305_142115_mask.png,targets_v2/train/20250305_142115_cavity_depth.npy
train,images/train/20250305_142139.jpg,labels/train/20250305_142139.txt,depths/train/20250305_142139.npy,True,,1.2739997903345148,0.6145892602689984,0.2130192518234253,0.12230649590492249,0.008153680711984634,0.007595241069793701,0.01347335521131754,0.015427296049892902,0.016892671585083008,0.0009713341714814305,287415.0,57162.0,60452.0,32783.0,0.945576655859194,0.5592372757560292,25000,1.0,targets_v2/train/20250305_142139_mask.png,targets_v2/train/20250305_142139_cavity_depth.npy
train,images/train/20250305_142220.jpg,labels/train/20250305_142220.txt,depths/train/20250305_142220.npy,True,,0.734473017923766,0.24314154725308762,0.11534099280834198,0.09295247495174408,0.01248566061258316,0.012532532215118408,0.019842028617858887,0.022007333114743233,0.02344667911529541,0.0011716812150552869,283903.0,48494.0,48494.0,39046.0,1.0,0.8136062126153017,25000,1.0,targets_v2/train/20250305_142220_mask.png,targets_v2/train/20250305_142220_cavity_depth.npy
train,images/train/20250305_142246.jpg,labels/train/20250305_142246.txt,depths/train/20250305_142246.npy,True,,0.4313771793808965,0.26877083839942606,0.11079875379800797,0.11024527251720428,0.015061668120324612,0.01614239811897278,0.02048248052597046,0.022345244884490967,0.02475208044052124,0.0016085468232631683,284357.0,42516.0,42516.0,42326.0,1.0,0.9638861895341493,25000,1.0,targets_v2/train/20250305_142246_mask.png,targets_v2/train/20250305_142246_cavity_depth.npy
train,images/train/20250305_142301.jpg,labels/train/20250305_142301.txt,depths/train/20250305_142301.npy,True,,0.3673486935410415,0.17452790738152635,0.05721094459295273,0.05049571394920349,0.014251915737986565,0.014454841613769531,0.02141880989074707,0.024534452706575394,0.026166796684265137,0.0007086749537847936,274032.0,66066.0,66066.0,59116.0,1.0,0.8691499704361044,25000,1.0,targets_v2/train/20250305_142301_mask.png,targets_v2/train/20250305_142301_cavity_depth.npy
train,images/train/20250305_142409.jpg,labels/train/20250305_142409.txt,depths/train/20250305_142409.npy,True,,0.4737510046971545,0.3245847338200213,0.15389373898506165,0.13047540187835693,0.01479512918740511,0.014774352312088013,0.02224665880203247,0.024043137207627296,0.025678694248199463,0.0019423144403845072,279832.0,102342.0,102342.0,89172.0,1.0,0.8530604863972259,25000,1.0,targets_v2/train/20250305_142409_mask.png,targets_v2/train/20250305_142409_cavity_depth.npy
train,images/train/20250305_142436.jpg,labels/train/20250305_142436.txt,depths/train/20250305_142436.npy,True,,1.5472923196824344,0.8636248476444162,1.2577064037322998,1.112919569015503,0.024454956874251366,0.024689912796020508,0.03791026026010513,0.04670010507106781,0.05278921127319336,0.029149631038308144,288963.0,192285.0,208604.0,169188.0,0.921770435849744,0.947734932561499,25000,1.0,targets_v2/train/20250305_142436_mask.png,targets_v2/train/20250305_142436_cavity_depth.npy
train,images/train/20250305_142451.jpg,labels/train/20250305_142451.txt,depths/train/20250305_142451.npy,True,,0.9260735593612053,0.3260860903626495,0.3028424084186554,0.28642967343330383,0.02315523289144039,0.023152053356170654,0.03719545528292656,0.04382313787937164,0.04727834463119507,0.0067894551903009415,287049.0,76877.0,76877.0,73197.0,1.0,0.9682089248568757,25000,1.0,targets_v2/train/20250305_142451_mask.png,targets_v2/train/20250305_142451_cavity_depth.npy
train,images/train/20250305_142602.jpg,labels/train/20250305_142602.txt,depths/train/20250305_142602.npy,True,,0.24133350125244912,0.13990327962715038,0.035322800278663635,0.02782612107694149,0.007974376901984215,0.008309543132781982,0.010476422496140003,0.011609604582190514,0.01295691728591919,0.00021939216821920127,281590.0,18237.0,18237.0,14805.0,1.0,0.778877639672345,25000,1.0,targets_v2/train/20250305_142602_mask.png,targets_v2/train/20250305_142602_cavity_depth.npy
train,images/train/20250305_142744.jpg,labels/train/20250305_142744.txt,depths/train/20250305_142744.npy,True,,2.263008713100966,0.44524916745884485,0.47530558705329895,0.4235926568508148,0.04110046476125717,0.04029768705368042,0.06090575456619263,0.07039275765419006,0.07513141632080078,0.015577881596982479,246021.0,32220.0,32399.0,31306.0,0.994475138121547,0.7974229789970754,23446,0.93784,targets_v2/train/20250305_142744_mask.png,targets_v2/train/20250305_142744_cavity_depth.npy
train,images/train/20250305_142815.jpg,labels/train/20250305_142815.txt,depths/train/20250305_142815.npy,True,,0.40680794416302213,0.3093878562637837,0.12236283719539642,0.11393475532531738,0.020842168480157852,0.021921128034591675,0.031525373458862305,0.035572756081819534,0.03846931457519531,0.002345480490475893,283141.0,70630.0,70630.0,66274.0,1.0,0.919685595256143,24996,0.99984,targets_v2/train/20250305_142815_mask.png,targets_v2/train/20250305_142815_cavity_depth.npy
train,images/train/20250305_143002.jpg,labels/train/20250305_143002.txt,depths/train/20250305_143002.npy,True,,0.8588991318513521,0.6802165030422347,0.5520567893981934,0.5301616191864014,0.03166459873318672,0.0271681547164917,0.060977160930633545,0.07540406286716461,0.08209502696990967,0.01703677326440811,286600.0,170578.0,170751.0,161856.0,0.9989868287740629,0.974607163959931,25000,1.0,targets_v2/train/20250305_143002_mask.png,targets_v2/train/20250305_143002_cavity_depth.npy
train,images/train/20250305_143025.jpg,labels/train/20250305_143025.txt,depths/train/20250305_143025.npy,True,,0.39467544074961947,0.2829679854919735,0.10802596807479858,0.09708376228809357,0.013331209309399128,0.013475954532623291,0.02086678147315979,0.02305140160024166,0.024619698524475098,0.0012407787144184113,282528.0,41730.0,41730.0,38448.0,1.0,0.8615820063708876,25000,1.0,targets_v2/train/20250305_143025_mask.png,targets_v2/train/20250305_143025_cavity_depth.npy
train,images/train/20250305_143042.jpg,labels/train/20250305_143042.txt,depths/train/20250305_143042.npy,True,,1.0072138612407464,0.5415425793597894,0.5049819350242615,0.4989039897918701,0.019380798563361168,0.01814478635787964,0.03176327794790268,0.03838237747550011,0.04288768768310547,0.009577937424182892,289900.0,83860.0,83886.0,82398.0,0.9996900555515819,0.9786434313903792,24610,0.9844,targets_v2/train/20250305_143042_mask.png,targets_v2/train/20250305_143042_cavity_depth.npy
train,images/train/20250305_143109.jpg,labels/train/20250305_143109.txt,depths/train/20250305_143109.npy,True,,0.4381214204718311,0.32376363869144775,0.12325960397720337,0.11730620265007019,0.021447675302624702,0.02152395248413086,0.03559540584683418,0.03971149027347565,0.04170715808868408,0.0024813974741846323,279027.0,85183.0,85183.0,80695.0,1.0,0.9386319684223267,25000,1.0,targets_v2/train/20250305_143109_mask.png,targets_v2/train/20250305_143109_cavity_depth.npy
train,images/train/20250305_143124.jpg,labels/train/20250305_143124.txt,depths/train/20250305_143124.npy,True,,1.3677264309976427,1.2746245068860271,0.4666236639022827,0.4065541625022888,0.01830006204545498,0.017613649368286133,0.02961726114153862,0.036170270293951035,0.039827704429626465,0.007928308099508286,292985.0,56804.0,56809.0,47785.0,0.9999119857769015,0.9284557222188132,24994,0.99976,targets_v2/train/20250305_143124_mask.png,targets_v2/train/20250305_143124_cavity_depth.npy
train,images/train/20250305_143219.jpg,labels/train/20250305_143219.txt,depths/train/20250305_143219.npy,True,,1.929144989141228,0.6536819879242849,1.3685051202774048,1.3681366443634033,0.05486946925520897,0.058200955390930176,0.07900425791740417,0.08714845031499863,0.0940084457397461,0.07597039639949799,212196.0,90465.0,113641.0,90433.0,0.7960595207715525,1.0117360068834096,24934,0.99736,targets_v2/train/20250305_143219_mask.png,targets_v2/train/20250305_143219_cavity_depth.npy
train,images/train/20250305_143234.jpg,labels/train/20250305_143234.txt,depths/train/20250305_143234.npy,True,,0.8346228408623911,0.49923873199209273,0.38639959692955017,0.34332525730133057,0.019914524629712105,0.020647823810577393,0.03110555373132229,0.03710906207561493,0.04023784399032593,0.006621457636356354,285879.0,104711.0,104711.0,96437.0,1.0,0.8604923150835083,25000,1.0,targets_v2/train/20250305_143234_mask.png,targets_v2/train/20250305_143234_cavity_depth.npy
train,images/train/20250305_143243.jpg,labels/train/20250305_143243.txt,depths/train/20250305_143243.npy,True,,0.3454559298955593,0.23061882328866007,0.07471989840269089,0.07433231174945831,0.02603970095515251,0.026707768440246582,0.04133351892232895,0.04711461439728737,0.04864424467086792,0.0018853135406970978,279907.0,52425.0,52425.0,52195.0,1.0,0.9689722097680469,25000,1.0,targets_v2/train/20250305_143243_mask.png,targets_v2/train/20250305_143243_cavity_depth.npy
train,images/train/20250305_143255.jpg,labels/train/20250305_143255.txt,depths/train/20250305_143255.npy,True,,0.8061408426619205,0.33859733482097193,0.22109100222587585,0.20865583419799805,0.022019216790795326,0.022744953632354736,0.033916495740413666,0.037407733500003815,0.03988569974899292,0.00450626015663147,283003.0,97166.0,102452.0,93619.0,0.9484051067817124,0.9256425822027129,25000,1.0,targets_v2/train/20250305_143255_mask.png,targets_v2/train/20250305_143255_cavity_depth.npy
train,images/train/20250305_143305.jpg,labels/train/20250305_143305.txt,depths/train/20250305_143305.npy,True,,0.6386621518685678,0.4072991564344156,0.25057706236839294,0.17815110087394714,0.019277499988675117,0.018289268016815186,0.034543298184871674,0.03979870304465294,0.04309868812561035,0.0033633499406278133,281422.0,135817.0,135819.0,100759.0,0.9999852745197653,0.6962737638348868,25000,1.0,targets_v2/train/20250305_143305_mask.png,targets_v2/train/20250305_143305_cavity_depth.npy
train,images/train/20250305_143314.jpg,labels/train/20250305_143314.txt,depths/train/20250305_143314.npy,True,,0.8210062498765045,0.2322412464881859,0.1417740285396576,0.13537292182445526,0.017200959846377373,0.016020536422729492,0.027755428105592728,0.03246654197573662,0.034544944763183594,0.0022709262557327747,285823.0,56424.0,63374.0,54289.0,0.8903335752832392,0.9312229472792958,25000,1.0,targets_v2/train/20250305_143314_mask.png,targets_v2/train/20250305_143314_cavity_depth.npy
train,images/train/20250305_143414.jpg,labels/train/20250305_143414.txt,depths/train/20250305_143414.npy,True,,1.413038956103136,0.47034081932204996,0.3910568952560425,0.36329495906829834,0.028606975451111794,0.02823638916015625,0.04328574985265732,0.050851620733737946,0.054837822914123535,0.009227901697158813,251597.0,27258.0,27758.0,26307.0,0.9819871748685064,0.8248805591005416,24248,0.96992,targets_v2/train/20250305_143414_mask.png,targets_v2/train/20250305_143414_cavity_depth.npy
train,images/train/20250305_143424.jpg,labels/train/20250305_143424.txt,depths/train/20250305_143424.npy,True,,1.3098127423123183,0.4283304823170626,0.3585386574268341,0.34145641326904297,0.027877936139702797,0.029046297073364258,0.04089895263314247,0.04946114495396614,0.05367279052734375,0.008991749957203865,140281.0,12690.0,15395.0,12324.0,0.8242936018187723,0.899596205072933,24739,0.98956,targets_v2/train/20250305_143424_mask.png,targets_v2/train/20250305_143424_cavity_depth.npy
train,images/train/20250305_143919.jpg,labels/train/20250305_143919.txt,depths/train/20250305_143919.npy,True,,0.23714419489589017,0.2111166771779979,0.0479620099067688,0.04210575297474861,0.023599732667207718,0.025885164737701416,0.03083592653274536,0.03710365667939186,0.03973042964935303,0.0009698287467472255,273624.0,45286.0,45286.0,40653.0,1.0,0.8568219724424176,24737,0.98948,targets_v2/train/20250305_143919_mask.png,targets_v2/train/20250305_143919_cavity_depth.npy
train,images/train/20250305_144025.jpg,labels/train/20250305_144025.txt,depths/train/20250305_144025.npy,True,,0.3339311873077301,0.2544846757728715,0.08316586911678314,0.08316007256507874,0.023194868117570877,0.02393779158592224,0.031887028366327286,0.0345037579536438,0.03614133596420288,0.0018882944714277983,280958.0,52655.0,52655.0,52652.0,1.0,0.9788872765558801,25000,1.0,targets_v2/train/20250305_144025_mask.png,targets_v2/train/20250305_144025_cavity_depth.npy
train,images/train/20250305_144032.jpg,labels/train/20250305_144032.txt,depths/train/20250305_144032.npy,True,,0.8281990064530769,0.7553431624433208,0.607976496219635,0.6066678762435913,0.05403614789247513,0.057779788970947266,0.07829763740301132,0.08424990624189377,0.08844375610351562,0.0325549952685833,289468.0,135474.0,135474.0,135115.0,1.0,0.9909379586756053,24253,0.97012,targets_v2/train/20250305_144032_mask.png,targets_v2/train/20250305_144032_cavity_depth.npy
train,images/train/20250305_144527.jpg,labels/train/20250305_144527.txt,depths/train/20250305_144527.npy,True,,0.4560871294422424,0.10251210167661026,0.04472803324460983,0.04456177353858948,0.03463635593652725,0.039493024349212646,0.049631863832473755,0.053129445761442184,0.05484926700592041,0.0015306576387956738,286634.0,19283.0,19283.0,19214.0,1.0,0.9880207536912227,22905,0.9162,targets_v2/train/20250305_144527_mask.png,targets_v2/train/20250305_144527_cavity_depth.npy
train,images/train/20250305_150043.jpg,labels/train/20250305_150043.txt,depths/train/20250305_150043.npy,True,,0.7410925348515403,0.14651810935486487,0.07791486382484436,0.07490835338830948,0.014690174721181393,0.01483204960823059,0.021840542554855347,0.025800436735153198,0.02729398012161255,0.0010578741785138845,283891.0,32633.0,32633.0,31756.0,1.0,0.9242442118607174,25000,1.0,targets_v2/train/20250305_150043_mask.png,targets_v2/train/20250305_150043_cavity_depth.npy
train,images/train/20250305_150049.jpg,labels/train/20250305_150049.txt,depths/train/20250305_150049.npy,True,,1.0391878567704356,0.4011866638424237,0.3998403251171112,0.37245309352874756,0.03876786306500435,0.04012942314147949,0.05573463439941406,0.06420092284679413,0.06853818893432617,0.014250047504901886,290783.0,106299.0,110943.0,99411.0,0.9581406668289122,0.9193012643824783,25000,1.0,targets_v2/train/20250305_150049_mask.png,targets_v2/train/20250305_150049_cavity_depth.npy
train,images/train/20250305_150323.jpg,labels/train/20250305_150323.txt,depths/train/20250305_150323.npy,True,,0.600031815231169,0.3162295372182623,0.1690129190683365,0.15173158049583435,0.01666792668402195,0.018103957176208496,0.022786855697631836,0.02589970827102661,0.02764153480529785,0.002500258618965745,285517.0,69990.0,76462.0,63151.0,0.9153566477465931,0.887530831920228,25000,1.0,targets_v2/train/20250305_150323_mask.png,targets_v2/train/20250305_150323_cavity_depth.npy
train,images/train/20250305_150331.jpg,labels/train/20250305_150331.txt,depths/train/20250305_150331.npy,True,,0.7722379359457658,0.27827130883490964,0.13859689235687256,0.12134133279323578,0.013096918351948261,0.013312935829162598,0.019636433571577072,0.022937916219234467,0.025141477584838867,0.0016085546230897307,285811.0,49378.0,49378.0,44034.0,1.0,0.8861621585451814,25000,1.0,targets_v2/train/20250305_150331_mask.png,targets_v2/train/20250305_150331_cavity_depth.npy
train,images/train/20250305_150414.jpg,labels/train/20250305_150414.txt,depths/train/20250305_150414.npy,True,,0.7554012460501642,0.4308457521953678,0.2633284032344818,0.2497672587633133,0.01850893907248974,0.016503870487213135,0.03261290863156319,0.0390438437461853,0.04211533069610596,0.004468940198421478,288383.0,71990.0,71990.0,68257.0,1.0,0.916907049275726,25000,1.0,targets_v2/train/20250305_150414_mask.png,targets_v2/train/20250305_150414_cavity_depth.npy
train,images/train/20250305_150442.jpg,labels/train/20250305_150442.txt,depths/train/20250305_150442.npy,True,,0.8332353639150669,0.2032713626754171,0.16456115245819092,0.154666006565094,0.016174865886569023,0.016282618045806885,0.025235455483198166,0.030105140060186386,0.03224295377731323,0.002554218750447035,287066.0,49069.0,49069.0,45262.0,1.0,0.9595996483413713,24525,0.981,targets_v2/train/20250305_150442_mask.png,targets_v2/train/20250305_150442_cavity_depth.npy
train,images/train/20250305_150515.jpg,labels/train/20250305_150515.txt,depths/train/20250305_150515.npy,True,,0.5932923351574952,0.35280004757028527,0.19839954376220703,0.19839954376220703,0.03014402464032173,0.03214669227600098,0.03803758695721626,0.04022061452269554,0.04304826259613037,0.005847403779625893,289235.0,47459.0,47459.0,47459.0,1.0,0.9777350382258211,24928,0.99712,targets_v2/train/20250305_150515_mask.png,targets_v2/train/20250305_150515_cavity_depth.npy
train,images/train/20250305_150518.jpg,labels/train/20250305_150518.txt,depths/train/20250305_150518.npy,True,,0.22877977425143547,0.1588176191709237,0.03514214977622032,0.03509179502725601,0.016425417736172676,0.01702219247817993,0.02390659973025322,0.02636510320007801,0.027655720710754395,0.0005657935398630798,275190.0,35338.0,35338.0,35295.0,1.0,0.9801966989409989,25000,1.0,targets_v2/train/20250305_150518_mask.png,targets_v2/train/20250305_150518_cavity_depth.npy
train,images/train/20250305_151641.jpg,labels/train/20250305_151641.txt,depths/train/20250305_151641.npy,True,,0.4091459238063382,0.23446252167357579,0.09168791770935059,0.08971413969993591,0.014023533090949059,0.014603614807128906,0.020399879664182663,0.02265547215938568,0.024429261684417725,0.0012639546766877174,281779.0,46922.0,46922.0,45915.0,1.0,0.9830190808722762,25000,1.0,targets_v2/train/20250305_151641_mask.png,targets_v2/train/20250305_151641_cavity_depth.npy
train,images/train/20250305_153008.jpg,labels/train/20250305_153008.txt,depths/train/20250305_153008.npy,True,,0.7834495863341964,0.4509847801973047,0.3326428234577179,0.3326428234577179,0.04133446514606476,0.042679548263549805,0.05322636291384697,0.06211308389902115,0.09244132041931152,0.014010566286742687,289673.0,55014.0,55094.0,55014.0,0.9985479362544015,1.0189789407739254,23965,0.9586,targets_v2/train/20250305_153008_mask.png,targets_v2/train/20250305_153008_cavity_depth.npy
val,images/val/20250227_140905.jpg,labels/val/20250227_140905.txt,depths/val/20250227_140905.npy,True,,0.44271442956282514,0.24880650978765279,0.09458111971616745,0.09228543937206268,0.03437484800815582,0.03558611869812012,0.042022645473480225,0.0444137267768383,0.04637038707733154,0.003193728858605027,285435.0,56640.0,56643.0,55243.0,0.9999470367035644,0.9823195894663418,21915,0.8766,targets_v2/val/20250227_140905_mask.png,targets_v2/val/20250227_140905_cavity_depth.npy
val,images/val/20250227_143319.jpg,labels/val/20250227_143319.txt,depths/val/20250227_143319.npy,True,,0.24975024467912676,0.1636095841642662,0.037440162152051926,0.037407685071229935,0.02181118354201317,0.0232122540473938,0.027482569217681885,0.030049670487642288,0.0321463942527771,0.0008175242692232132,282656.0,21858.0,21858.0,21836.0,1.0,1.0011143825664317,24913,0.99652,targets_v2/val/20250227_143319_mask.png,targets_v2/val/20250227_143319_cavity_depth.npy
val,images/val/20250227_170425.jpg,labels/val/20250227_170425.txt,depths/val/20250227_170425.npy,True,,0.4216082117785623,0.30030188350551346,0.11803988367319107,0.11803988367319107,0.02374972775578499,0.023287653923034668,0.03030519373714924,0.03457576036453247,0.03778010606765747,0.0028626546263694763,288536.0,33945.0,33945.0,33945.0,1.0,1.0211311998617811,24985,0.9994,targets_v2/val/20250227_170425_mask.png,targets_v2/val/20250227_170425_cavity_depth.npy
val,images/val/20250227_170647.jpg,labels/val/20250227_170647.txt,depths/val/20250227_170647.npy,True,,0.7974776678448886,0.6758563102332442,0.5237138271331787,0.5112708210945129,0.04580692946910858,0.04533028602600098,0.08020877838134766,0.09022223204374313,0.1063770055770874,0.02272086963057518,290373.0,111113.0,111113.0,109397.0,1.0,0.9471084870074974,25000,1.0,targets_v2/val/20250227_170647_mask.png,targets_v2/val/20250227_170647_cavity_depth.npy
val,images/val/20250227_170940.jpg,labels/val/20250227_170940.txt,depths/val/20250227_170940.npy,True,,0.42349604176434685,0.31573951876584105,0.1263415813446045,0.12609271705150604,0.023718127980828285,0.023269832134246826,0.03571474552154541,0.04081006348133087,0.044505298137664795,0.0030475445091724396,282360.0,78430.0,78430.0,78231.0,1.0,1.0170055913684068,25000,1.0,targets_v2/val/20250227_170940_mask.png,targets_v2/val/20250227_170940_cavity_depth.npy
val,images/val/20250227_171010.jpg,labels/val/20250227_171010.txt,depths/val/20250227_171010.npy,True,,0.35388301245549225,0.2867181424987159,0.09625262022018433,0.09579496085643768,0.023682991042733192,0.02536630630493164,0.03183809295296669,0.034232247620821,0.03579068183898926,0.0022632309701293707,283592.0,51487.0,51487.0,51283.0,1.0,0.9928411428587278,24974,0.99896,targets_v2/val/20250227_171010_mask.png,targets_v2/val/20250227_171010_cavity_depth.npy
val,images/val/20250227_171314.jpg,labels/val/20250227_171314.txt,depths/val/20250227_171314.npy,True,,0.3587884034761792,0.3344858438779732,0.1081838309764862,0.10070494562387466,0.01367677841335535,0.01423683762550354,0.018588900566101074,0.022084016352891922,0.02532172203063965,0.0013771280646324158,285028.0,54504.0,54504.0,50886.0,1.0,0.9307395348093341,25000,1.0,targets_v2/val/20250227_171314_mask.png,targets_v2/val/20250227_171314_cavity_depth.npy
val,images/val/20250227_172829.jpg,labels/val/20250227_172829.txt,depths/val/20250227_172829.npy,True,,0.8488277383074294,0.6718367582078144,0.5368276238441467,0.5318354368209839,0.0437353178858757,0.04220688343048096,0.07307648658752441,0.12102017551660538,0.15636348724365234,0.021675430238246918,292261.0,54343.0,54392.0,53661.0,0.9990991322253272,0.9232101777317256,22232,0.88928,targets_v2/val/20250227_172829_mask.png,targets_v2/val/20250227_172829_cavity_depth.npy
val,images/val/20250227_174412.jpg,labels/val/20250227_174412.txt,depths/val/20250227_174412.npy,True,,0.419655244450589,0.32997207376435383,0.14043954014778137,0.13951431214809418,0.027133896946907043,0.027560651302337646,0.04273110255599022,0.046659283339977264,0.050539374351501465,0.0037492960691452026,285946.0,58639.0,58639.0,58283.0,1.0,0.983893670108466,25000,1.0,targets_v2/val/20250227_174412_mask.png,targets_v2/val/20250227_174412_cavity_depth.npy
val,images/val/20250227_174615.jpg,labels/val/20250227_174615.txt,depths/val/20250227_174615.npy,True,,0.34861047349050733,0.13041445158139336,0.041903674602508545,0.04101476073265076,0.0191373098641634,0.020605742931365967,0.022762900218367577,0.02420281060039997,0.02519899606704712,0.0007854740251787007,279512.0,36591.0,36591.0,35812.0,1.0,0.9794873476381679,25000,1.0,targets_v2/val/20250227_174615_mask.png,targets_v2/val/20250227_174615_cavity_depth.npy
val,images/val/20250227_180536.jpg,labels/val/20250227_180536.txt,depths/val/20250227_180536.npy,True,,1.3085832659362797,1.0750797468950193,0.9851968288421631,0.9683637619018555,0.05344591662287712,0.04673278331756592,0.09841170907020569,0.1679052710533142,0.30000001192092896,0.050931960344314575,280810.0,86088.0,99442.0,84339.0,0.8657106655135657,0.9672814455188524,22882,0.91528,targets_v2/val/20250227_180536_mask.png,targets_v2/val/20250227_180536_cavity_depth.npy
val,images/val/20250227_181003.jpg,labels/val/20250227_181003.txt,depths/val/20250227_181003.npy,True,,0.8099012659460805,0.5100067880664575,0.3740074038505554,0.3724312484264374,0.026695869863033295,0.027803540229797363,0.03417074680328369,0.03874918073415756,0.04519248008728027,0.009942268021404743,290146.0,91860.0,91860.0,91511.0,1.0,0.9957749353238604,24961,0.99844,targets_v2/val/20250227_181003_mask.png,targets_v2/val/20250227_181003_cavity_depth.npy
val,images/val/20250227_183220.jpg,labels/val/20250227_183220.txt,depths/val/20250227_183220.npy,True,,0.6102315641702621,0.5447392313401471,0.3071441650390625,0.3071441650390625,0.040072716772556305,0.04295086860656738,0.05474259704351425,0.05893237888813019,0.062485694885253906,0.011932620778679848,291164.0,53883.0,53883.0,53883.0,1.0,0.9694932344813142,24804,0.99216,targets_v2/val/20250227_183220_mask.png,targets_v2/val/20250227_183220_cavity_depth.npy
val,images/val/20250227_183642.jpg,labels/val/20250227_183642.txt,depths/val/20250227_183642.npy,True,,0.8617272146376804,0.6972085184468977,0.5594348311424255,0.558356523513794,0.044192101806402206,0.04526042938232422,0.07145282626152039,0.08040823042392731,0.08697772026062012,0.024225611239671707,291223.0,104507.0,104507.0,104289.0,1.0,0.9798973509307254,25000,1.0,targets_v2/val/20250227_183642_mask.png,targets_v2/val/20250227_183642_cavity_depth.npy
val,images/val/20250227_184251.jpg,labels/val/20250227_184251.txt,depths/val/20250227_184251.npy,True,,0.5430077984356962,0.377137034448387,0.1990201771259308,0.19243362545967102,0.03199364244937897,0.03161585330963135,0.05303744971752167,0.05794033408164978,0.06144142150878906,0.006060418672859669,288800.0,58381.0,58381.0,56580.0,1.0,0.9517915224701343,25000,1.0,targets_v2/val/20250227_184251_mask.png,targets_v2/val/20250227_184251_cavity_depth.npy
val,images/val/20250227_184927.jpg,labels/val/20250227_184927.txt,depths/val/20250227_184927.npy,True,,0.5428136305380553,0.3174518910324531,0.1697111576795578,0.16885989904403687,0.04140733182430267,0.04716658592224121,0.05658280849456787,0.06106150150299072,0.063934326171875,0.006895897909998894,287959.0,57262.0,57262.0,57001.0,1.0,0.9813031223994956,25000,1.0,targets_v2/val/20250227_184927_mask.png,targets_v2/val/20250227_184927_cavity_depth.npy
val,images/val/20250227_191254.jpg,labels/val/20250227_191254.txt,depths/val/20250227_191254.npy,True,,0.7279337033078885,0.32990035159897835,0.21172431111335754,0.20722246170043945,0.03165895864367485,0.03199648857116699,0.05015575885772705,0.06066358461976051,0.06522786617279053,0.006482615135610104,287967.0,72249.0,72249.0,70791.0,1.0,0.967125612373321,24927,0.99708,targets_v2/val/20250227_191254_mask.png,targets_v2/val/20250227_191254_cavity_depth.npy
val,images/val/20250227_191351.jpg,labels/val/20250227_191351.txt,depths/val/20250227_191351.npy,True,,0.5820152483267385,0.2521053796728912,0.13933545351028442,0.13748058676719666,0.027770545333623886,0.03042265772819519,0.041407037526369095,0.04395025596022606,0.046071767807006836,0.0037756904494017363,283979.0,84277.0,84277.0,83272.0,1.0,0.9757764621400342,25000,1.0,targets_v2/val/20250227_191351_mask.png,targets_v2/val/20250227_191351_cavity_depth.npy
val,images/val/20250305_021612.jpg,labels/val/20250305_021612.txt,depths/val/20250305_021612.npy,True,,1.141147094766208,0.22165389460140567,0.24036110937595367,0.2305581420660019,0.01926218904554844,0.019640088081359863,0.028223082423210144,0.032196756452322006,0.034983277320861816,0.00440364982932806,292043.0,43280.0,43280.0,41627.0,1.0,0.9511366939204419,24408,0.97632,targets_v2/val/20250305_021612_mask.png,targets_v2/val/20250305_021612_cavity_depth.npy
val,images/val/20250305_023226.jpg,labels/val/20250305_023226.txt,depths/val/20250305_023226.npy,True,,0.8340922282667188,0.5970934844439729,0.46986547112464905,0.45327556133270264,0.04984971508383751,0.04842567443847656,0.08120429515838623,0.09398447722196579,0.10094118118286133,0.022311260923743248,290269.0,102486.0,102486.0,98971.0,1.0,0.9525502677304749,19409,0.77636,targets_v2/val/20250305_023226_mask.png,targets_v2/val/20250305_023226_cavity_depth.npy
val,images/val/20250305_033147.jpg,labels/val/20250305_033147.txt,depths/val/20250305_033147.npy,True,,0.4103930151743184,0.39342908468080473,0.15699811279773712,0.15666264295578003,0.03315826505422592,0.033545464277267456,0.04754254221916199,0.052286211401224136,0.05439949035644531,0.00518424715846777,285810.0,55898.0,55898.0,55806.0,1.0,0.995862703023826,24914,0.99656,targets_v2/val/20250305_033147_mask.png,targets_v2/val/20250305_033147_cavity_depth.npy
val,images/val/20250305_034430.jpg,labels/val/20250305_034430.txt,depths/val/20250305_034430.npy,True,,0.31802726485176885,0.20284484073893952,0.06454723328351974,0.06426145136356354,0.01805267669260502,0.018969297409057617,0.02421621046960354,0.02599586360156536,0.026960253715515137,0.0011482818517833948,281150.0,42154.0,42154.0,41982.0,1.0,0.9854379084108112,25000,1.0,targets_v2/val/20250305_034430_mask.png,targets_v2/val/20250305_034430_cavity_depth.npy
val,images/val/20250305_035737.jpg,labels/val/20250305_035737.txt,depths/val/20250305_035737.npy,True,,0.48280919170886905,0.23567082634725206,0.09996719658374786,0.09564325213432312,0.02280488610267639,0.020330727100372314,0.04189993068575859,0.04677140340209007,0.04842633008956909,0.0021736056078225374,276622.0,106463.0,106463.0,101839.0,1.0,0.953444296498031,25000,1.0,targets_v2/val/20250305_035737_mask.png,targets_v2/val/20250305_035737_cavity_depth.npy
val,images/val/20250305_040158.jpg,labels/val/20250305_040158.txt,depths/val/20250305_040158.npy,True,,0.2915815683465579,0.22842030065068683,0.06501167267560959,0.06501167267560959,0.02857978828251362,0.03119361400604248,0.03776528686285019,0.03973980247974396,0.04114419221878052,0.0018454601522535086,277010.0,62979.0,62979.0,62979.0,1.0,0.9932402827835288,25000,1.0,targets_v2/val/20250305_040158_mask.png,targets_v2/val/20250305_040158_cavity_depth.npy
val,images/val/20250305_040311.jpg,labels/val/20250305_040311.txt,depths/val/20250305_040311.npy,True,,0.45317262595396113,0.31370076193344093,0.13681013882160187,0.13674938678741455,0.03697792813181877,0.039145082235336304,0.05722513794898987,0.06113345921039581,0.06343960762023926,0.0049476525746285915,285740.0,54937.0,54937.0,54916.0,1.0,0.9779988365508081,25000,1.0,targets_v2/val/20250305_040311_mask.png,targets_v2/val/20250305_040311_cavity_depth.npy
val,images/val/20250305_040423.jpg,labels/val/20250305_040423.txt,depths/val/20250305_040423.npy,True,,0.3939409924064756,0.381547057560299,0.14406710863113403,0.14406710863113403,0.027107974514365196,0.02663344144821167,0.040969811379909515,0.04580671340227127,0.047554612159729004,0.003844459308311343,284885.0,66342.0,66342.0,66342.0,1.0,0.9844039771731311,25000,1.0,targets_v2/val/20250305_040423_mask.png,targets_v2/val/20250305_040423_cavity_depth.npy
val,images/val/20250305_041332.jpg,labels/val/20250305_041332.txt,depths/val/20250305_041332.npy,True,,0.44114788400965627,0.12905163233445843,0.054149385541677475,0.05225808545947075,0.02367272786796093,0.024164825677871704,0.036712758243083954,0.040783658623695374,0.04264193773269653,0.0012286817654967308,281498.0,37151.0,37151.0,35912.0,1.0,0.9585120446344808,25000,1.0,targets_v2/val/20250305_041332_mask.png,targets_v2/val/20250305_041332_cavity_depth.npy
val,images/val/20250305_050340.jpg,labels/val/20250305_050340.txt,depths/val/20250305_050340.npy,True,,0.6395269536530012,0.4420790686328069,0.28067082166671753,0.26885977387428284,0.02713042125105858,0.027446508407592773,0.042799875140190125,0.04849547892808914,0.051200807094573975,0.007154381833970547,288504.0,92513.0,92513.0,89219.0,1.0,0.9395465710724304,25000,1.0,targets_v2/val/20250305_050340_mask.png,targets_v2/val/20250305_050340_cavity_depth.npy
val,images/val/20250305_050343.jpg,labels/val/20250305_050343.txt,depths/val/20250305_050343.npy,True,,0.666065963427666,0.2685930563153739,0.18352624773979187,0.17060908675193787,0.028330670669674873,0.031050294637680054,0.04182926192879677,0.04789305105805397,0.05240774154663086,0.004698826000094414,287581.0,62831.0,62831.0,58984.0,1.0,0.9037208916123541,24821,0.99284,targets_v2/val/20250305_050343_mask.png,targets_v2/val/20250305_050343_cavity_depth.npy
val,images/val/20250305_051245.jpg,labels/val/20250305_051245.txt,depths/val/20250305_051245.npy,True,,0.9845189825684165,0.6168090335637304,0.6139888763427734,0.48555848002433777,0.02221478894352913,0.022586047649383545,0.034712765365839005,0.04001352936029434,0.04277324676513672,0.010421582497656345,291078.0,104865.0,104865.0,86934.0,1.0,0.7640661788474503,24901,0.99604,targets_v2/val/20250305_051245_mask.png,targets_v2/val/20250305_051245_cavity_depth.npy
val,images/val/20250305_053826.jpg,labels/val/20250305_053826.txt,depths/val/20250305_053826.npy,True,,0.600915937217819,0.19895316614114866,0.11869768053293228,0.11203761398792267,0.02039434388279915,0.019597530364990234,0.035293612629175186,0.03885325416922569,0.04101961851119995,0.0022293548099696636,284892.0,46063.0,46063.0,43647.0,1.0,0.9209312773906673,25000,1.0,targets_v2/val/20250305_053826_mask.png,targets_v2/val/20250305_053826_cavity_depth.npy
val,images/val/20250305_053907.jpg,labels/val/20250305_053907.txt,depths/val/20250305_053907.npy,True,,0.5079016905612708,0.44128074003775275,0.20196323096752167,0.20196323096752167,0.042792584747076035,0.046685099601745605,0.060570646077394485,0.06546028703451157,0.0679558515548706,0.00844278559088707,288945.0,55817.0,55817.0,55817.0,1.0,0.9768883513668712,24840,0.9936,targets_v2/val/20250305_053907_mask.png,targets_v2/val/20250305_053907_cavity_depth.npy
val,images/val/20250305_053943.jpg,labels/val/20250305_053943.txt,depths/val/20250305_053943.npy,True,,0.45229081024507906,0.3871701544795523,0.16171179711818695,0.1615966409444809,0.03275041654706001,0.03582751750946045,0.04697434604167938,0.05069530010223389,0.05397707223892212,0.005124849267303944,285062.0,62192.0,62192.0,62157.0,1.0,0.9676595003503962,25000,1.0,targets_v2/val/20250305_053943_mask.png,targets_v2/val/20250305_053943_cavity_depth.npy
val,images/val/20250305_054230.jpg,labels/val/20250305_054230.txt,depths/val/20250305_054230.npy,True,,0.39202521121861966,0.29524110655859603,0.10645505040884018,0.10645505040884018,0.024568142369389534,0.02562624216079712,0.03774529695510864,0.041787415742874146,0.043483078479766846,0.0025763316079974174,288427.0,33690.0,33690.0,33690.0,1.0,0.985061105741022,25000,1.0,targets_v2/val/20250305_054230_mask.png,targets_v2/val/20250305_054230_cavity_depth.npy
val,images/val/20250305_054517.jpg,labels/val/20250305_054517.txt,depths/val/20250305_054517.npy,True,,0.7103400030030659,0.48978031046326065,0.34400612115859985,0.335330605506897,0.03535037487745285,0.035741984844207764,0.06075986474752426,0.0694122239947319,0.07361495494842529,0.011493640020489693,287233.0,100482.0,100482.0,98454.0,1.0,0.9451427273753358,25000,1.0,targets_v2/val/20250305_054517_mask.png,targets_v2/val/20250305_054517_cavity_depth.npy
val,images/val/20250305_054607.jpg,labels/val/20250305_054607.txt,depths/val/20250305_054607.npy,True,,0.3867418759589236,0.34992831861543217,0.13052643835544586,0.13052643835544586,0.03469306603074074,0.036258041858673096,0.05106237530708313,0.055746711790561676,0.05740469694137573,0.004521199036389589,285680.0,57366.0,57366.0,57366.0,1.0,0.9984181238849381,25000,1.0,targets_v2/val/20250305_054607_mask.png,targets_v2/val/20250305_054607_cavity_depth.npy
val,images/val/20250305_055707.jpg,labels/val/20250305_055707.txt,depths/val/20250305_055707.npy,True,,0.628100602490548,0.5651853936046654,0.3140994906425476,0.3140994906425476,0.03843984007835388,0.03782451152801514,0.06064790487289429,0.0696491077542305,0.0740969181060791,0.011678006500005722,291257.0,49646.0,49646.0,49646.0,1.0,0.9672080630233023,24876,0.99504,targets_v2/val/20250305_055707_mask.png,targets_v2/val/20250305_055707_cavity_depth.npy
val,images/val/20250305_055923.jpg,labels/val/20250305_055923.txt,depths/val/20250305_055923.npy,True,,0.48823259021209187,0.27864167347380064,0.13641105592250824,0.12776687741279602,0.015132877044379711,0.015589118003845215,0.020325541496276855,0.02332540974020958,0.025499343872070312,0.001928631216287613,289251.0,33095.0,33095.0,31253.0,1.0,0.9342822925338926,25000,1.0,targets_v2/val/20250305_055923_mask.png,targets_v2/val/20250305_055923_cavity_depth.npy
val,images/val/20250305_061011.jpg,labels/val/20250305_061011.txt,depths/val/20250305_061011.npy,True,,0.5626700270691287,0.4009331708342656,0.22055943310260773,0.21904651820659637,0.03740761801600456,0.03971970081329346,0.0596025213599205,0.06670234352350235,0.06888580322265625,0.007990776561200619,289363.0,57798.0,57798.0,57467.0,1.0,0.9685081852328157,25000,1.0,targets_v2/val/20250305_061011_mask.png,targets_v2/val/20250305_061011_cavity_depth.npy
val,images/val/20250305_061138.jpg,labels/val/20250305_061138.txt,depths/val/20250305_061138.npy,True,,0.4975663097834127,0.3916011857344628,0.18099331855773926,0.17398975789546967,0.032546307891607285,0.03118276596069336,0.05808456987142563,0.06411545723676682,0.06614243984222412,0.00559332687407732,286617.0,63920.0,63920.0,61559.0,1.0,0.9495239612559991,25000,1.0,targets_v2/val/20250305_061138_mask.png,targets_v2/val/20250305_061138_cavity_depth.npy
val,images/val/20250305_061329.jpg,labels/val/20250305_061329.txt,depths/val/20250305_061329.npy,True,,0.36869713891353634,0.2529537003300311,0.08883330225944519,0.08809170126914978,0.03094562515616417,0.03341066837310791,0.04441046714782715,0.047676049172878265,0.049994826316833496,0.00271264323964715,283739.0,47885.0,47885.0,47481.0,1.0,0.9867738064610462,24932,0.99728,targets_v2/val/20250305_061329_mask.png,targets_v2/val/20250305_061329_cavity_depth.npy
val,images/val/20250305_080238.jpg,labels/val/20250305_080238.txt,depths/val/20250305_080238.npy,True,,0.3612752502661818,0.2851780977223336,0.07204926013946533,0.06457676738500595,0.02059607021510601,0.021987542510032654,0.029356617480516434,0.0317402184009552,0.033433884382247925,0.0012915449915453792,269063.0,94117.0,94118.0,88208.0,0.9999893750398436,0.870353440455356,25000,1.0,targets_v2/val/20250305_080238_mask.png,targets_v2/val/20250305_080238_cavity_depth.npy
val,images/val/20250305_082316.jpg,labels/val/20250305_082316.txt,depths/val/20250305_082316.npy,True,,0.6728414852462246,0.19847793928200363,0.11846918612718582,0.11333274841308594,0.01855938509106636,0.01684284210205078,0.03261786699295044,0.039689164608716965,0.04170745611190796,0.0020983200520277023,270559.0,97170.0,116449.0,95077.0,0.834442545663767,0.9543391556137555,25000,1.0,targets_v2/val/20250305_082316_mask.png,targets_v2/val/20250305_082316_cavity_depth.npy
val,images/val/20250305_083636.jpg,labels/val/20250305_083636.txt,depths/val/20250305_083636.npy,True,,0.39719393885636606,0.1963665000467919,0.06673675775527954,0.059749577194452286,0.020112894475460052,0.02034863829612732,0.030065402388572693,0.03352592885494232,0.03614488244056702,0.0011956574162468314,269426.0,114465.0,124088.0,103906.0,0.9224501966346463,0.890773078941415,25000,1.0,targets_v2/val/20250305_083636_mask.png,targets_v2/val/20250305_083636_cavity_depth.npy
val,images/val/20250305_094522.jpg,labels/val/20250305_094522.txt,depths/val/20250305_094522.npy,True,,0.23852564542442733,0.1406969492649887,0.02365194633603096,0.022392796352505684,0.01250280998647213,0.013470932841300964,0.015943989157676697,0.016943316906690598,0.01796010136604309,0.0002781801449600607,259072.0,58550.0,58550.0,55860.0,1.0,0.9407010162048235,25000,1.0,targets_v2/val/20250305_094522_mask.png,targets_v2/val/20250305_094522_cavity_depth.npy
val,images/val/20250305_094634.jpg,labels/val/20250305_094634.txt,depths/val/20250305_094634.npy,True,,0.1498531593326765,0.09780109199191628,0.01071840524673462,0.01071840524673462,0.02422250248491764,0.026459723711013794,0.030369341373443604,0.03163778409361839,0.032398730516433716,0.0002564082678873092,260627.0,23681.0,23711.0,23681.0,0.9987347644553161,0.9876040056592995,25000,1.0,targets_v2/val/20250305_094634_mask.png,targets_v2/val/20250305_094634_cavity_depth.npy
val,images/val/20250305_095114.jpg,labels/val/20250305_095114.txt,depths/val/20250305_095114.npy,True,,0.37604875854134123,0.17455068221140524,0.05628599971532822,0.05006490647792816,0.014123543165624142,0.014915406703948975,0.02150566503405571,0.023580238223075867,0.024909496307373047,0.0007287774933502078,272048.0,63234.0,63234.0,55949.0,1.0,0.9167499737783428,25000,1.0,targets_v2/val/20250305_095114_mask.png,targets_v2/val/20250305_095114_cavity_depth.npy
val,images/val/20250305_095818.jpg,labels/val/20250305_095818.txt,depths/val/20250305_095818.npy,True,,0.2456469907379467,0.17230628408365245,0.04094155877828598,0.039153505116701126,0.012465898878872395,0.013584509491920471,0.01573900878429413,0.016890935599803925,0.01815897226333618,0.0004798763548023999,262854.0,70268.0,70268.0,67328.0,1.0,0.9402457476155279,25000,1.0,targets_v2/val/20250305_095818_mask.png,targets_v2/val/20250305_095818_cavity_depth.npy
val,images/val/20250305_095853.jpg,labels/val/20250305_095853.txt,depths/val/20250305_095853.npy,True,,0.17444475148658503,0.11430358636578174,0.016593363136053085,0.015114085748791695,0.009611465036869049,0.010583028197288513,0.012465886771678925,0.013614621013402939,0.014203757047653198,0.00014159377315081656,256826.0,32130.0,32130.0,29452.0,1.0,0.8878102337710853,25000,1.0,targets_v2/val/20250305_095853_mask.png,targets_v2/val/20250305_095853_cavity_depth.npy
val,images/val/20250305_095954.jpg,labels/val/20250305_095954.txt,depths/val/20250305_095954.npy,True,,0.34493149168922765,0.27072349946950947,0.09249958395957947,0.08287815749645233,0.012185036204755306,0.012789100408554077,0.015816500410437584,0.0175674706697464,0.01897752285003662,0.001019987161271274,259658.0,158927.0,163514.0,146752.0,0.9719473561896841,0.9049573297035088,25000,1.0,targets_v2/val/20250305_095954_mask.png,targets_v2/val/20250305_095954_cavity_depth.npy
val,images/val/20250305_101118.jpg,labels/val/20250305_101118.txt,depths/val/20250305_101118.npy,True,,0.5317606297892142,0.29031854633443155,0.1377507895231247,0.13276967406272888,0.029657239094376564,0.028559505939483643,0.04851319640874863,0.061062030494213104,0.06456005573272705,0.0037677595391869545,273756.0,135261.0,148976.0,132258.0,0.9079381913865321,0.922270596649951,25000,1.0,targets_v2/val/20250305_101118_mask.png,targets_v2/val/20250305_101118_cavity_depth.npy
val,images/val/20250305_101122.jpg,labels/val/20250305_101122.txt,depths/val/20250305_101122.npy,True,,0.4039682197818266,0.2844081500500154,0.1051987037062645,0.10444867610931396,0.031017493456602097,0.030561357736587524,0.04638480395078659,0.05688247084617615,0.05946552753448486,0.003115636995062232,275542.0,111619.0,119608.0,111012.0,0.9332068089091031,0.9548381538155998,24985,0.9994,targets_v2/val/20250305_101122_mask.png,targets_v2/val/20250305_101122_cavity_depth.npy
val,images/val/20250305_102157.jpg,labels/val/20250305_102157.txt,depths/val/20250305_102157.npy,True,,0.20544220667703889,0.16543331419591437,0.031827643513679504,0.030812852084636688,0.013622770085930824,0.014234155416488647,0.02004225179553032,0.021749723702669144,0.02297404408454895,0.0004130762245040387,268940.0,43321.0,43321.0,42185.0,1.0,0.9527090415227794,25000,1.0,targets_v2/val/20250305_102157_mask.png,targets_v2/val/20250305_102157_cavity_depth.npy
val,images/val/20250305_103303.jpg,labels/val/20250305_103303.txt,depths/val/20250305_103303.npy,True,,0.96546587419972,0.35094241243264446,0.3672681748867035,0.3439251780509949,0.04555608332157135,0.05093461275100708,0.06493639945983887,0.06827991455793381,0.07146561145782471,0.015153523534536362,288084.0,116742.0,125227.0,110756.0,0.9322430466273248,0.9056991338449404,25000,1.0,targets_v2/val/20250305_103303_mask.png,targets_v2/val/20250305_103303_cavity_depth.npy
val,images/val/20250305_110407.jpg,labels/val/20250305_110407.txt,depths/val/20250305_110407.npy,True,,0.5346433701257128,0.43315857637081,0.18722353875637054,0.18722353875637054,0.04767649248242378,0.04964277148246765,0.05916929244995117,0.0688718929886818,0.0934915542602539,0.00891930516809225,282500.0,92756.0,94094.0,92756.0,0.9857801772695389,0.9992318680484791,20369,0.81476,targets_v2/val/20250305_110407_mask.png,targets_v2/val/20250305_110407_cavity_depth.npy
val,images/val/20250305_111246.jpg,labels/val/20250305_111246.txt,depths/val/20250305_111246.npy,True,,0.31228548190296135,0.07921681108808842,0.02317981980741024,0.02315419539809227,0.024876827374100685,0.026081830263137817,0.0299356821924448,0.031888362020254135,0.03287014365196228,0.0005736942403018475,265346.0,45784.0,50645.0,45729.0,0.904018165662948,0.9948908613879164,25000,1.0,targets_v2/val/20250305_111246_mask.png,targets_v2/val/20250305_111246_cavity_depth.npy
val,images/val/20250305_111305.jpg,labels/val/20250305_111305.txt,depths/val/20250305_111305.npy,True,,0.47971010284366367,0.1473767546394555,0.062364790588617325,0.062364790588617325,0.01833714358508587,0.018085598945617676,0.026112103834748268,0.03001587837934494,0.03257453441619873,0.001134930644184351,274247.0,64117.0,64619.0,64117.0,0.9922313870533435,0.9924260797675127,25000,1.0,targets_v2/val/20250305_111305_mask.png,targets_v2/val/20250305_111305_cavity_depth.npy
val,images/val/20250305_111532.jpg,labels/val/20250305_111532.txt,depths/val/20250305_111532.npy,True,,0.5194973449452274,0.46290424679821407,0.11661170423030853,0.10940730571746826,0.012809604406356812,0.013603925704956055,0.017493611201643944,0.01988588646054268,0.02204442024230957,0.0014028900768607855,279686.0,77237.0,77361.0,72440.0,0.9983971251664275,0.9391733987446964,25000,1.0,targets_v2/val/20250305_111532_mask.png,targets_v2/val/20250305_111532_cavity_depth.npy
val,images/val/20250305_111611.jpg,labels/val/20250305_111611.txt,depths/val/20250305_111611.npy,True,,0.2580026534141413,0.10268459805728505,0.012015211395919323,0.009867493063211441,0.00729143712669611,0.007595047354698181,0.009501120075583458,0.011840758845210075,0.014119058847427368,7.366821228060871e-05,140569.0,39143.0,49070.0,30344.0,0.7976971673120032,0.8408830133840492,24025,0.961,targets_v2/val/20250305_111611_mask.png,targets_v2/val/20250305_111611_cavity_depth.npy
val,images/val/20250305_112342.jpg,labels/val/20250305_112342.txt,depths/val/20250305_112342.npy,True,,0.6594233041930745,0.2362221819157711,0.1606844663619995,0.15905997157096863,0.026521727442741394,0.027462005615234375,0.03683743625879288,0.0424395389854908,0.044710397720336914,0.004121285863220692,280272.0,108788.0,116663.0,107875.0,0.932497878504753,0.967068053681019,25000,1.0,targets_v2/val/20250305_112342_mask.png,targets_v2/val/20250305_112342_cavity_depth.npy
val,images/val/20250305_114836.jpg,labels/val/20250305_114836.txt,depths/val/20250305_114836.npy,True,,0.2880250609729593,0.16724900501971657,0.03890940546989441,0.03780372440814972,0.014832119457423687,0.014533162117004395,0.022932957857847214,0.0256497859954834,0.027339965105056763,0.0005672817351296544,262461.0,85848.0,94693.0,83275.0,0.906592884373713,0.9829716471767421,25000,1.0,targets_v2/val/20250305_114836_mask.png,targets_v2/val/20250305_114836_cavity_depth.npy
val,images/val/20250305_115026.jpg,labels/val/20250305_115026.txt,depths/val/20250305_115026.npy,True,,0.3411392727118434,0.1581625498140375,0.05222250893712044,0.05222250893712044,0.02434864453971386,0.025570735335350037,0.03298317641019821,0.034808143973350525,0.03632545471191406,0.001256082090549171,267799.0,82348.0,84729.0,82348.0,0.9718986415512988,0.9878374823754726,24618,0.98472,targets_v2/val/20250305_115026_mask.png,targets_v2/val/20250305_115026_cavity_depth.npy
val,images/val/20250305_115048.jpg,labels/val/20250305_115048.txt,depths/val/20250305_115048.npy,True,,0.30402329260466854,0.2822304454537211,0.06144005060195923,0.0583065040409565,0.029517197981476784,0.03210562467575073,0.041714660823345184,0.04483260586857796,0.04673615097999573,0.00167751032859087,263647.0,119760.0,120273.0,114485.0,0.9957347035494251,0.9249931356842707,24037,0.96148,targets_v2/val/20250305_115048_mask.png,targets_v2/val/20250305_115048_cavity_depth.npy
val,images/val/20250305_115546.jpg,labels/val/20250305_115546.txt,depths/val/20250305_115546.npy,True,,0.7856092451207826,0.1668060989466412,0.11898744851350784,0.11121516674757004,0.03147142753005028,0.03534531593322754,0.045638035982847214,0.050372831523418427,0.052326083183288574,0.0034679509699344635,284545.0,56100.0,57205.0,52757.0,0.9806835066864784,0.9260946047611202,24949,0.99796,targets_v2/val/20250305_115546_mask.png,targets_v2/val/20250305_115546_cavity_depth.npy
val,images/val/20250305_121309.jpg,labels/val/20250305_121309.txt,depths/val/20250305_121309.npy,True,,0.14084613254414058,0.12962460325431135,0.018051540479063988,0.018051540479063988,0.010983992367982864,0.011269792914390564,0.01444255094975233,0.01548278983682394,0.016127169132232666,0.00019766400509979576,263696.0,39138.0,39138.0,39138.0,1.0,0.9969034496733107,25000,1.0,targets_v2/val/20250305_121309_mask.png,targets_v2/val/20250305_121309_cavity_depth.npy
val,images/val/20250305_124414.jpg,labels/val/20250305_124414.txt,depths/val/20250305_124414.npy,True,,0.5695004548293737,0.11913082141428205,0.03612951189279556,0.032749298959970474,0.02730044163763523,0.028559505939483643,0.040441855788230896,0.044095683842897415,0.046053528785705566,0.0008551233913749456,275830.0,36064.0,37830.0,33709.0,0.9533174729051018,0.8669559259097712,24999,0.99996,targets_v2/val/20250305_124414_mask.png,targets_v2/val/20250305_124414_cavity_depth.npy
val,images/val/20250305_124432.jpg,labels/val/20250305_124432.txt,depths/val/20250305_124432.npy,True,,0.2669504882792917,0.1257484415796265,0.01706787571310997,0.01635718159377575,0.012211539782583714,0.012365192174911499,0.019092198461294174,0.021467331796884537,0.022327184677124023,0.00019910442642867565,252247.0,59221.0,69156.0,56888.0,0.8563392908785933,0.9552807249085197,25000,1.0,targets_v2/val/20250305_124432_mask.png,targets_v2/val/20250305_124432_cavity_depth.npy
val,images/val/20250305_124507.jpg,labels/val/20250305_124507.txt,depths/val/20250305_124507.npy,True,,0.4868961977182415,0.4681761682969957,0.2271132618188858,0.21030193567276,0.026473121717572212,0.028316855430603027,0.038639187812805176,0.04257725179195404,0.04516291618347168,0.005436437204480171,281167.0,143629.0,143629.0,134204.0,1.0,0.9042046263669027,25000,1.0,targets_v2/val/20250305_124507_mask.png,targets_v2/val/20250305_124507_cavity_depth.npy
val,images/val/20250305_124519.jpg,labels/val/20250305_124519.txt,depths/val/20250305_124519.npy,True,,0.6134565510125944,0.2738527236206634,0.17333172261714935,0.16108432412147522,0.02120855823159218,0.0228387713432312,0.03310055658221245,0.03541119396686554,0.038063228130340576,0.0033024409785866737,279055.0,133435.0,137254.0,124469.0,0.9721756742972882,0.8983506067866621,24424,0.97696,targets_v2/val/20250305_124519_mask.png,targets_v2/val/20250305_124519_cavity_depth.npy
val,images/val/20250305_124651.jpg,labels/val/20250305_124651.txt,depths/val/20250305_124651.npy,True,,0.49795861320151513,0.29100532764163023,0.1448860615491867,0.1388050615787506,0.029232505708932877,0.031711578369140625,0.0419243723154068,0.0460696741938591,0.04993718862533569,0.003996906336396933,279752.0,111879.0,111882.0,107960.0,0.9999731860352872,0.9436942759833379,25000,1.0,targets_v2/val/20250305_124651_mask.png,targets_v2/val/20250305_124651_cavity_depth.npy
val,images/val/20250305_124845.jpg,labels/val/20250305_124845.txt,depths/val/20250305_124845.npy,True,,0.6512910658390889,0.5968963699641598,0.3782344460487366,0.37458932399749756,0.03278913348913193,0.033853113651275635,0.05328589677810669,0.060549791902303696,0.06617975234985352,0.01207607053220272,287552.0,144581.0,144581.0,143004.0,1.0,0.9737211948200598,25000,1.0,targets_v2/val/20250305_124845_mask.png,targets_v2/val/20250305_124845_cavity_depth.npy
val,images/val/20250305_124859.jpg,labels/val/20250305_124859.txt,depths/val/20250305_124859.npy,True,,0.4500519918495776,0.2861421993754518,0.08923597633838654,0.0793907567858696,0.015333001501858234,0.0163077712059021,0.0227071400731802,0.025840971618890762,0.027758777141571045,0.001207238296046853,278656.0,77819.0,77819.0,69925.0,1.0,0.882319435414714,24943,0.99772,targets_v2/val/20250305_124859_mask.png,targets_v2/val/20250305_124859_cavity_depth.npy
val,images/val/20250305_124920.jpg,labels/val/20250305_124920.txt,depths/val/20250305_124920.npy,True,,0.7661059191453599,0.608715378904593,0.4337887465953827,0.43329373002052307,0.04631856083869934,0.050489068031311035,0.06894285976886749,0.07525448501110077,0.0795133113861084,0.01960075832903385,289414.0,117652.0,117652.0,117497.0,1.0,0.9755275428920863,25000,1.0,targets_v2/val/20250305_124920_mask.png,targets_v2/val/20250305_124920_cavity_depth.npy
val,images/val/20250305_125029.jpg,labels/val/20250305_125029.txt,depths/val/20250305_125029.npy,True,,0.9682614945893248,0.7296916586094455,0.6911232471466064,0.672783613204956,0.05048709362745285,0.05448567867279053,0.0775107592344284,0.08325338363647461,0.08818316459655762,0.033232007175683975,290094.0,165234.0,165234.0,161167.0,1.0,0.9524028820674729,25000,1.0,targets_v2/val/20250305_125029_mask.png,targets_v2/val/20250305_125029_cavity_depth.npy
val,images/val/20250305_125432.jpg,labels/val/20250305_125432.txt,depths/val/20250305_125432.npy,True,,0.8953998344127861,0.6564454522105201,0.5744160413742065,0.56697678565979,0.04468800500035286,0.045355260372161865,0.07231798768043518,0.07968703657388687,0.084378182888031,0.02496703900396824,289961.0,163202.0,163202.0,161525.0,1.0,0.9726341480893134,25000,1.0,targets_v2/val/20250305_125432_mask.png,targets_v2/val/20250305_125432_cavity_depth.npy
val,images/val/20250305_125440.jpg,labels/val/20250305_125440.txt,depths/val/20250305_125440.npy,True,,0.3698235720238536,0.2709459338494494,0.09774625301361084,0.08989273011684418,0.017859231680631638,0.0184490829706192,0.027766168117523193,0.02963525801897049,0.03074038028717041,0.0015752901090309024,269976.0,154888.0,155213.0,144218.0,0.9979061032258896,0.9023970287947024,25000,1.0,targets_v2/val/20250305_125440_mask.png,targets_v2/val/20250305_125440_cavity_depth.npy
val,images/val/20250305_125815.jpg,labels/val/20250305_125815.txt,depths/val/20250305_125815.npy,True,,0.19445665619582791,0.09836544754649755,0.01922152377665043,0.01859889179468155,0.01720188558101654,0.01947268843650818,0.023143604397773743,0.02466190606355667,0.0255468487739563,0.00031552271684631705,197115.0,86633.0,100307.0,84006.0,0.8636785069835605,0.9542600994839868,24929,0.99716,targets_v2/val/20250305_125815_mask.png,targets_v2/val/20250305_125815_cavity_depth.npy
val,images/val/20250305_131835.jpg,labels/val/20250305_131835.txt,depths/val/20250305_131835.npy,False,plane_fit_failed,,,,,,,,,,,,,,,,,2343,0.23124753257007502,,
val,images/val/20250305_131930.jpg,labels/val/20250305_131930.txt,depths/val/20250305_131930.npy,True,,0.9951261599417837,0.48038875668844333,0.4643298387527466,0.4396405816078186,0.05156414583325386,0.05471163988113403,0.07865200191736221,0.08403559029102325,0.08738946914672852,0.022616494446992874,289843.0,143533.0,143755.0,132547.0,0.9984557058884909,0.944606368061138,25000,1.0,targets_v2/val/20250305_131930_mask.png,targets_v2/val/20250305_131930_cavity_depth.npy
val,images/val/20250305_132636.jpg,labels/val/20250305_132636.txt,depths/val/20250305_132636.npy,True,,0.9655636142472017,0.8181442120050895,0.7397944927215576,0.7346784472465515,0.04490014165639877,0.04645198583602905,0.06868702173233032,0.07587587833404541,0.07961022853851318,0.0321446917951107,290996.0,116673.0,116673.0,115802.0,1.0,0.9677216582422264,21744,0.86976,targets_v2/val/20250305_132636_mask.png,targets_v2/val/20250305_132636_cavity_depth.npy
val,images/val/20250305_133552.jpg,labels/val/20250305_133552.txt,depths/val/20250305_133552.npy,True,,0.5746687562959178,0.3275248302735041,0.172542542219162,0.17082080245018005,0.011079741641879082,0.01038140058517456,0.018475672230124474,0.02329099550843239,0.025722742080688477,0.0019557708874344826,280364.0,107938.0,107938.0,106720.0,1.0,1.0230389078832036,25000,1.0,targets_v2/val/20250305_133552_mask.png,targets_v2/val/20250305_133552_cavity_depth.npy
val,images/val/20250305_134250.jpg,labels/val/20250305_134250.txt,depths/val/20250305_134250.npy,True,,0.25764772283347737,0.19845164225608608,0.04680337756872177,0.04680337756872177,0.020039621740579605,0.020633667707443237,0.026248393580317497,0.028810789808630943,0.029911547899246216,0.0009383350843563676,270236.0,65414.0,65414.0,65414.0,1.0,1.0004404435606509,25000,1.0,targets_v2/val/20250305_134250_mask.png,targets_v2/val/20250305_134250_cavity_depth.npy
val,images/val/20250305_135157.jpg,labels/val/20250305_135157.txt,depths/val/20250305_135157.npy,True,,0.8194605472173426,0.1669893716506244,0.14635266363620758,0.14634598791599274,0.022053036838769913,0.022434711456298828,0.0325886569917202,0.03518088161945343,0.037485480308532715,0.0030633914284408092,290418.0,50776.0,51150.0,50775.0,0.9926881720430107,0.9491469551026168,25000,1.0,targets_v2/val/20250305_135157_mask.png,targets_v2/val/20250305_135157_cavity_depth.npy
val,images/val/20250305_135325.jpg,labels/val/20250305_135325.txt,depths/val/20250305_135325.npy,True,,1.1890586351969823,0.8886994243808548,0.9164922833442688,0.9028438329696655,0.044769734144210815,0.044442057609558105,0.07602334022521973,0.08431574702262878,0.08875405788421631,0.04284738749265671,293400.0,122914.0,122914.0,120115.0,1.0,1.0442657135585476,24755,0.9902,targets_v2/val/20250305_135325_mask.png,targets_v2/val/20250305_135325_cavity_depth.npy
val,images/val/20250305_135341.jpg,labels/val/20250305_135341.txt,depths/val/20250305_135341.npy,True,,1.2670923276367452,0.4086628251108211,0.3042789101600647,0.27498486638069153,0.028785262256860733,0.02541172504425049,0.05361921712756157,0.06047612056136131,0.06478166580200195,0.007775965146720409,269547.0,20307.0,20307.0,18982.0,1.0,0.8877941167088441,24543,0.98172,targets_v2/val/20250305_135341_mask.png,targets_v2/val/20250305_135341_cavity_depth.npy
val,images/val/20250305_140447.jpg,labels/val/20250305_140447.txt,depths/val/20250305_140447.npy,True,,0.2139347016399065,0.13404633487270112,0.025549232959747314,0.023394539952278137,0.02338525280356407,0.026691347360610962,0.030315067619085312,0.031599726527929306,0.03225606679916382,0.00052785559091717,257642.0,64335.0,67857.0,60258.0,0.948096732835227,0.8834768833436655,25000,1.0,targets_v2/val/20250305_140447_mask.png,targets_v2/val/20250305_140447_cavity_depth.npy
val,images/val/20250305_140842.jpg,labels/val/20250305_140842.txt,depths/val/20250305_140842.npy,True,,1.0986192526068503,0.3062459318371795,0.3157948851585388,0.2877967357635498,0.01651802659034729,0.01707148551940918,0.02503225766122341,0.030341237783432007,0.03380537033081055,0.004816187545657158,288929.0,74180.0,74373.0,68257.0,0.9974049722345475,0.9232942646988254,25000,1.0,targets_v2/val/20250305_140842_mask.png,targets_v2/val/20250305_140842_cavity_depth.npy
val,images/val/20250305_142529.jpg,labels/val/20250305_142529.txt,depths/val/20250305_142529.npy,True,,1.2260660896852076,0.35413463199378725,0.26238569617271423,0.18359151482582092,0.010384705848991871,0.008974969387054443,0.020525643602013588,0.02465825155377388,0.02701777219772339,0.0022851184476166964,284218.0,48602.0,48602.0,31143.0,1.0,0.8386376597644609,25000,1.0,targets_v2/val/20250305_142529_mask.png,targets_v2/val/20250305_142529_cavity_depth.npy
val,images/val/20250305_142551.jpg,labels/val/20250305_142551.txt,depths/val/20250305_142551.npy,True,,0.537403047628574,0.37851295919984856,0.198176771402359,0.19817113876342773,0.03750041872262955,0.03819453716278076,0.057675182819366455,0.06409141421318054,0.06687420606613159,0.00746564194560051,287283.0,62678.0,62678.0,62676.0,1.0,1.004565574840643,24244,0.96976,targets_v2/val/20250305_142551_mask.png,targets_v2/val/20250305_142551_cavity_depth.npy
val,images/val/20250305_142717.jpg,labels/val/20250305_142717.txt,depths/val/20250305_142717.npy,True,,0.3447373063737711,0.13377274989578503,0.04244396090507507,0.042437322437763214,0.016202185302972794,0.016822457313537598,0.02090137079358101,0.022428691387176514,0.023608386516571045,0.0006838380359113216,278816.0,33138.0,33138.0,33133.0,1.0,0.9944060374812225,25000,1.0,targets_v2/val/20250305_142717_mask.png,targets_v2/val/20250305_142717_cavity_depth.npy
val,images/val/20250305_143250.jpg,labels/val/20250305_143250.txt,depths/val/20250305_143250.npy,True,,0.24822897205627314,0.21671998028259026,0.050134360790252686,0.050134360790252686,0.015157850459218025,0.01586592197418213,0.0193900465965271,0.021539343520998955,0.02319347858428955,0.0007505358662456274,281896.0,31193.0,31193.0,31193.0,1.0,0.9876392719518081,25000,1.0,targets_v2/val/20250305_143250_mask.png,targets_v2/val/20250305_143250_cavity_depth.npy
val,images/val/20250305_143325.jpg,labels/val/20250305_143325.txt,depths/val/20250305_143325.npy,True,,0.9971012161766518,0.5705740473117469,0.48454803228378296,0.4740581214427948,0.029406189918518066,0.029062628746032715,0.044808924198150635,0.05023122578859329,0.05271410942077637,0.013531728647649288,291575.0,94643.0,94643.0,92466.0,1.0,0.9496808664948453,23806,0.95224,targets_v2/val/20250305_143325_mask.png,targets_v2/val/20250305_143325_cavity_depth.npy
val,images/val/20250305_150021.jpg,labels/val/20250305_150021.txt,depths/val/20250305_150021.npy,True,,0.5789218246536088,0.1992762458698114,0.09706788510084152,0.09315143525600433,0.017344312742352486,0.01713848114013672,0.029177188873291016,0.03273278474807739,0.03460347652435303,0.0016033831052482128,279968.0,81098.0,84445.0,77981.0,0.9603647344425366,0.9523676609898,25000,1.0,targets_v2/val/20250305_150021_mask.png,targets_v2/val/20250305_150021_cavity_depth.npy
val,images/val/20250305_150132.jpg,labels/val/20250305_150132.txt,depths/val/20250305_150132.npy,True,,2.227369368543715,0.5380510533743709,1.3668581247329712,1.233452320098877,0.041457004845142365,0.03983628749847412,0.0748908743262291,0.08446740359067917,0.09299540519714355,0.04634722322225571,238177.0,93675.0,116120.0,72189.0,0.8067085773337926,0.817904050000743,24949,0.99796,targets_v2/val/20250305_150132_mask.png,targets_v2/val/20250305_150132_cavity_depth.npy
val,images/val/20250305_150419.jpg,labels/val/20250305_150419.txt,depths/val/20250305_150419.npy,True,,0.8454862741226885,0.6222075723766642,0.45754358172416687,0.4559042751789093,0.04681304097175598,0.04862678050994873,0.07346342504024506,0.07948976010084152,0.0830305814743042,0.020703937858343124,289508.0,105746.0,105746.0,105390.0,1.0,0.9666152311332971,24577,0.98308,targets_v2/val/20250305_150419_mask.png,targets_v2/val/20250305_150419_cavity_depth.npy
val,images/val/20250305_150506.jpg,labels/val/20250305_150506.txt,depths/val/20250305_150506.npy,True,,2.1468566988141022,0.7630660668799742,1.41176176071167,1.2569416761398315,0.02500719018280506,0.026059865951538086,0.03786462917923927,0.046380918473005295,0.0542830228805542,0.03186725825071335,269213.0,94734.0,98841.0,78519.0,0.9584484171548244,0.9026479259049427,22515,0.9006,targets_v2/val/20250305_150506_mask.png,targets_v2/val/20250305_150506_cavity_depth.npy
val,images/val/20250305_152851.jpg,labels/val/20250305_152851.txt,depths/val/20250305_152851.npy,True,,1.3789407605695283,0.7684843007592708,0.8899708986282349,0.865512490272522,0.02315649949014187,0.02435094118118286,0.03258780390024185,0.037922464311122894,0.045027852058410645,0.020183809101581573,287884.0,81898.0,81898.0,78218.0,1.0,0.9793871811280299,23563,0.94252,targets_v2/val/20250305_152851_mask.png,targets_v2/val/20250305_152851_cavity_depth.npy
test,images/test/20250227_141738.jpg,labels/test/20250227_141738.txt,depths/test/20250227_141738.npy,True,,0.3456674214233765,0.20408790192239767,0.06331180036067963,0.06315644085407257,0.026234572753310204,0.02723175287246704,0.03886590152978897,0.0418599471449852,0.044107794761657715,0.0016533152665942907,283471.0,40304.0,40304.0,40185.0,1.0,0.9953985796386668,25000,1.0,targets_v2/test/20250227_141738_mask.png,targets_v2/test/20250227_141738_cavity_depth.npy
test,images/test/20250227_162618.jpg,labels/test/20250227_162618.txt,depths/test/20250227_162618.npy,True,,1.1869811036019886,0.6009927295786887,0.6719027161598206,0.6697058081626892,0.030277060344815254,0.025979161262512207,0.05865037813782692,0.07371775060892105,0.07881581783294678,0.022600743919610977,293730.0,88120.0,88120.0,87825.0,1.0,1.1109707666209125,24311,0.97244,targets_v2/test/20250227_162618_mask.png,targets_v2/test/20250227_162618_cavity_depth.npy
test,images/test/20250227_162635.jpg,labels/test/20250227_162635.txt,depths/test/20250227_162635.npy,True,,1.2527688736546057,0.9137432799950118,1.0818827152252197,0.9601519107818604,0.03226521983742714,0.03001508116722107,0.05857560411095619,0.06818751990795135,0.07297784090042114,0.030954372137784958,291580.0,169553.0,175650.0,154650.0,0.965288926843154,0.8867622336003215,25000,1.0,targets_v2/test/20250227_162635_mask.png,targets_v2/test/20250227_162635_cavity_depth.npy
test,images/test/20250227_162958.jpg,labels/test/20250227_162958.txt,depths/test/20250227_162958.npy,True,,0.4863153222191176,0.2067449211895087,0.10328980535268784,0.10205510258674622,0.015027573332190514,0.012815892696380615,0.027129458263516426,0.03109956718981266,0.0337754487991333,0.001550100278109312,286827.0,35242.0,35242.0,34737.0,1.0,0.9986503975802067,25000,1.0,targets_v2/test/20250227_162958_mask.png,targets_v2/test/20250227_162958_cavity_depth.npy
test,images/test/20250227_163022.jpg,labels/test/20250227_163022.txt,depths/test/20250227_163022.npy,True,,1.0149144662762253,0.5570007702364848,0.300797700881958,0.2904811501502991,0.029097778722643852,0.03164994716644287,0.04000702500343323,0.04367220401763916,0.0462954044342041,0.008410169743001461,290177.0,64763.0,70274.0,61526.0,0.9215783931468253,0.9608827832513229,24937,0.99748,targets_v2/test/20250227_163022_mask.png,targets_v2/test/20250227_163022_cavity_depth.npy
test,images/test/20250227_170115.jpg,labels/test/20250227_170115.txt,depths/test/20250227_170115.npy,True,,0.5197771220687437,0.4428058881982907,0.21790552139282227,0.21653060615062714,0.033394705504179,0.03368687629699707,0.05293405055999756,0.059778034687042236,0.06597030162811279,0.0069188317283988,290393.0,42147.0,42147.0,41963.0,1.0,0.9507950579045623,24816,0.99264,targets_v2/test/20250227_170115_mask.png,targets_v2/test/20250227_170115_cavity_depth.npy
test,images/test/20250227_170321.jpg,labels/test/20250227_170321.txt,depths/test/20250227_170321.npy,True,,0.6072220141022293,0.3277996660517303,0.16832712292671204,0.16832712292671204,0.046920668333768845,0.05059772729873657,0.06152008846402168,0.06558489799499512,0.06744438409805298,0.007793980184942484,287230.0,63109.0,63109.0,63109.0,1.0,0.9868269633522865,23334,0.93336,targets_v2/test/20250227_170321_mask.png,targets_v2/test/20250227_170321_cavity_depth.npy
test,images/test/20250227_171126.jpg,labels/test/20250227_171126.txt,depths/test/20250227_171126.npy,True,,0.47594952910568705,0.4038471674957558,0.17907960712909698,0.17273050546646118,0.03540179505944252,0.03898060321807861,0.048031728714704514,0.05099226534366608,0.05387389659881592,0.006028997246176004,285723.0,73120.0,73120.0,71304.0,1.0,0.9509850046301703,25000,1.0,targets_v2/test/20250227_171126_mask.png,targets_v2/test/20250227_171126_cavity_depth.npy
test,images/test/20250227_171548.jpg,labels/test/20250227_171548.txt,depths/test/20250227_171548.npy,True,,0.13920275354589307,0.11490251886502043,0.015444725751876831,0.015438346192240715,0.012505280785262585,0.012625634670257568,0.018589336425065994,0.020239656791090965,0.021301299333572388,0.00019171855819877237,272678.0,20355.0,20360.0,20347.0,0.9997544204322201,0.9926371061139108,25000,1.0,targets_v2/test/20250227_171548_mask.png,targets_v2/test/20250227_171548_cavity_depth.npy
test,images/test/20250227_171601.jpg,labels/test/20250227_171601.txt,depths/test/20250227_171601.npy,True,,0.7251619661312317,0.3025579093373182,0.1702955663204193,0.1702955663204193,0.022181754931807518,0.022513270378112793,0.026925837621092796,0.029859509319067,0.032323241233825684,0.003733973018825054,289461.0,40889.0,40889.0,40889.0,1.0,0.9884892064061666,24967,0.99868,targets_v2/test/20250227_171601_mask.png,targets_v2/test/20250227_171601_cavity_depth.npy
test,images/test/20250227_172623.jpg,labels/test/20250227_172623.txt,depths/test/20250227_172623.npy,True,,0.5587577287376249,0.20891140718437348,0.09964326024055481,0.09160922467708588,0.021666208282113075,0.02353149652481079,0.03185192123055458,0.037720952183008194,0.03940224647521973,0.001979659777134657,282263.0,62737.0,62737.0,57835.0,1.0,0.9169796896555201,24999,0.99996,targets_v2/test/20250227_172623_mask.png,targets_v2/test/20250227_172623_cavity_depth.npy
test,images/test/20250227_172833.jpg,labels/test/20250227_172833.txt,depths/test/20250227_172833.npy,True,,0.32727659330785486,0.2524196407961261,0.08104993402957916,0.08104993402957916,0.03213033825159073,0.03276708722114563,0.04372507333755493,0.0556165874004364,0.06142103672027588,0.0025716254021972418,288164.0,25160.0,25160.0,25160.0,1.0,0.987506001548471,24109,0.96436,targets_v2/test/20250227_172833_mask.png,targets_v2/test/20250227_172833_cavity_depth.npy
test,images/test/20250227_172837.jpg,labels/test/20250227_172837.txt,depths/test/20250227_172837.npy,True,,0.330110616583869,0.26692829064487356,0.07771678268909454,0.07771678268909454,0.04374272748827934,0.04312729835510254,0.056973814964294434,0.07000601291656494,0.08077108860015869,0.003413298400118947,287517.0,20407.0,20611.0,20407.0,0.9901023725195284,1.0040459407191629,22879,0.91516,targets_v2/test/20250227_172837_mask.png,targets_v2/test/20250227_172837_cavity_depth.npy
test,images/test/20250227_173255.jpg,labels/test/20250227_173255.txt,depths/test/20250227_173255.npy,True,,0.6888915804611416,0.6025362151614393,0.42130327224731445,0.41945838928222656,0.039884455502033234,0.04177987575531006,0.06053121015429497,0.06636187434196472,0.06930148601531982,0.016175584867596626,289950.0,72970.0,72970.0,72729.0,1.0,0.9626346561643897,25000,1.0,targets_v2/test/20250227_173255_mask.png,targets_v2/test/20250227_173255_cavity_depth.npy
test,images/test/20250227_173648.jpg,labels/test/20250227_173648.txt,depths/test/20250227_173648.npy,True,,0.48691868648612247,0.10759401646327107,0.046884335577487946,0.04128985479474068,0.021607017144560814,0.023944437503814697,0.035424720495939255,0.03870850428938866,0.039869725704193115,0.0008823680109344423,277090.0,45318.0,49554.0,40143.0,0.9145174960648988,0.8710180855339895,23443,0.93772,targets_v2/test/20250227_173648_mask.png,targets_v2/test/20250227_173648_cavity_depth.npy
test,images/test/20250227_173957.jpg,labels/test/20250227_173957.txt,depths/test/20250227_173957.npy,True,,0.6242222311632446,0.336115163264471,0.1961018145084381,0.19499088823795319,0.027578160166740417,0.03138810396194458,0.04064985364675522,0.04355728253722191,0.04572868347167969,0.005427851341664791,289515.0,38680.0,38680.0,38402.0,1.0,1.003647120574776,24317,0.97268,targets_v2/test/20250227_173957_mask.png,targets_v2/test/20250227_173957_cavity_depth.npy
test,images/test/20250227_174536.jpg,labels/test/20250227_174536.txt,depths/test/20250227_174536.npy,True,,0.3772616664320371,0.23737447687687818,0.08154723048210144,0.08063249289989471,0.021565711125731468,0.02222388982772827,0.029430389404296875,0.036681778728961945,0.04566633701324463,0.0017341107595711946,285113.0,34314.0,34404.0,33921.0,0.9973840251133589,0.9860611160255514,25000,1.0,targets_v2/test/20250227_174536_mask.png,targets_v2/test/20250227_174536_cavity_depth.npy
test,images/test/20250227_175029.jpg,labels/test/20250227_175029.txt,depths/test/20250227_175029.npy,True,,0.5243919925431832,0.41866988153891393,0.20111054182052612,0.20104435086250305,0.037575770169496536,0.03999972343444824,0.05178842693567276,0.05787412077188492,0.0643686056137085,0.007536325603723526,288662.0,57539.0,57539.0,57523.0,1.0,0.9972795803464981,24729,0.98916,targets_v2/test/20250227_175029_mask.png,targets_v2/test/20250227_175029_cavity_depth.npy
test,images/test/20250227_180537.jpg,labels/test/20250227_180537.txt,depths/test/20250227_180537.npy,True,,0.39035842683197897,0.22138361471574747,0.08575780689716339,0.0841427892446518,0.0241810642182827,0.02552640438079834,0.035732269287109375,0.0415106825530529,0.04309648275375366,0.0020176612306386232,284438.0,42989.0,42989.0,42231.0,1.0,0.9729693790163586,24909,0.99636,targets_v2/test/20250227_180537_mask.png,targets_v2/test/20250227_180537_cavity_depth.npy
test,images/test/20250227_183431.jpg,labels/test/20250227_183431.txt,depths/test/20250227_183431.npy,True,,0.6539899739222292,0.5581460465909255,0.36778366565704346,0.34574612975120544,0.03815304487943649,0.04074239730834961,0.05636699125170708,0.06133516877889633,0.06600046157836914,0.012914658524096012,290487.0,77012.0,77012.0,73305.0,1.0,0.9203675266521842,24996,0.99984,targets_v2/test/20250227_183431_mask.png,targets_v2/test/20250227_183431_cavity_depth.npy
test,images/test/20250227_183800.jpg,labels/test/20250227_183800.txt,depths/test/20250227_183800.npy,True,,0.4720530799930406,0.4142842484378211,0.19668376445770264,0.1958456188440323,0.029315251857042313,0.02980905771255493,0.04706117510795593,0.052782751619815826,0.05636763572692871,0.005703505594283342,285051.0,91989.0,91989.0,91606.0,1.0,0.9891900294044564,25000,1.0,targets_v2/test/20250227_183800_mask.png,targets_v2/test/20250227_183800_cavity_depth.npy
test,images/test/20250227_184207.jpg,labels/test/20250227_184207.txt,depths/test/20250227_184207.npy,True,,0.906987732239441,0.7454820320859779,0.6151121258735657,0.5828386545181274,0.03020101599395275,0.027204692363739014,0.0573711022734642,0.0658416748046875,0.0708702802658081,0.017785843461751938,291360.0,92262.0,92262.0,87858.0,1.0,0.9574114649889452,24958,0.99832,targets_v2/test/20250227_184207_mask.png,targets_v2/test/20250227_184207_cavity_depth.npy
test,images/test/20250227_185502.jpg,labels/test/20250227_185502.txt,depths/test/20250227_185502.npy,True,,0.4277965289220702,0.3091709572449479,0.1280868649482727,0.12742342054843903,0.03300655260682106,0.03741312026977539,0.04562699794769287,0.05006462335586548,0.05378758907318115,0.004155617207288742,284426.0,65740.0,65740.0,65430.0,1.0,0.9829485206652402,25000,1.0,targets_v2/test/20250227_185502_mask.png,targets_v2/test/20250227_185502_cavity_depth.npy
test,images/test/20250227_190012.jpg,labels/test/20250227_190012.txt,depths/test/20250227_190012.npy,True,,0.8793833362132856,0.595722843088961,0.5136309862136841,0.48932400345802307,0.03798855096101761,0.038242340087890625,0.06393695622682571,0.07280013710260391,0.07684624195098877,0.017695115879178047,290516.0,73071.0,73071.0,70390.0,1.0,0.9068792541600302,25000,1.0,targets_v2/test/20250227_190012_mask.png,targets_v2/test/20250227_190012_cavity_depth.npy
test,images/test/20250227_190842.jpg,labels/test/20250227_190842.txt,depths/test/20250227_190842.npy,True,,1.1763736365316984,1.0338199848378709,1.0748323202133179,1.0636134147644043,0.05945522338151932,0.06196719408035278,0.09741021692752838,0.1122538149356842,0.12183284759521484,0.063988097012043,293040.0,151706.0,151706.0,150290.0,1.0,1.0013097896501786,23835,0.9534,targets_v2/test/20250227_190842_mask.png,targets_v2/test/20250227_190842_cavity_depth.npy
test,images/test/20250227_192501.jpg,labels/test/20250227_192501.txt,depths/test/20250227_192501.npy,True,,0.4791954351926818,0.39279199080163774,0.16959507763385773,0.16734324395656586,0.04826478660106659,0.05063265562057495,0.06833308190107346,0.07401792705059052,0.07577550411224365,0.00797467865049839,285275.0,77855.0,77855.0,77062.0,1.0,0.9742480793219018,24998,0.99992,targets_v2/test/20250227_192501_mask.png,targets_v2/test/20250227_192501_cavity_depth.npy
test,images/test/20250305_021453.jpg,labels/test/20250305_021453.txt,depths/test/20250305_021453.npy,True,,1.2153776805277539,0.6857347472168218,0.883165717124939,0.8692191243171692,0.043204691261053085,0.045848846435546875,0.06059682369232178,0.06948404014110565,0.07607543468475342,0.03637482970952988,293392.0,98143.0,98143.0,96884.0,1.0,0.9532961972482187,24735,0.9894,targets_v2/test/20250305_021453_mask.png,targets_v2/test/20250305_021453_cavity_depth.npy
test,images/test/20250305_021640.jpg,labels/test/20250305_021640.txt,depths/test/20250305_021640.npy,True,,0.5992987507704933,0.18435376457601466,0.10687842965126038,0.10112959891557693,0.018736960366368294,0.019810378551483154,0.026046322658658028,0.030421409755945206,0.032399535179138184,0.0018882958684116602,287129.0,39681.0,39681.0,37615.0,1.0,0.9429330119801511,24866,0.99464,targets_v2/test/20250305_021640_mask.png,targets_v2/test/20250305_021640_cavity_depth.npy
test,images/test/20250305_022052.jpg,labels/test/20250305_022052.txt,depths/test/20250305_022052.npy,True,,2.2391894004727018,0.35973747468707984,0.8982464075088501,0.8742799758911133,0.051400959491729736,0.052920758724212646,0.08109333366155624,0.09066971391439438,0.09435462951660156,0.04159770905971527,276212.0,55882.0,55882.0,54524.0,1.0,0.9009541667853748,22281,0.89124,targets_v2/test/20250305_022052_mask.png,targets_v2/test/20250305_022052_cavity_depth.npy
test,images/test/20250305_023142.jpg,labels/test/20250305_023142.txt,depths/test/20250305_023142.npy,True,,0.8514261808624253,0.38523817250359865,0.31830787658691406,0.27455073595046997,0.03442252054810524,0.03435111045837402,0.057004332542419434,0.06558085978031158,0.06918203830718994,0.0093808863312006,289406.0,100331.0,100684.0,87471.0,0.9964939811688054,0.8561578052384826,25000,1.0,targets_v2/test/20250305_023142_mask.png,targets_v2/test/20250305_023142_cavity_depth.npy
test,images/test/20250305_024357.jpg,labels/test/20250305_024357.txt,depths/test/20250305_024357.npy,True,,0.6246068505789937,0.2023604724547834,0.120824433863163,0.12031176686286926,0.022590624168515205,0.023550450801849365,0.03056918829679489,0.035460200160741806,0.037810683250427246,0.002699612407013774,284807.0,60334.0,60334.0,60098.0,1.0,0.9890503844669088,25000,1.0,targets_v2/test/20250305_024357_mask.png,targets_v2/test/20250305_024357_cavity_depth.npy
test,images/test/20250305_031412.jpg,labels/test/20250305_031412.txt,depths/test/20250305_031412.npy,True,,0.8826312948175719,0.17245769149467188,0.10366345942020416,0.1036396399140358,0.024852503091096878,0.02634790539741516,0.03400459885597229,0.037140585482120514,0.039223313331604004,0.0025415646377950907,286381.0,40766.0,42872.0,40756.0,0.9508770292965105,0.9865187067514519,25000,1.0,targets_v2/test/20250305_031412_mask.png,targets_v2/test/20250305_031412_cavity_depth.npy
test,images/test/20250305_035753.jpg,labels/test/20250305_035753.txt,depths/test/20250305_035753.npy,True,,0.40278405072117146,0.14092076740775816,0.04168521985411644,0.041366737335920334,0.014616809785366058,0.011682063341140747,0.027267927303910255,0.03008379600942135,0.030854880809783936,0.0006047501810826361,276958.0,43034.0,43034.0,42712.0,1.0,0.9925246815414417,25000,1.0,targets_v2/test/20250305_035753_mask.png,targets_v2/test/20250305_035753_cavity_depth.npy
test,images/test/20250305_041543.jpg,labels/test/20250305_041543.txt,depths/test/20250305_041543.npy,True,,0.2949224683475451,0.2501731143213895,0.07082023471593857,0.07082023471593857,0.018811369314789772,0.019907087087631226,0.024952739477157593,0.027452360838651657,0.02851390838623047,0.001319331699050963,287019.0,26364.0,26364.0,26364.0,1.0,0.9903215407019003,25000,1.0,targets_v2/test/20250305_041543_mask.png,targets_v2/test/20250305_041543_cavity_depth.npy
test,images/test/20250305_042158.jpg,labels/test/20250305_042158.txt,depths/test/20250305_042158.npy,True,,0.32319134056614224,0.2083359055121091,0.06384074687957764,0.06337153911590576,0.0198653731495142,0.019770443439483643,0.029237031936645508,0.03246493265032768,0.033594369888305664,0.001255931332707405,283178.0,43173.0,43173.0,42869.0,1.0,0.9903101010153514,25000,1.0,targets_v2/test/20250305_042158_mask.png,targets_v2/test/20250305_042158_cavity_depth.npy
test,images/test/20250305_043508.jpg,labels/test/20250305_043508.txt,depths/test/20250305_043508.npy,True,,1.6251789936549361,0.37700801690329383,0.5403673648834229,0.4652685523033142,0.01969068869948387,0.01914083957672119,0.03351907432079315,0.04115688055753708,0.04537665843963623,0.010233897715806961,289525.0,58904.0,61820.0,49213.0,0.9528307990941443,0.9618139097990027,24995,0.9998,targets_v2/test/20250305_043508_mask.png,targets_v2/test/20250305_043508_cavity_depth.npy
test,images/test/20250305_043741.jpg,labels/test/20250305_043741.txt,depths/test/20250305_043741.npy,True,,0.7005696308388467,0.5333176674914996,0.35847046971321106,0.3539108633995056,0.042224761098623276,0.042131781578063965,0.06731870025396347,0.0779256522655487,0.0823134183883667,0.014910763129591942,291305.0,60717.0,60717.0,59703.0,1.0,0.9850976547296487,24963,0.99852,targets_v2/test/20250305_043741_mask.png,targets_v2/test/20250305_043741_cavity_depth.npy
test,images/test/20250305_052509.jpg,labels/test/20250305_052509.txt,depths/test/20250305_052509.npy,True,,0.3404227719687759,0.30015219587182346,0.10329346358776093,0.10259152948856354,0.027614036574959755,0.02988213300704956,0.03810322284698486,0.04427460953593254,0.046409785747528076,0.002809429308399558,286576.0,42395.0,42395.0,42121.0,1.0,0.9849526948412101,25000,1.0,targets_v2/test/20250305_052509_mask.png,targets_v2/test/20250305_052509_cavity_depth.npy
test,images/test/20250305_052609.jpg,labels/test/20250305_052609.txt,depths/test/20250305_052609.npy,True,,0.6664114645111399,0.3255652919796207,0.23301193118095398,0.22463685274124146,0.04902752861380577,0.053655385971069336,0.06828489154577255,0.0723801702260971,0.07545065879821777,0.01074240729212761,288433.0,70268.0,70268.0,68105.0,1.0,0.9403368449308902,21425,0.857,targets_v2/test/20250305_052609_mask.png,targets_v2/test/20250305_052609_cavity_depth.npy
test,images/test/20250305_052731.jpg,labels/test/20250305_052731.txt,depths/test/20250305_052731.npy,True,,0.38589081601459474,0.3641981040424299,0.13492313027381897,0.1340828239917755,0.028287002816796303,0.028090953826904297,0.04531960189342499,0.050699394196271896,0.05218380689620972,0.003755508456379175,286813.0,53614.0,53614.0,53303.0,1.0,0.9840006879815444,24974,0.99896,targets_v2/test/20250305_052731_mask.png,targets_v2/test/20250305_052731_cavity_depth.npy
test,images/test/20250305_053130.jpg,labels/test/20250305_053130.txt,depths/test/20250305_053130.npy,True,,0.4379874080641319,0.30330532510995745,0.128169447183609,0.128169447183609,0.027254929766058922,0.02742135524749756,0.04115502908825874,0.04497434198856354,0.04674661159515381,0.003460613777860999,287834.0,41437.0,41437.0,41437.0,1.0,0.9906575509915581,25000,1.0,targets_v2/test/20250305_053130_mask.png,targets_v2/test/20250305_053130_cavity_depth.npy
test,images/test/20250305_053309.jpg,labels/test/20250305_053309.txt,depths/test/20250305_053309.npy,True,,0.753524042395282,0.6270158968085722,0.4410446286201477,0.43838614225387573,0.036981213837862015,0.03519707918167114,0.06063789874315262,0.07000617682933807,0.07503080368041992,0.016216609627008438,290239.0,87195.0,87195.0,86754.0,1.0,0.9942517477764935,24997,0.99988,targets_v2/test/20250305_053309_mask.png,targets_v2/test/20250305_053309_cavity_depth.npy
test,images/test/20250305_053421.jpg,labels/test/20250305_053421.txt,depths/test/20250305_053421.npy,True,,0.9432766868332667,0.3853438146392383,0.3476369380950928,0.33030110597610474,0.040343791246414185,0.0390247106552124,0.0723351240158081,0.0829252153635025,0.08828401565551758,0.012949290685355663,291152.0,66423.0,66423.0,63199.0,1.0,0.923301106332929,24983,0.99932,targets_v2/test/20250305_053421_mask.png,targets_v2/test/20250305_053421_cavity_depth.npy
test,images/test/20250305_053506.jpg,labels/test/20250305_053506.txt,depths/test/20250305_053506.npy,True,,0.5663242198579402,0.33879578246328745,0.18702729046344757,0.1864919662475586,0.030944814905524254,0.03190493583679199,0.047739364206790924,0.053992923349142075,0.05616915225982666,0.005709151737391949,289658.0,48761.0,48761.0,48633.0,1.0,0.9864582615488757,25000,1.0,targets_v2/test/20250305_053506_mask.png,targets_v2/test/20250305_053506_cavity_depth.npy
test,images/test/20250305_053631.jpg,labels/test/20250305_053631.txt,depths/test/20250305_053631.npy,True,,0.6686876728942628,0.22320154624404062,0.15929946303367615,0.1472661942243576,0.019698068499565125,0.02095663547515869,0.03084435500204563,0.03483932837843895,0.04104655981063843,0.002843293361365795,287433.0,48691.0,48691.0,45264.0,1.0,0.9061158260656074,25000,1.0,targets_v2/test/20250305_053631_mask.png,targets_v2/test/20250305_053631_cavity_depth.npy
test,images/test/20250305_053817.jpg,labels/test/20250305_053817.txt,depths/test/20250305_053817.npy,True,,0.5229821427025669,0.1313902297706358,0.07526395469903946,0.0739358514547348,0.016787949949502945,0.018940627574920654,0.0231969952583313,0.024693867191672325,0.025714457035064697,0.0012082303874194622,286863.0,22063.0,22063.0,21717.0,1.0,0.9562359213604718,25000,1.0,targets_v2/test/20250305_053817_mask.png,targets_v2/test/20250305_053817_cavity_depth.npy
test,images/test/20250305_053902.jpg,labels/test/20250305_053902.txt,depths/test/20250305_053902.npy,True,,0.28925890775038554,0.25366817418930065,0.07148675620555878,0.07098400592803955,0.022031402215361595,0.023701071739196777,0.03194582462310791,0.03475949913263321,0.03703200817108154,0.0015521727036684752,286015.0,32720.0,32720.0,32507.0,1.0,0.9855355884025043,25000,1.0,targets_v2/test/20250305_053902_mask.png,targets_v2/test/20250305_053902_cavity_depth.npy
test,images/test/20250305_055220.jpg,labels/test/20250305_055220.txt,depths/test/20250305_055220.npy,True,,0.8407166897148153,0.3986821881321158,0.23677848279476166,0.23324944078922272,0.035198062658309937,0.034750521183013916,0.0568658709526062,0.06398997455835342,0.0684664249420166,0.008074424229562283,285826.0,72221.0,72221.0,71341.0,1.0,0.9688366738170212,24693,0.98772,targets_v2/test/20250305_055220_mask.png,targets_v2/test/20250305_055220_cavity_depth.npy
test,images/test/20250305_055253.jpg,labels/test/20250305_055253.txt,depths/test/20250305_055253.npy,True,,0.19020332841882137,0.12419872107605587,0.023500632494688034,0.0229872427880764,0.01548540499061346,0.018201351165771484,0.02209419012069702,0.02369174361228943,0.024421006441116333,0.00035424367524683475,271920.0,35265.0,35265.0,34501.0,1.0,0.973419374545043,25000,1.0,targets_v2/test/20250305_055253_mask.png,targets_v2/test/20250305_055253_cavity_depth.npy
test,images/test/20250305_060414.jpg,labels/test/20250305_060414.txt,depths/test/20250305_060414.npy,True,,1.0747255938626492,0.6761706084389847,0.6546312570571899,0.5761260390281677,0.034647922962903976,0.03285706043243408,0.06039554998278618,0.06819219887256622,0.07601475715637207,0.01890859752893448,291885.0,99267.0,99267.0,89047.0,1.0,0.8336531103760615,24997,0.99988,targets_v2/test/20250305_060414_mask.png,targets_v2/test/20250305_060414_cavity_depth.npy
test,images/test/20250305_060649.jpg,labels/test/20250305_060649.txt,depths/test/20250305_060649.npy,True,,0.36331361400140716,0.21126224400949245,0.07263414561748505,0.07220415771007538,0.0371759831905365,0.041056156158447266,0.057278238236904144,0.05983254685997963,0.06143522262573242,0.0026418929919600487,278663.0,65057.0,65068.0,64685.0,0.9998309460871704,0.9783898247034966,24999,0.99996,targets_v2/test/20250305_060649_mask.png,targets_v2/test/20250305_060649_cavity_depth.npy
test,images/test/20250305_061029.jpg,labels/test/20250305_061029.txt,depths/test/20250305_061029.npy,True,,0.45428274929533446,0.2365739457377945,0.10740597546100616,0.09898854792118073,0.022239189594984055,0.020052015781402588,0.04094087705016136,0.0466780923306942,0.04852551221847534,0.0021663103252649307,283935.0,54260.0,54260.0,50235.0,1.0,0.9069289571856328,24948,0.99792,targets_v2/test/20250305_061029_mask.png,targets_v2/test/20250305_061029_cavity_depth.npy
test,images/test/20250305_083140.jpg,labels/test/20250305_083140.txt,depths/test/20250305_083140.npy,True,,0.8493170856485686,0.3950731688528011,0.25857365131378174,0.23141609132289886,0.017298392951488495,0.018103063106536865,0.025814229622483253,0.028516847640275955,0.030592024326324463,0.0038170646876096725,281594.0,102216.0,118966.0,90170.0,0.8592034698989627,0.8533741700623049,24991,0.99964,targets_v2/test/20250305_083140_mask.png,targets_v2/test/20250305_083140_cavity_depth.npy
test,images/test/20250305_095046.jpg,labels/test/20250305_095046.txt,depths/test/20250305_095046.npy,True,,0.5825489558765233,0.2912596960832058,0.137001633644104,0.13470956683158875,0.051439687609672546,0.05762219429016113,0.0675462931394577,0.07112854719161987,0.07514393329620361,0.006790817249566317,278911.0,150605.0,173011.0,148363.0,0.8704937836322546,0.9636026259500423,25000,1.0,targets_v2/test/20250305_095046_mask.png,targets_v2/test/20250305_095046_cavity_depth.npy
test,images/test/20250305_095343.jpg,labels/test/20250305_095343.txt,depths/test/20250305_095343.npy,True,,0.1777832123399294,0.07169813422125607,0.011420002207159996,0.011420002207159996,0.026419347152113914,0.02598145604133606,0.0402408242225647,0.04171411320567131,0.042548418045043945,0.00029827808612026274,269081.0,16167.0,16194.0,16167.0,0.9983327158206743,0.988628391473604,25000,1.0,targets_v2/test/20250305_095343_mask.png,targets_v2/test/20250305_095343_cavity_depth.npy
test,images/test/20250305_095815.jpg,labels/test/20250305_095815.txt,depths/test/20250305_095815.npy,True,,0.4559040599962007,0.24095327451862159,0.0968082994222641,0.09385422617197037,0.012325890362262726,0.013370558619499207,0.01624489761888981,0.017729246988892555,0.019217073917388916,0.0011407389538362622,269322.0,124354.0,142932.0,121328.0,0.8700221084151905,0.9559944708357312,25000,1.0,targets_v2/test/20250305_095815_mask.png,targets_v2/test/20250305_095815_cavity_depth.npy
test,images/test/20250305_095918.jpg,labels/test/20250305_095918.txt,depths/test/20250305_095918.npy,True,,0.29630253352586855,0.17276504436425733,0.04940289631485939,0.045323267579078674,0.010438868775963783,0.011127308011054993,0.013203236274421215,0.014335321262478828,0.015195995569229126,0.0004704042221419513,260030.0,113309.0,118164.0,105350.0,0.9589130361192918,0.9121481089438308,25000,1.0,targets_v2/test/20250305_095918_mask.png,targets_v2/test/20250305_095918_cavity_depth.npy
test,images/test/20250305_100402.jpg,labels/test/20250305_100402.txt,depths/test/20250305_100402.npy,True,,0.491735844128503,0.35437050430616174,0.16114157438278198,0.15581867098808289,0.03365921601653099,0.03767603635787964,0.04845437407493591,0.05044560134410858,0.05320122838020325,0.004861951805651188,276305.0,169525.0,194724.0,165168.0,0.8705911957437193,0.8963942268500945,25000,1.0,targets_v2/test/20250305_100402_mask.png,targets_v2/test/20250305_100402_cavity_depth.npy
test,images/test/20250305_101722.jpg,labels/test/20250305_101722.txt,depths/test/20250305_101722.npy,True,,1.5288651924893122,0.3746480849872126,0.3496488630771637,0.3158053755760193,0.021369360387325287,0.01897406578063965,0.04150933772325516,0.058879949152469635,0.06683492660522461,0.00820612907409668,292795.0,43090.0,43090.0,39044.0,1.0,1.0982841091161142,23415,0.9366,targets_v2/test/20250305_101722_mask.png,targets_v2/test/20250305_101722_cavity_depth.npy
test,images/test/20250305_101733.jpg,labels/test/20250305_101733.txt,depths/test/20250305_101733.npy,True,,0.40656064905165656,0.33682351924274195,0.12696295976638794,0.12661895155906677,0.015402832999825478,0.015402138233184814,0.020823324099183083,0.02505270391702652,0.027511954307556152,0.001958310604095459,283033.0,36347.0,36347.0,36215.0,1.0,1.0013915691279955,25000,1.0,targets_v2/test/20250305_101733_mask.png,targets_v2/test/20250305_101733_cavity_depth.npy
test,images/test/20250305_102838.jpg,labels/test/20250305_102838.txt,depths/test/20250305_102838.npy,True,,0.5124681510811808,0.44848626051652146,0.22505789995193481,0.22226344048976898,0.023585395887494087,0.026726186275482178,0.03295701742172241,0.03547917306423187,0.03755837678909302,0.005200352519750595,282363.0,132983.0,132983.0,131405.0,1.0,0.9797050619127325,25000,1.0,targets_v2/test/20250305_102838_mask.png,targets_v2/test/20250305_102838_cavity_depth.npy
test,images/test/20250305_102854.jpg,labels/test/20250305_102854.txt,depths/test/20250305_102854.npy,True,,0.7797818372835121,0.4047738395350802,0.2300180196762085,0.22471201419830322,0.015284818597137928,0.01518431305885315,0.0212857723236084,0.0268749687820673,0.032921791076660156,0.003282917197793722,273296.0,178245.0,211830.0,174990.0,0.8414530519756408,0.9337654057869009,25000,1.0,targets_v2/test/20250305_102854_mask.png,targets_v2/test/20250305_102854_cavity_depth.npy
test,images/test/20250305_103950.jpg,labels/test/20250305_103950.txt,depths/test/20250305_103950.npy,True,,1.5236440948562038,0.5508333842558831,0.5879332423210144,0.5659186840057373,0.02424846775829792,0.024864554405212402,0.03806931897997856,0.04263177886605263,0.04717755317687988,0.012675588950514793,288134.0,92251.0,98726.0,90799.0,0.934414439965156,0.8891106858111139,24991,0.99964,targets_v2/test/20250305_103950_mask.png,targets_v2/test/20250305_103950_cavity_depth.npy
test,images/test/20250305_110414.jpg,labels/test/20250305_110414.txt,depths/test/20250305_110414.npy,True,,0.9246489908312433,0.5633175912732956,0.41258499026298523,0.40541061758995056,0.06769552081823349,0.06850969791412354,0.09543633460998535,0.11920150369405746,0.14734822511672974,0.027179576456546783,285290.0,113129.0,116643.0,111081.0,0.969873888703137,0.9731265608924654,21350,0.854,targets_v2/test/20250305_110414_mask.png,targets_v2/test/20250305_110414_cavity_depth.npy
test,images/test/20250305_110944.jpg,labels/test/20250305_110944.txt,depths/test/20250305_110944.npy,True,,0.6237633157676541,0.24731401828936592,0.1394888162612915,0.12663741409778595,0.02105678617954254,0.02194175124168396,0.029346685856580734,0.033416710793972015,0.0361902117729187,0.00263250432908535,283305.0,71383.0,71383.0,65734.0,1.0,0.8962674373175791,25000,1.0,targets_v2/test/20250305_110944_mask.png,targets_v2/test/20250305_110944_cavity_depth.npy
test,images/test/20250305_111241.jpg,labels/test/20250305_111241.txt,depths/test/20250305_111241.npy,True,,0.25009658226555154,0.11969354739894633,0.02334068901836872,0.02334068901836872,0.02454296685755253,0.027804404497146606,0.031246507540345192,0.03340258076786995,0.035442471504211426,0.0005689075915142894,269799.0,32567.0,32635.0,32567.0,0.9979163474796997,0.9931183256207547,25000,1.0,targets_v2/test/20250305_111241_mask.png,targets_v2/test/20250305_111241_cavity_depth.npy
test,images/test/20250305_111624.jpg,labels/test/20250305_111624.txt,depths/test/20250305_111624.npy,True,,0.20973777994379672,0.08903751036746024,0.010221266187727451,0.007605718914419413,0.01409089658409357,0.013721078634262085,0.020592140033841133,0.02277730591595173,0.2806442081928253,0.00010763203317765146,232162.0,36090.0,43928.0,27197.0,0.8215716627208158,0.7473055680143635,24919,0.99676,targets_v2/test/20250305_111624_mask.png,targets_v2/test/20250305_111624_cavity_depth.npy
test,images/test/20250305_113508.jpg,labels/test/20250305_113508.txt,depths/test/20250305_113508.npy,True,,0.5301159041967711,0.22253568942400842,0.07990659028291702,0.0796622782945633,0.016823656857013702,0.01827073097229004,0.022072141990065575,0.02411777153611183,0.02576059103012085,0.0013259566621854901,278270.0,65806.0,65806.0,65624.0,1.0,0.9863392801349827,25000,1.0,targets_v2/test/20250305_113508_mask.png,targets_v2/test/20250305_113508_cavity_depth.npy
test,images/test/20250305_114447.jpg,labels/test/20250305_114447.txt,depths/test/20250305_114447.npy,True,,0.14539374568186988,0.12871339007524957,0.017858996987342834,0.015050278976559639,0.010608569718897343,0.012219861149787903,0.013898804783821106,0.01493853610008955,0.015521645545959473,0.00015614760923199356,266562.0,25239.0,25243.0,21814.0,0.9998415402289744,0.824178802090251,25000,1.0,targets_v2/test/20250305_114447_mask.png,targets_v2/test/20250305_114447_cavity_depth.npy
test,images/test/20250305_114555.jpg,labels/test/20250305_114555.txt,depths/test/20250305_114555.npy,True,,0.2382316346844028,0.18704529442581314,0.03454963117837906,0.030905388295650482,0.014168222434818745,0.015104293823242188,0.017284926027059555,0.018088284879922867,0.018857330083847046,0.0004305075271986425,255193.0,99533.0,101828.0,90192.0,0.9774619947362219,0.8794718986600967,25000,1.0,targets_v2/test/20250305_114555_mask.png,targets_v2/test/20250305_114555_cavity_depth.npy
test,images/test/20250305_122203.jpg,labels/test/20250305_122203.txt,depths/test/20250305_122203.npy,True,,0.22577296320077148,0.17815094323151587,0.03700290247797966,0.03696540370583534,0.015870505943894386,0.016583994030952454,0.02060493268072605,0.02276790142059326,0.02410578727722168,0.000581858679652214,263081.0,77150.0,77150.0,77070.0,1.0,0.9908113067521702,25000,1.0,targets_v2/test/20250305_122203_mask.png,targets_v2/test/20250305_122203_cavity_depth.npy
test,images/test/20250305_123822.jpg,labels/test/20250305_123822.txt,depths/test/20250305_123822.npy,True,,0.45408593970287603,0.35921083836457607,0.16149023175239563,0.1597491055727005,0.025988757610321045,0.026320278644561768,0.04110736399888992,0.04624791443347931,0.048245787620544434,0.004078560974448919,280918.0,107350.0,107350.0,106445.0,1.0,0.9717961697730566,25000,1.0,targets_v2/test/20250305_123822_mask.png,targets_v2/test/20250305_123822_cavity_depth.npy
test,images/test/20250305_123917.jpg,labels/test/20250305_123917.txt,depths/test/20250305_123917.npy,True,,0.6223112173263419,0.3887941898303084,0.219156414270401,0.21586714684963226,0.03063829056918621,0.03295940160751343,0.046980321407318115,0.05204542726278305,0.055768728256225586,0.0065203020349144936,283734.0,117345.0,117345.0,115561.0,1.0,0.9710665557118598,25000,1.0,targets_v2/test/20250305_123917_mask.png,targets_v2/test/20250305_123917_cavity_depth.npy
test,images/test/20250305_124338.jpg,labels/test/20250305_124338.txt,depths/test/20250305_124338.npy,True,,0.7724100609699138,0.6103035353243629,0.4529816806316376,0.44259727001190186,0.03320566192269325,0.03405338525772095,0.056240156292915344,0.062115490436553955,0.06747329235076904,0.014814096502959728,286947.0,179464.0,187600.0,175559.0,0.9566311300639659,0.9848778920852359,25000,1.0,targets_v2/test/20250305_124338_mask.png,targets_v2/test/20250305_124338_cavity_depth.npy
test,images/test/20250305_124654.jpg,labels/test/20250305_124654.txt,depths/test/20250305_124654.npy,True,,0.550580923664127,0.42188095851183277,0.21146941184997559,0.20235076546669006,0.029957536607980728,0.03180116415023804,0.04680563136935234,0.05161281302571297,0.0585748553276062,0.005899288225919008,282541.0,126607.0,126607.0,121569.0,1.0,0.9312064152182822,25000,1.0,targets_v2/test/20250305_124654_mask.png,targets_v2/test/20250305_124654_cavity_depth.npy
test,images/test/20250305_124804.jpg,labels/test/20250305_124804.txt,depths/test/20250305_124804.npy,True,,1.0219551859651506,0.726575423262598,0.7342448234558105,0.7268432378768921,0.04810772091150284,0.0537264347076416,0.06932756304740906,0.07473277300596237,0.0810471773147583,0.03391276299953461,290745.0,173468.0,173468.0,171747.0,1.0,0.9600801677753902,25000,1.0,targets_v2/test/20250305_124804_mask.png,targets_v2/test/20250305_124804_cavity_depth.npy
test,images/test/20250305_124827.jpg,labels/test/20250305_124827.txt,depths/test/20250305_124827.npy,True,,0.6570558810414427,0.5575044701216223,0.35703152418136597,0.3551427721977234,0.045475415885448456,0.04803633689880371,0.06583985686302185,0.07317716628313065,0.07869219779968262,0.015714513137936592,287186.0,118137.0,118137.0,117456.0,1.0,0.9678714669402992,24382,0.97528,targets_v2/test/20250305_124827_mask.png,targets_v2/test/20250305_124827_cavity_depth.npy
test,images/test/20250305_124833.jpg,labels/test/20250305_124833.txt,depths/test/20250305_124833.npy,True,,1.0848822748170752,0.7853287456512666,0.8259595036506653,0.8109922409057617,0.044098082929849625,0.04147070646286011,0.07547172158956528,0.08995354175567627,0.09611904621124268,0.03482493385672569,290928.0,185366.0,185371.0,182852.0,0.9999730270646433,0.9561187516390379,25000,1.0,targets_v2/test/20250305_124833_mask.png,targets_v2/test/20250305_124833_cavity_depth.npy
test,images/test/20250305_125129.jpg,labels/test/20250305_125129.txt,depths/test/20250305_125129.npy,True,,0.5026650210479748,0.4046589224479653,0.2053750455379486,0.19439655542373657,0.027365410700440407,0.028583228588104248,0.044165611267089844,0.04763001203536987,0.05245816707611084,0.005151194520294666,285869.0,89008.0,89008.0,85301.0,1.0,0.9165545272713338,25000,1.0,targets_v2/test/20250305_125129_mask.png,targets_v2/test/20250305_125129_cavity_depth.npy
test,images/test/20250305_125220.jpg,labels/test/20250305_125220.txt,depths/test/20250305_125220.npy,True,,0.348424065159312,0.18749197066730477,0.06481103599071503,0.04911546781659126,0.008494623936712742,0.008754462003707886,0.011745994910597801,0.015194508247077465,0.018601298332214355,0.0004152421315666288,274418.0,83018.0,83018.0,63530.0,1.0,0.7542377947282193,25000,1.0,targets_v2/test/20250305_125220_mask.png,targets_v2/test/20250305_125220_cavity_depth.npy
test,images/test/20250305_125700.jpg,labels/test/20250305_125700.txt,depths/test/20250305_125700.npy,True,,0.7561090648516742,0.6151625539284538,0.46507176756858826,0.46418270468711853,0.023266784846782684,0.023575246334075928,0.03299888223409653,0.03849872201681137,0.0436631441116333,0.010876120999455452,292200.0,82364.0,82364.0,82162.0,1.0,1.0051194579274378,24479,0.97916,targets_v2/test/20250305_125700_mask.png,targets_v2/test/20250305_125700_cavity_depth.npy
test,images/test/20250305_132656.jpg,labels/test/20250305_132656.txt,depths/test/20250305_132656.npy,True,,0.9714985098877711,0.47765870221830065,0.4620877504348755,0.44347262382507324,0.02878614515066147,0.031083017587661743,0.0428180992603302,0.047934167087078094,0.05110663175582886,0.012769926339387894,288023.0,135589.0,148532.0,130830.0,0.9128605283709907,0.9600203195660886,24007,0.96028,targets_v2/test/20250305_132656_mask.png,targets_v2/test/20250305_132656_cavity_depth.npy
test,images/test/20250305_132706.jpg,labels/test/20250305_132706.txt,depths/test/20250305_132706.npy,True,,1.1347251474687754,0.5268005003070517,0.5696577429771423,0.5364158153533936,0.02865389734506607,0.031098008155822754,0.04354870319366455,0.0498468279838562,0.054595351219177246,0.015487485565245152,289849.0,122065.0,131595.0,116462.0,0.9275808351381132,0.9488186423813987,24111,0.96444,targets_v2/test/20250305_132706_mask.png,targets_v2/test/20250305_132706_cavity_depth.npy
test,images/test/20250305_132930.jpg,labels/test/20250305_132930.txt,depths/test/20250305_132930.npy,True,,0.5661406072648059,0.31768193647749793,0.15845085680484772,0.15844708681106567,0.031475696712732315,0.03209143877029419,0.04835173860192299,0.053422052413225174,0.05639505386352539,0.004920013248920441,283121.0,78671.0,78671.0,78669.0,1.0,0.9864982708815978,25000,1.0,targets_v2/test/20250305_132930_mask.png,targets_v2/test/20250305_132930_cavity_depth.npy
test,images/test/20250305_133709.jpg,labels/test/20250305_133709.txt,depths/test/20250305_133709.npy,True,,0.27831848780268015,0.1979798544265877,0.049493998289108276,0.04261006787419319,0.009577094577252865,0.010155349969863892,0.012567388825118542,0.014271201565861702,0.015197515487670898,0.0004062517255079001,265061.0,84266.0,84270.0,73915.0,0.9999525335231992,0.8570554153571492,25000,1.0,targets_v2/test/20250305_133709_mask.png,targets_v2/test/20250305_133709_cavity_depth.npy
test,images/test/20250305_134208.jpg,labels/test/20250305_134208.txt,depths/test/20250305_134208.npy,True,,0.5800754307798692,0.3855533317890518,0.21156831085681915,0.20620182156562805,0.042439818382263184,0.04478871822357178,0.06314662098884583,0.06746749579906464,0.07101833820343018,0.008594602346420288,286903.0,70089.0,70089.0,68564.0,1.0,0.9571977128286538,24382,0.97528,targets_v2/test/20250305_134208_mask.png,targets_v2/test/20250305_134208_cavity_depth.npy
test,images/test/20250305_135009.jpg,labels/test/20250305_135009.txt,depths/test/20250305_135009.npy,True,,1.828464439123231,0.46380327797407195,0.5255672931671143,0.4897799491882324,0.017315462231636047,0.017602205276489258,0.025623738765716553,0.0322556346654892,0.0395280122756958,0.009214860387146473,290648.0,45197.0,45197.0,36938.0,1.0,1.0125729925581064,24338,0.97352,targets_v2/test/20250305_135009_mask.png,targets_v2/test/20250305_135009_cavity_depth.npy
test,images/test/20250305_135133.jpg,labels/test/20250305_135133.txt,depths/test/20250305_135133.npy,True,,0.32414844958351996,0.16214253797041267,0.053043924272060394,0.052165716886520386,0.01652701571583748,0.018033742904663086,0.023341869935393333,0.024892540648579597,0.026674211025238037,0.0008463423000648618,278404.0,44661.0,44661.0,43978.0,1.0,0.9654192650267467,25000,1.0,targets_v2/test/20250305_135133_mask.png,targets_v2/test/20250305_135133_cavity_depth.npy
test,images/test/20250305_135259.jpg,labels/test/20250305_135259.txt,depths/test/20250305_135259.npy,True,,0.2645006330124756,0.2154320830216388,0.05253265053033829,0.05216574668884277,0.02053704485297203,0.021916508674621582,0.028524886816740036,0.03079802542924881,0.03258579969406128,0.0010587626602500677,274371.0,53561.0,53561.0,53227.0,1.0,0.9813667766771378,24983,0.99932,targets_v2/test/20250305_135259_mask.png,targets_v2/test/20250305_135259_cavity_depth.npy
test,images/test/20250305_135344.jpg,labels/test/20250305_135344.txt,depths/test/20250305_135344.npy,True,,0.48752967216174803,0.3985718602022087,0.2073361575603485,0.19630980491638184,0.030522461980581284,0.03039795160293579,0.04881493002176285,0.05366092175245285,0.0569530725479126,0.005707782693207264,183458.0,12689.0,15820.0,12058.0,0.802085967130215,0.9019299801263893,24357,0.97428,targets_v2/test/20250305_135344_mask.png,targets_v2/test/20250305_135344_cavity_depth.npy
test,images/test/20250305_135431.jpg,labels/test/20250305_135431.txt,depths/test/20250305_135431.npy,True,,0.43985043942593177,0.23548518763291715,0.10114521533250809,0.0998314693570137,0.013863747008144855,0.014731615781784058,0.018242407590150833,0.020985204726457596,0.0226781964302063,0.0013687042519450188,273471.0,111747.0,119933.0,110382.0,0.9317452244169662,0.9760760318047639,25000,1.0,targets_v2/test/20250305_135431_mask.png,targets_v2/test/20250305_135431_cavity_depth.npy
test,images/test/20250305_141449.jpg,labels/test/20250305_141449.txt,depths/test/20250305_141449.npy,True,,0.7139936858814936,0.556635949255409,0.34094464778900146,0.3393796384334564,0.04149715602397919,0.044808030128479004,0.06044816970825195,0.06507831066846848,0.068520188331604,0.013940617442131042,287778.0,108404.0,108404.0,107755.0,1.0,0.9853256728867197,25000,1.0,targets_v2/test/20250305_141449_mask.png,targets_v2/test/20250305_141449_cavity_depth.npy
test,images/test/20250305_142205.jpg,labels/test/20250305_142205.txt,depths/test/20250305_142205.npy,True,,0.6794061555423789,0.2869141577106473,0.1779354363679886,0.15227481722831726,0.012254670262336731,0.012906372547149658,0.01811453141272068,0.021288743242621422,0.0227200984954834,0.0018658131593838334,284037.0,80464.0,81905.0,68867.0,0.9824064464928881,0.855665602667209,25000,1.0,targets_v2/test/20250305_142205_mask.png,targets_v2/test/20250305_142205_cavity_depth.npy
test,images/test/20250305_142518.jpg,labels/test/20250305_142518.txt,depths/test/20250305_142518.npy,True,,0.9371696138212953,0.34571862482434457,0.3223878741264343,0.3121112287044525,0.02401265874505043,0.02260756492614746,0.0402560830116272,0.046895623207092285,0.04974830150604248,0.007910680025815964,287447.0,51583.0,51583.0,50676.0,1.0,1.021868168477184,25000,1.0,targets_v2/test/20250305_142518_mask.png,targets_v2/test/20250305_142518_cavity_depth.npy
test,images/test/20250305_143046.jpg,labels/test/20250305_143046.txt,depths/test/20250305_143046.npy,True,,1.3288654235472153,0.259113194494769,0.2498093843460083,0.15417316555976868,0.01343733724206686,0.012657493352890015,0.023175030946731567,0.026991119608283043,0.029123008251190186,0.0019485482480376959,286316.0,52644.0,52644.0,38644.0,1.0,0.580482588701837,25000,1.0,targets_v2/test/20250305_143046_mask.png,targets_v2/test/20250305_143046_cavity_depth.npy
test,images/test/20250305_143927.jpg,labels/test/20250305_143927.txt,depths/test/20250305_143927.npy,True,,0.3915567594950966,0.33929959221757827,0.1236385926604271,0.12301718443632126,0.02655787207186222,0.02853184938430786,0.035543084144592285,0.03998906910419464,0.042478740215301514,0.0032311074901372194,277325.0,79099.0,79099.0,78841.0,1.0,0.9840203466920322,25000,1.0,targets_v2/test/20250305_143927_mask.png,targets_v2/test/20250305_143927_cavity_depth.npy
test,images/test/20250305_150029.jpg,labels/test/20250305_150029.txt,depths/test/20250305_150029.npy,True,,1.244604446769954,0.5936047080522671,0.6502418518066406,0.5916415452957153,0.017593717202544212,0.016946017742156982,0.02984321117401123,0.03526690602302551,0.03893887996673584,0.009288226254284382,288136.0,142211.0,144115.0,133074.0,0.9867883287652223,0.8118957354840033,25000,1.0,targets_v2/test/20250305_150029_mask.png,targets_v2/test/20250305_150029_cavity_depth.npy
test,images/test/20250305_150113.jpg,labels/test/20250305_150113.txt,depths/test/20250305_150113.npy,True,,1.6833163497388561,0.36404894888771655,0.6527121067047119,0.568371057510376,0.023031877353787422,0.021283268928527832,0.04240217059850693,0.05025709047913551,0.05465734004974365,0.01305101253092289,290769.0,57738.0,60520.0,50867.0,0.9540317250495703,0.8681468608869034,22576,0.90304,targets_v2/test/20250305_150113_mask.png,targets_v2/test/20250305_150113_cavity_depth.npy
test,images/test/20250305_150348.jpg,labels/test/20250305_150348.txt,depths/test/20250305_150348.npy,True,,0.5933018349937174,0.5709024845761062,0.3331366777420044,0.33150026202201843,0.02882203832268715,0.029014110565185547,0.048605918884277344,0.057545263320207596,0.061160385608673096,0.009469904005527496,288488.0,93556.0,93556.0,93172.0,1.0,0.9862759315845877,25000,1.0,targets_v2/test/20250305_150348_mask.png,targets_v2/test/20250305_150348_cavity_depth.npy
