split,image,status,plane_inliers,valid_pothole_pixels,length_m,width_m,area_m2,mean_depth_m,median_depth_m,p90_depth_m,p99_depth_m,max_depth_m,volume_m3,mask_path,depth_target_path
train,20250227_135438.jpg,FAILED_GEOMETRY,12000,,,,,,,,,,,,
train,20250227_135652.jpg,FAILED_GEOMETRY,12000,,,,,,,,,,,,
train,20250227_140407.jpg,FAILED_GEOMETRY,11710,,,,,,,,,,,,
train,20250227_141050.jpg,FAILED_GEOMETRY,11843,,,,,,,,,,,,
train,20250227_141418.jpg,FAILED_GEOMETRY,12000,,,,,,,,,,,,
train,20250227_142113.jpg,FAILED_GEOMETRY,11991,,,,,,,,,,,,
train,20250227_142636.jpg,FAILED_GEOMETRY,12000,,,,,,,,,,,,
train,20250227_142923.jpg,FAILED_GEOMETRY,12000,,,,,,,,,,,,
train,20250227_143049.jpg,FAILED_GEOMETRY,12000,,,,,,,,,,,,
train,20250227_143331.jpg,FAILED_GEOMETRY,12000,,,,,,,,,,,,
train,20250227_151014.jpg,FAILED_GEOMETRY,11143,,,,,,,,,,,,
train,20250227_152725.jpg,FAILED_GEOMETRY,12000,,,,,,,,,,,,
train,20250227_152914.jpg,FAILED_GEOMETRY,11715,,,,,,,,,,,,
train,20250227_154005.jpg,OK,11876,44060.0,0.5374976027643008,0.26897869094193805,0.11242325603961945,0.01050807535648346,0.009791433811187744,0.017754090949892998,0.019725792109966278,0.021314561367034912,0.00011067999730585143,targets\train\20250227_154005_mask.png,targets\train\20250227_154005_cavity_depth.npy
train,20250227_154322.jpg,OK,12000,120374.0,0.6278720937186018,0.5338424430945257,0.3012520968914032,0.004047956317663193,0.003962397575378418,0.0050265430472791195,0.005724259652197361,0.005959570407867432,2.866754584829323e-06,targets\train\20250227_154322_mask.png,targets\train\20250227_154322_cavity_depth.npy
train,20250227_154522.jpg,OK,11887,130070.0,1.0220598163292065,0.758250201566641,0.6799274682998657,0.007558534387499094,0.0067986249923706055,0.012976430356502533,0.016430968418717384,0.0183640718460083,0.00019629976304713637,targets\train\20250227_154522_mask.png,targets\train\20250227_154522_cavity_depth.npy
train,20250227_155233.jpg,FAILED_GEOMETRY,9543,,,,,,,,,,,,
train,20250227_155737.jpg,OK,11421,91442.0,1.1109543808013544,0.9861065301484044,0.9769385457038879,0.003959120251238346,0.0037250518798828125,0.00508377468213439,0.006857286207377911,0.007076740264892578,2.6737834559753537e-06,targets\train\20250227_155737_mask.png,targets\train\20250227_155737_cavity_depth.npy
train,20250227_155838.jpg,OK,11303,94363.0,1.3438979461501606,1.0053514290073657,1.0312082767486572,0.01371550653129816,0.01331174373626709,0.023134659975767136,0.02847614511847496,0.03161978721618652,0.000674304086714983,targets\train\20250227_155838_mask.png,targets\train\20250227_155838_cavity_depth.npy
train,20250227_161423.jpg,OK,11984,28508.0,0.48284828915098676,0.21932616251401738,0.08317132294178009,0.0037345977034419775,0.003648519515991211,0.004668319132179022,0.004909639246761799,0.005012154579162598,2.9328509754122933e-06,targets\train\20250227_161423_mask.png,targets\train\20250227_161423_cavity_depth.npy
train,20250227_161957.jpg,FAILED_GEOMETRY,11837,,,,,,,,,,,,
train,20250227_162352.jpg,OK,11523,61075.0,1.0065912250244062,0.5889692885136897,0.41369742155075073,0.004548636730760336,0.004388689994812012,0.006003117188811302,0.00825370941311121,0.00943446159362793,2.2087007891968824e-05,targets\train\20250227_162352_mask.png,targets\train\20250227_162352_cavity_depth.npy
train,20250227_162629.jpg,OK,10877,43989.0,0.6054584343465844,0.45448289972283373,0.1751534640789032,0.01530138123780489,0.012828528881072998,0.02981421910226345,0.03378450870513916,0.03563642501831055,0.0007632960914634168,targets\train\20250227_162629_mask.png,targets\train\20250227_162629_cavity_depth.npy
train,20250227_162651.jpg,FAILED_GEOMETRY,12000,,,,,,,,,,,,
train,20250227_162942.jpg,OK,11323,54974.0,1.4583988257196672,0.981828495310667,0.8256686925888062,0.003484768094494939,0.003330707550048828,0.0037498236633837223,0.003756074933335185,0.0037567615509033203,9.62077592703281e-07,targets\train\20250227_162942_mask.png,targets\train\20250227_162942_cavity_depth.npy
train,20250227_163015.jpg,OK,12000,60473.0,1.0932159188826722,0.5158178659811414,0.39227014780044556,0.003947426564991474,0.0038720369338989258,0.004774260334670544,0.005243244580924511,0.005319952964782715,4.807328423339641e-06,targets\train\20250227_163015_mask.png,targets\train\20250227_163015_cavity_depth.npy
train,20250227_163135.jpg,FAILED_GEOMETRY,11992,,,,,,,,,,,,
train,20250227_163300.jpg,OK,12000,54391.0,0.7436272136426765,0.3159937727611332,0.20766694843769073,0.006226828787475824,0.005675077438354492,0.01049947738647461,0.013872981071472168,0.015214920043945312,3.4482716728234664e-05,targets\train\20250227_163300_mask.png,targets\train\20250227_163300_cavity_depth.npy
train,20250227_163440.jpg,FAILED_GEOMETRY,11172,,,,,,,,,,,,
train,20250227_163601.jpg,OK,11325,81599.0,1.1193875527141557,0.6110020222929926,0.5765816569328308,0.012722819112241268,0.011079728603363037,0.023650765419006348,0.029701748862862587,0.03353726863861084,0.0006323474808596075,targets\train\20250227_163601_mask.png,targets\train\20250227_163601_cavity_depth.npy
train,20250227_165206.jpg,OK,11503,71489.0,1.2525392624412084,0.6053738452194497,0.45961081981658936,0.00978300254791975,0.009870469570159912,0.015177738852798939,0.020257392898201942,0.02154386043548584,0.00019853845878969878,targets\train\20250227_165206_mask.png,targets\train\20250227_165206_cavity_depth.npy
train,20250227_165450.jpg,OK,11625,55288.0,0.7053907156876312,0.4967845122403265,0.28670796751976013,0.006877047009766102,0.005666017532348633,0.011797929182648659,0.01583687774837017,0.016910433769226074,4.0139639168046415e-05,targets\train\20250227_165450_mask.png,targets\train\20250227_165450_cavity_depth.npy
train,20250227_165536.jpg,OK,11912,68062.0,0.8532672390248404,0.4578527287357471,0.34790652990341187,0.009660289622843266,0.008969783782958984,0.01723010651767254,0.0216081365942955,0.022862911224365234,0.00016606130520813167,targets\train\20250227_165536_mask.png,targets\train\20250227_165536_cavity_depth.npy
train,20250227_165705.jpg,FAILED_GEOMETRY,8867,,,,,,,,,,,,
train,20250227_165810.jpg,OK,11984,45342.0,0.8217631978253359,0.35283697799034586,0.22835242748260498,0.0048332251608371735,0.004815220832824707,0.006388545036315918,0.007233405020087957,0.007471561431884766,5.165611582924612e-06,targets\train\20250227_165810_mask.png,targets\train\20250227_165810_cavity_depth.npy
train,20250227_165925.jpg,FAILED_GEOMETRY,12000,,,,,,,,,,,,
train,20250227_170024.jpg,FAILED_GEOMETRY,12000,,,,,,,,,,,,
train,20250227_170125.jpg,FAILED_GEOMETRY,11972,,,,,,,,,,,,
train,20250227_170327.jpg,FAILED_GEOMETRY,12000,,,,,,,,,,,,
train,20250227_170438.jpg,FAILED_GEOMETRY,12000,,,,,,,,,,,,
train,20250227_170442.jpg,OK,12000,115241.0,1.0406324683467032,0.6769018169310868,0.5087167620658875,0.003491208190098405,0.0035113096237182617,0.003961348440498114,0.004289283882826567,0.004296660423278809,6.92742673891189e-07,targets\train\20250227_170442_mask.png,targets\train\20250227_170442_cavity_depth.npy
train,20250227_170443.jpg,FAILED_GEOMETRY,12000,,,,,,,,,,,,
train,20250227_170538.jpg,OK,11495,59600.0,0.7396844928412256,0.5139836659143523,0.3166201114654541,0.004195056390017271,0.004013240337371826,0.005230808164924383,0.0065720779821276665,0.007626533508300781,6.9344737312349025e-06,targets\train\20250227_170538_mask.png,targets\train\20250227_170538_cavity_depth.npy
train,20250227_170604.jpg,FAILED_GEOMETRY,12000,,,,,,,,,,,,
train,20250227_170611.jpg,OK,12000,77647.0,0.5202246783024255,0.3084132898832074,0.1480000764131546,0.005109558813273907,0.005151331424713135,0.006788956932723522,0.007567620370537043,0.008137047290802002,9.338811651105061e-06,targets\train\20250227_170611_mask.png,targets\train\20250227_170611_cavity_depth.npy
train,20250227_170622.jpg,OK,12000,66570.0,0.6034913309456066,0.29634176070792395,0.11933323740959167,0.006470128428190947,0.00602954626083374,0.009778546169400215,0.012469050474464893,0.013864755630493164,0.00010097795893670991,targets\train\20250227_170622_mask.png,targets\train\20250227_170622_cavity_depth.npy
train,20250227_170624.jpg,FAILED_GEOMETRY,12000,,,,,,,,,,,,
train,20250227_170710.jpg,OK,12000,110542.0,0.6119751758384983,0.59452484849621,0.25453248620033264,0.004448703024536371,0.004366636276245117,0.005759213585406542,0.006768076214939356,0.007219433784484863,1.0712756193242967e-05,targets\train\20250227_170710_mask.png,targets\train\20250227_170710_cavity_depth.npy
train,20250227_170729.jpg,FAILED_GEOMETRY,12000,,,,,,,,,,,,
train,20250227_170736.jpg,FAILED_GEOMETRY,12000,,,,,,,,,,,,
train,20250227_170828.jpg,FAILED_GEOMETRY,11995,,,,,,,,,,,,
train,20250227_170837.jpg,FAILED_GEOMETRY,12000,,,,,,,,,,,,
train,20250227_170852.jpg,FAILED_GEOMETRY,11885,,,,,,,,,,,,
train,20250227_170934.jpg,OK,12000,71482.0,0.5128965742258575,0.2663957619154983,0.1164902076125145,0.004036456812173128,0.003975123167037964,0.005083560943603516,0.005698168184608221,0.0057163238525390625,1.2167070053692441e-06,targets\train\20250227_170934_mask.png,targets\train\20250227_170934_cavity_depth.npy
train,20250227_170945.jpg,OK,12000,44275.0,0.33846763124605184,0.21317284183557816,0.05413172394037247,0.003991248086094856,0.003993809223175049,0.004873871803283691,0.005226689390838146,0.00527346134185791,8.037923180381767e-07,targets\train\20250227_170945_mask.png,targets\train\20250227_170945_cavity_depth.npy
train,20250227_171023.jpg,FAILED_GEOMETRY,11997,,,,,,,,,,,,
train,20250227_171035.jpg,OK,12000,76238.0,0.5599085817884566,0.38462097447629046,0.1669691801071167,0.0051881843246519566,0.004752099514007568,0.007301044184714556,0.012177933938801289,0.014387667179107666,3.353864303790033e-05,targets\train\20250227_171035_mask.png,targets\train\20250227_171035_cavity_depth.npy
train,20250227_171044.jpg,OK,11962,42097.0,1.6024482829912678,0.3517495217119553,0.33628344535827637,0.004535461310297251,0.004122018814086914,0.006888031959533691,0.00856891181319952,0.008903264999389648,4.966599590261467e-06,targets\train\20250227_171044_mask.png,targets\train\20250227_171044_cavity_depth.npy
train,20250227_171154.jpg,FAILED_GEOMETRY,12000,,,,,,,,,,,,
train,20250227_171430.jpg,OK,11969,88262.0,0.5275684022262408,0.4176226816435438,0.2030608057975769,0.003734591184183955,0.003692626953125,0.004439437296241522,0.004518638364970684,0.004528522491455078,1.7054409795491665e-07,targets\train\20250227_171430_mask.png,targets\train\20250227_171430_cavity_depth.npy
train,20250227_171441.jpg,FAILED_GEOMETRY,10141,,,,,,,,,,,,
train,20250227_171506.jpg,FAILED_GEOMETRY,12000,,,,,,,,,,,,
train,20250227_171513.jpg,OK,12000,80708.0,0.6061603596225362,0.3968237770886362,0.219075009226799,0.003688509576022625,0.0035094022750854492,0.004421186167746782,0.005400891415774822,0.005455613136291504,1.5489458746742457e-06,targets\train\20250227_171513_mask.png,targets\train\20250227_171513_cavity_depth.npy
train,20250227_171518.jpg,FAILED_GEOMETRY,12000,,,,,,,,,,,,
train,20250227_171539.jpg,FAILED_GEOMETRY,12000,,,,,,,,,,,,
train,20250227_171606.jpg,FAILED_GEOMETRY,11978,,,,,,,,,,,,
train,20250227_171856.jpg,OK,11683,39653.0,1.352708351951946,0.2419674201248792,0.23470883071422577,0.0038276459090411663,0.003615260124206543,0.00476603489369154,0.005805106367915869,0.0059462785720825195,1.609273112990195e-06,targets\train\20250227_171856_mask.png,targets\train\20250227_171856_cavity_depth.npy
train,20250227_172052.jpg,OK,12000,52377.0,0.9656464048588286,0.2771189662633797,0.2187069058418274,0.0043155737221241,0.004021763801574707,0.0059354305267333984,0.007773874793201685,0.008888602256774902,1.5455907487194054e-05,targets\train\20250227_172052_mask.png,targets\train\20250227_172052_cavity_depth.npy
train,20250227_172520.jpg,FAILED_GEOMETRY,11994,,,,,,,,,,,,
train,20250227_172528.jpg,FAILED_GEOMETRY,10974,,,,,,,,,,,,
train,20250227_172615.jpg,FAILED_GEOMETRY,12000,,,,,,,,,,,,
train,20250227_172620.jpg,FAILED_GEOMETRY,12000,,,,,,,,,,,,
train,20250227_172633.jpg,OK,12000,80709.0,0.5099008442024283,0.2519657999525238,0.12940722703933716,0.005058692302554846,0.005203604698181152,0.006625771522521973,0.007742347661405802,0.007831394672393799,2.4532123461540323e-06,targets\train\20250227_172633_mask.png,targets\train\20250227_172633_cavity_depth.npy
train,20250227_172639.jpg,OK,12000,106781.0,0.5739001024742223,0.3564156349509513,0.15634961426258087,0.00722451601177454,0.006380975246429443,0.012232815846800804,0.014905696734786034,0.017437756061553955,0.0001410308323102072,targets\train\20250227_172639_mask.png,targets\train\20250227_172639_cavity_depth.npy
train,20250227_172731.jpg,OK,12000,89560.0,0.4913057215758762,0.2742460532909229,0.12105996906757355,0.003895399160683155,0.003692924976348877,0.004915463738143444,0.006285130046308041,0.006995201110839844,2.976755013150978e-06,targets\train\20250227_172731_mask.png,targets\train\20250227_172731_cavity_depth.npy
train,20250227_172840.jpg,OK,12000,119066.0,0.948079192517979,0.6186387878126444,0.5019739270210266,0.006336842197924852,0.006233096122741699,0.009160863235592842,0.010470984503626823,0.01087963581085205,3.762405685847625e-05,targets\train\20250227_172840_mask.png,targets\train\20250227_172840_cavity_depth.npy
train,20250227_173016.jpg,OK,11785,66123.0,0.5498367425986093,0.26598231110279247,0.14467717707157135,0.00903111882507801,0.009579092264175415,0.012385588139295578,0.014139724895358086,0.015371739864349365,8.999815327115357e-05,targets\train\20250227_173016_mask.png,targets\train\20250227_173016_cavity_depth.npy
train,20250227_173136.jpg,OK,11823,109076.0,0.6790342023901472,0.6007296455021638,0.40762263536453247,0.009726124815642834,0.008979976177215576,0.01653970405459404,0.018980594351887703,0.020032048225402832,0.00011758119944715872,targets\train\20250227_173136_mask.png,targets\train\20250227_173136_cavity_depth.npy
train,20250227_173306.jpg,FAILED_GEOMETRY,11846,,,,,,,,,,,,
train,20250227_173312.jpg,OK,12000,67712.0,0.40717090053345617,0.30061338908118207,0.125924214720726,0.004095618613064289,0.003962278366088867,0.00520285964012146,0.005889575462788343,0.006170928478240967,5.309527750796406e-06,targets\train\20250227_173312_mask.png,targets\train\20250227_173312_cavity_depth.npy
train,20250227_173336.jpg,OK,11982,97121.0,0.9360203848344488,0.7790467852341901,0.6105950474739075,0.005745719186961651,0.005303740501403809,0.008920073509216309,0.014033169485628605,0.01575791835784912,3.805020605796017e-05,targets\train\20250227_173336_mask.png,targets\train\20250227_173336_cavity_depth.npy
train,20250227_174003.jpg,FAILED_GEOMETRY,11992,,,,,,,,,,,,
train,20250227_174013.jpg,FAILED_GEOMETRY,12000,,,,,,,,,,,,
train,20250227_174024.jpg,FAILED_GEOMETRY,12000,,,,,,,,,,,,
train,20250227_174035.jpg,OK,12000,62461.0,0.7869654936031345,0.42652282222269633,0.2581078112125397,0.00698150135576725,0.00722813606262207,0.009511804208159447,0.010363049805164337,0.010877013206481934,1.5461910152225755e-05,targets\train\20250227_174035_mask.png,targets\train\20250227_174035_cavity_depth.npy
train,20250227_174047.jpg,FAILED_GEOMETRY,10443,,,,,,,,,,,,
train,20250227_174138.jpg,FAILED_GEOMETRY,11756,,,,,,,,,,,,
train,20250227_174207.jpg,OK,12000,49027.0,0.6513018073769761,0.3936710701003347,0.21309636533260345,0.0035208265762776136,0.0034926533699035645,0.0038781522307544947,0.004117724020034075,0.004146218299865723,2.0941746470271028e-07,targets\train\20250227_174207_mask.png,targets\train\20250227_174207_cavity_depth.npy
train,20250227_174526.jpg,FAILED_GEOMETRY,11951,,,,,,,,,,,,
train,20250227_174609.jpg,FAILED_GEOMETRY,12000,,,,,,,,,,,,
train,20250227_174614.jpg,OK,11978,48605.0,0.6141189868620407,0.41607555366120813,0.22869375348091125,0.004855001345276833,0.004592299461364746,0.006499087903648615,0.007511855568736792,0.00801706314086914,1.75227808085765e-06,targets\train\20250227_174614_mask.png,targets\train\20250227_174614_cavity_depth.npy
train,20250227_174723.jpg,FAILED_GEOMETRY,12000,,,,,,,,,,,,
train,20250227_174724.jpg,FAILED_GEOMETRY,11649,,,,,,,,,,,,
train,20250227_174810.jpg,FAILED_GEOMETRY,12000,,,,,,,,,,,,
train,20250227_174815.jpg,OK,11751,72977.0,0.9153452422826176,0.5983210628068717,0.4007498323917389,0.010141192935407162,0.008558988571166992,0.01939668506383896,0.023940520361065865,0.02770531177520752,9.605292689229827e-06,targets\train\20250227_174815_mask.png,targets\train\20250227_174815_cavity_depth.npy
train,20250227_174819.jpg,FAILED_GEOMETRY,11299,,,,,,,,,,,,
train,20250227_174930.jpg,OK,12000,57645.0,0.475605172909077,0.37105940472910914,0.15025533735752106,0.005576988682150841,0.005379766225814819,0.007715141866356134,0.01029816921800375,0.010888099670410156,6.351129741233308e-06,targets\train\20250227_174930_mask.png,targets\train\20250227_174930_cavity_depth.npy
train,20250227_175001.jpg,OK,12000,91780.0,0.795261040403821,0.3238217099584437,0.25723934173583984,0.003708920208737254,0.0035622119903564453,0.004561930894851685,0.005012188572436571,0.00513690710067749,1.8813645965565229e-06,targets\train\20250227_175001_mask.png,targets\train\20250227_175001_cavity_depth.npy
train,20250227_175013.jpg,FAILED_GEOMETRY,12000,,,,,,,,,,,,
train,20250227_175021.jpg,FAILED_GEOMETRY,11768,,,,,,,,,,,,
train,20250227_175036.jpg,FAILED_GEOMETRY,12000,,,,,,,,,,,,
train,20250227_175049.jpg,FAILED_GEOMETRY,12000,,,,,,,,,,,,
train,20250227_175101.jpg,OK,12000,54620.0,0.7581343359519364,0.6838571934754385,0.31300845742225647,0.00483216717839241,0.004773855209350586,0.006254315376281738,0.0071713887155056,0.007507205009460449,6.971368748054374e-06,targets\train\20250227_175101_mask.png,targets\train\20250227_175101_cavity_depth.npy
train,20250227_175202.jpg,FAILED_GEOMETRY,12000,,,,,,,,,,,,
train,20250227_175216.jpg,OK,12000,107869.0,0.9401749754436594,0.5125854774194338,0.4681061804294586,0.006486670114099979,0.006188750267028809,0.009863138198852539,0.013114888221025467,0.014676213264465332,9.44460480241105e-05,targets\train\20250227_175216_mask.png,targets\train\20250227_175216_cavity_depth.npy
train,20250227_175237.jpg,OK,11912,28926.0,0.3664936881106683,0.3015740221505458,0.07798147201538086,0.006186854559928179,0.006283193826675415,0.008828133344650269,0.009092286229133606,0.009167790412902832,1.0162715625483543e-05,targets\train\20250227_175237_mask.png,targets\train\20250227_175237_cavity_depth.npy
train,20250227_175242.jpg,FAILED_GEOMETRY,12000,,,,,,,,,,,,
train,20250227_175304.jpg,FAILED_GEOMETRY,12000,,,,,,,,,,,,
train,20250227_175621.jpg,OK,11926,100199.0,1.1673978975273474,1.0663499608810652,0.9340308308601379,0.00543631287291646,0.004905223846435547,0.008273541927337646,0.00919525045901537,0.009389638900756836,7.150309102144092e-06,targets\train\20250227_175621_mask.png,targets\train\20250227_175621_cavity_depth.npy
train,20250227_175724.jpg,FAILED_GEOMETRY,12000,,,,,,,,,,,,
train,20250227_175817.jpg,OK,9767,64723.0,1.255089387919036,0.6405145376083503,0.5941559672355652,0.011880792677402496,0.012128949165344238,0.01990187168121338,0.023806046694517136,0.024558663368225098,8.968917245510966e-05,targets\train\20250227_175817_mask.png,targets\train\20250227_175817_cavity_depth.npy
train,20250227_180039.jpg,OK,11664,95842.0,1.0170097847149435,0.6368893464223069,0.5521467924118042,0.004952171817421913,0.004493355751037598,0.007264076732099056,0.009089991450309753,0.009371519088745117,6.584061338799074e-06,targets\train\20250227_180039_mask.png,targets\train\20250227_180039_cavity_depth.npy
train,20250227_180158.jpg,FAILED_GEOMETRY,12000,,,,,,,,,,,,
train,20250227_180624.jpg,FAILED_GEOMETRY,11734,,,,,,,,,,,,
train,20250227_180722.jpg,FAILED_GEOMETRY,12000,,,,,,,,,,,,
train,20250227_181001.jpg,OK,12000,47890.0,0.4489132209673168,0.22319253667676311,0.09571975469589233,0.004231012426316738,0.003995567560195923,0.005167067050933838,0.006126064341515303,0.006161153316497803,1.4944487247703364e-06,targets\train\20250227_181001_mask.png,targets\train\20250227_181001_cavity_depth.npy
train,20250227_181024.jpg,FAILED_GEOMETRY,12000,,,,,,,,,,,,
train,20250227_181028.jpg,FAILED_GEOMETRY,12000,,,,,,,,,,,,
train,20250227_181033.jpg,OK,12000,75840.0,0.535932836565739,0.388956300367858,0.07428236305713654,0.004497198387980461,0.0042645931243896484,0.006160211283713579,0.006985509768128395,0.007225692272186279,6.498105449281866e-06,targets\train\20250227_181033_mask.png,targets\train\20250227_181033_cavity_depth.npy
train,20250227_182647.jpg,OK,11967,66541.0,0.6871675271141964,0.4010581499275979,0.2621055245399475,0.007960943505167961,0.007535576820373535,0.012636636383831501,0.01637054793536663,0.01769721508026123,9.400294220540673e-05,targets\train\20250227_182647_mask.png,targets\train\20250227_182647_cavity_depth.npy
train,20250227_182730.jpg,OK,12000,92728.0,0.7680028390302033,0.5382077890840589,0.3906902074813843,0.005266108550131321,0.0052613019943237305,0.007041835691779852,0.007692625746130943,0.00785529613494873,4.867481948167551e-06,targets\train\20250227_182730_mask.png,targets\train\20250227_182730_cavity_depth.npy
train,20250227_182812.jpg,OK,12000,111969.0,0.8868646729152375,0.624368134923603,0.5190920829772949,0.006303025875240564,0.005578458309173584,0.010264789685606956,0.013705355115234852,0.014804840087890625,4.884931695414707e-05,targets\train\20250227_182812_mask.png,targets\train\20250227_182812_cavity_depth.npy
train,20250227_182831.jpg,OK,12000,65667.0,0.37383903488047315,0.26284143739762944,0.10062118619680405,0.004028335679322481,0.003924131393432617,0.005128340795636177,0.005870617460459471,0.00669628381729126,3.980461315222783e-06,targets\train\20250227_182831_mask.png,targets\train\20250227_182831_cavity_depth.npy
train,20250227_183114.jpg,FAILED_GEOMETRY,12000,,,,,,,,,,,,
train,20250227_183214.jpg,OK,12000,93434.0,1.006062809123152,0.7251425806943947,0.5776368379592896,0.005203945562243462,0.005097150802612305,0.006924319081008434,0.009198734536767006,0.009981989860534668,1.190760394820245e-05,targets\train\20250227_183214_mask.png,targets\train\20250227_183214_cavity_depth.npy
train,20250227_183313.jpg,OK,11991,84724.0,0.8709125586746025,0.5627477444634985,0.4273618161678314,0.0050612278282642365,0.00490725040435791,0.006827712059020996,0.0091096768155694,0.010631322860717773,4.215349326841533e-05,targets\train\20250227_183313_mask.png,targets\train\20250227_183313_cavity_depth.npy
train,20250227_183322.jpg,FAILED_GEOMETRY,12000,,,,,,,,,,,,
train,20250227_183509.jpg,FAILED_GEOMETRY,12000,,,,,,,,,,,,
train,20250227_183734.jpg,FAILED_GEOMETRY,12000,,,,,,,,,,,,
train,20250227_183846.jpg,FAILED_GEOMETRY,11980,,,,,,,,,,,,
train,20250227_184048.jpg,FAILED_GEOMETRY,11706,,,,,,,,,,,,
train,20250227_184349.jpg,OK,12000,88866.0,0.9946441215028345,0.7130364639692703,0.5981988906860352,0.005616545677185059,0.005047321319580078,0.008996725082397461,0.010750582441687584,0.011591315269470215,8.453421287413221e-06,targets\train\20250227_184349_mask.png,targets\train\20250227_184349_cavity_depth.npy
train,20250227_184422.jpg,OK,11592,85971.0,0.8372512908240837,0.7213474692498443,0.5408132672309875,0.0065490975975990295,0.005779683589935303,0.010738218203186989,0.012721781618893147,0.0134810209274292,4.220083064865321e-05,targets\train\20250227_184422_mask.png,targets\train\20250227_184422_cavity_depth.npy
train,20250227_184521.jpg,FAILED_GEOMETRY,11961,,,,,,,,,,,,
train,20250227_184542.jpg,OK,12000,82182.0,0.7626474812878592,0.5428504665673022,0.41202783584594727,0.006556787993758917,0.006543755531311035,0.009256910532712936,0.011503648944199085,0.012891292572021484,6.797396781621501e-05,targets\train\20250227_184542_mask.png,targets\train\20250227_184542_cavity_depth.npy
train,20250227_184609.jpg,FAILED_GEOMETRY,12000,,,,,,,,,,,,
train,20250227_184651.jpg,FAILED_GEOMETRY,12000,,,,,,,,,,,,
train,20250227_184856.jpg,FAILED_GEOMETRY,12000,,,,,,,,,,,,
train,20250227_184930.jpg,OK,12000,32727.0,0.6467074599613238,0.21900952603409587,0.06035779044032097,0.012690198607742786,0.013126850128173828,0.01851344108581543,0.019738364964723587,0.020407438278198242,3.7835830880794674e-05,targets\train\20250227_184930_mask.png,targets\train\20250227_184930_cavity_depth.npy
train,20250227_184938.jpg,OK,10571,75938.0,0.9502004881554228,0.6499280641176295,0.5223701000213623,0.004734740126878023,0.00442957878112793,0.006854128558188677,0.00828287098556757,0.009561419486999512,4.189253559161443e-06,targets\train\20250227_184938_mask.png,targets\train\20250227_184938_cavity_depth.npy
train,20250227_185027.jpg,FAILED_GEOMETRY,11684,,,,,,,,,,,,
train,20250227_185038.jpg,OK,12000,51287.0,0.4448843136158418,0.2767694643919164,0.13140542805194855,0.003762205131351948,0.003692924976348877,0.00455318670719862,0.005026363767683506,0.0054138898849487305,2.234462499473011e-06,targets\train\20250227_185038_mask.png,targets\train\20250227_185038_cavity_depth.npy
train,20250227_185112.jpg,FAILED_GEOMETRY,12000,,,,,,,,,,,,
train,20250227_185125.jpg,OK,11686,62152.0,0.6471703414537171,0.5490069719610708,0.3287426829338074,0.0036777148488909006,0.0036177635192871094,0.0045130252838134766,0.004597890190780163,0.0046073198318481445,2.2042193847937597e-07,targets\train\20250227_185125_mask.png,targets\train\20250227_185125_cavity_depth.npy
train,20250227_185135.jpg,FAILED_GEOMETRY,12000,,,,,,,,,,,,
train,20250227_185200.jpg,OK,12000,107140.0,1.0236354523120452,0.7089442554740908,0.6767647862434387,0.005670156329870224,0.005427241325378418,0.008442401885986328,0.01141899824142456,0.012472987174987793,1.9587891074479558e-05,targets\train\20250227_185200_mask.png,targets\train\20250227_185200_cavity_depth.npy
train,20250227_185221.jpg,FAILED_GEOMETRY,12000,,,,,,,,,,,,
train,20250227_185245.jpg,FAILED_GEOMETRY,12000,,,,,,,,,,,,
train,20250227_185259.jpg,OK,12000,25629.0,0.16246028014478373,0.08305023168089706,0.012142570689320564,0.004259247332811356,0.004200667142868042,0.005358251743018627,0.005900462158024311,0.006206125020980835,6.243629968594178e-07,targets\train\20250227_185259_mask.png,targets\train\20250227_185259_cavity_depth.npy
train,20250227_185309.jpg,OK,12000,48424.0,0.23692826584267487,0.11591953785842657,0.02218647301197052,0.006461714394390583,0.005540996789932251,0.010412047617137432,0.015177879482507706,0.015547513961791992,1.6528250853298232e-05,targets\train\20250227_185309_mask.png,targets\train\20250227_185309_cavity_depth.npy
train,20250227_185330.jpg,FAILED_GEOMETRY,12000,,,,,,,,,,,,
train,20250227_185340.jpg,FAILED_GEOMETRY,12000,,,,,,,,,,,,
train,20250227_185350.jpg,OK,12000,53280.0,0.7972888850147478,0.23932132245941196,0.1568908989429474,0.0036557225976139307,0.003620535135269165,0.004215627908706665,0.004611179232597351,0.004693388938903809,1.8188918602390913e-06,targets\train\20250227_185350_mask.png,targets\train\20250227_185350_cavity_depth.npy
train,20250227_185406.jpg,FAILED_GEOMETRY,11978,,,,,,,,,,,,
train,20250227_185425.jpg,FAILED_GEOMETRY,11831,,,,,,,,,,,,
train,20250227_185437.jpg,FAILED_GEOMETRY,12000,,,,,,,,,,,,
train,20250227_185446.jpg,FAILED_GEOMETRY,12000,,,,,,,,,,,,
train,20250227_185450.jpg,FAILED_GEOMETRY,12000,,,,,,,,,,,,
train,20250227_185523.jpg,FAILED_GEOMETRY,11934,,,,,,,,,,,,
train,20250227_185544.jpg,OK,12000,98997.0,0.7859050455413725,0.5896665390634086,0.46423912048339844,0.005738046485930681,0.004825711250305176,0.009500587359070778,0.01042165793478489,0.011022567749023438,8.851502570905723e-06,targets\train\20250227_185544_mask.png,targets\train\20250227_185544_cavity_depth.npy
train,20250227_185556.jpg,OK,12000,78471.0,0.4974894597670927,0.36387811923731106,0.18018260598182678,0.003762459848076105,0.0036101043224334717,0.0046517131850123405,0.005349989514797926,0.005423367023468018,1.673683414082916e-06,targets\train\20250227_185556_mask.png,targets\train\20250227_185556_cavity_depth.npy
train,20250227_185615.jpg,OK,12000,95388.0,0.6662026670235734,0.43100121985773165,0.28001588582992554,0.006997633725404739,0.006903469562530518,0.01051640510559082,0.012635788880288601,0.013820648193359375,6.217523332452402e-05,targets\train\20250227_185615_mask.png,targets\train\20250227_185615_cavity_depth.npy
train,20250227_185645.jpg,FAILED_GEOMETRY,12000,,,,,,,,,,,,
train,20250227_185703.jpg,OK,12000,62455.0,0.5539581488904809,0.4377322839312293,0.23187369108200073,0.0033898521214723587,0.0032968521118164062,0.003921985626220703,0.0043769837357103825,0.004400849342346191,8.867460792316706e-07,targets\train\20250227_185703_mask.png,targets\train\20250227_185703_cavity_depth.npy
train,20250227_190027.jpg,FAILED_GEOMETRY,12000,,,,,,,,,,,,
train,20250227_190037.jpg,FAILED_GEOMETRY,11283,,,,,,,,,,,,
train,20250227_190104.jpg,FAILED_GEOMETRY,12000,,,,,,,,,,,,
train,20250227_190125.jpg,OK,12000,56637.0,0.33831570521692755,0.31582605663863317,0.10266333818435669,0.004287227988243103,0.00397801399230957,0.0058234273456037045,0.008311215788125992,0.009495079517364502,1.3433469575829804e-05,targets\train\20250227_190125_mask.png,targets\train\20250227_190125_cavity_depth.npy
train,20250227_190146.jpg,OK,12000,48347.0,0.3358782903359562,0.28168175081287594,0.091213658452034,0.0037737591192126274,0.0036663413047790527,0.004623889923095703,0.0047525702975690365,0.004775583744049072,1.353896664113563e-06,targets\train\20250227_190146_mask.png,targets\train\20250227_190146_cavity_depth.npy
train,20250227_190423.jpg,OK,12000,80627.0,0.6634567865931567,0.3754945156957423,0.24560680985450745,0.009798744693398476,0.009313732385635376,0.01682494394481182,0.01968701370060444,0.021004319190979004,0.00015515903942286968,targets\train\20250227_190423_mask.png,targets\train\20250227_190423_cavity_depth.npy
train,20250227_190508.jpg,FAILED_GEOMETRY,11999,,,,,,,,,,,,
train,20250227_190531.jpg,FAILED_GEOMETRY,12000,,,,,,,,,,,,
train,20250227_190609.jpg,FAILED_GEOMETRY,12000,,,,,,,,,,,,
train,20250227_190626.jpg,OK,12000,63958.0,0.49619398013627825,0.23504136612904553,0.10979437083005905,0.006346940994262695,0.0058189332485198975,0.00986980739980936,0.01351336482912302,0.015211701393127441,2.5182391254929826e-05,targets\train\20250227_190626_mask.png,targets\train\20250227_190626_cavity_depth.npy
train,20250227_190929.jpg,FAILED_GEOMETRY,12000,,,,,,,,,,,,
train,20250227_191936.jpg,OK,12000,79460.0,0.7215118179804327,0.3456477075932748,0.2298021912574768,0.004488651640713215,0.004236698150634766,0.006304001435637474,0.007276661694049835,0.007752835750579834,2.0187630070722662e-05,targets\train\20250227_191936_mask.png,targets\train\20250227_191936_cavity_depth.npy
train,20250227_192043.jpg,FAILED_GEOMETRY,11996,,,,,,,,,,,,
train,20250305_021140.jpg,OK,12000,52366.0,0.5979356487618135,0.16781929561228387,0.0944916233420372,0.0043470365926623344,0.0041547417640686035,0.005998789798468351,0.0070008449256420135,0.00728076696395874,2.339699221920455e-06,targets\train\20250305_021140_mask.png,targets\train\20250305_021140_cavity_depth.npy
train,20250305_021257.jpg,OK,12000,66298.0,0.8659916155015925,0.5326109249976967,0.3838363289833069,0.004635303281247616,0.004343867301940918,0.006544947624206543,0.007701611611992121,0.007989048957824707,5.44395379620255e-06,targets\train\20250305_021257_mask.png,targets\train\20250305_021257_cavity_depth.npy
train,20250305_021805.jpg,FAILED_GEOMETRY,11939,,,,,,,,,,,,
train,20250305_021844.jpg,FAILED_GEOMETRY,11990,,,,,,,,,,,,
train,20250305_022135.jpg,OK,12000,86257.0,0.9327305002598973,0.4611968068902137,0.3382812440395355,0.0031555781606584787,0.003096938133239746,0.00331302871927619,0.003320250427350402,0.003321051597595215,2.772837035536213e-07,targets\train\20250305_022135_mask.png,targets\train\20250305_022135_cavity_depth.npy
train,20250305_022251.jpg,OK,11983,60331.0,0.7381614422716678,0.27893356660478674,0.15741868317127228,0.012458328157663345,0.013365685939788818,0.01808370277285576,0.022687334567308426,0.025123000144958496,0.00034766789758577943,targets\train\20250305_022251_mask.png,targets\train\20250305_022251_cavity_depth.npy
train,20250305_022335.jpg,OK,12000,33344.0,0.5746430122511114,0.20996294733644993,0.11749521642923355,0.005819371435791254,0.005713701248168945,0.008007525466382504,0.009842979721724987,0.010579466819763184,3.946495780837722e-05,targets\train\20250305_022335_mask.png,targets\train\20250305_022335_cavity_depth.npy
train,20250305_022608.jpg,OK,12000,95786.0,0.5295374149158782,0.2536686818455878,0.13189244270324707,0.004356712568551302,0.004196256399154663,0.005589514970779419,0.007080536335706711,0.008015692234039307,1.1481492038001306e-05,targets\train\20250305_022608_mask.png,targets\train\20250305_022608_cavity_depth.npy
train,20250305_023916.jpg,FAILED_GEOMETRY,12000,,,,,,,,,,,,
train,20250305_024047.jpg,FAILED_GEOMETRY,12000,,,,,,,,,,,,
train,20250305_024332.jpg,OK,12000,68593.0,0.3173026719151941,0.23050483560568807,0.07065131515264511,0.0074013308621943,0.007060587406158447,0.011592686176300049,0.014300513081252575,0.01479274034500122,2.8644659323617816e-05,targets\train\20250305_024332_mask.png,targets\train\20250305_024332_cavity_depth.npy
train,20250305_024625.jpg,FAILED_GEOMETRY,12000,,,,,,,,,,,,
train,20250305_024941.jpg,FAILED_GEOMETRY,12000,,,,,,,,,,,,
train,20250305_025000.jpg,OK,12000,55771.0,0.7344384382859286,0.33119081564776087,0.2296208143234253,0.006429290398955345,0.0054132938385009766,0.011160063557326794,0.012676508165895939,0.01368725299835205,3.764790017157793e-05,targets\train\20250305_025000_mask.png,targets\train\20250305_025000_cavity_depth.npy
train,20250305_025031.jpg,OK,12000,70427.0,0.3985612974272694,0.31185810652211976,0.10808336734771729,0.0050554280169308186,0.004701793193817139,0.007194608449935913,0.009722087532281876,0.01174253225326538,2.448905070195906e-05,targets\train\20250305_025031_mask.png,targets\train\20250305_025031_cavity_depth.npy
train,20250305_025744.jpg,FAILED_GEOMETRY,12000,,,,,,,,,,,,
train,20250305_031236.jpg,OK,12000,46777.0,0.32203274195987847,0.19644324082621406,0.05544833093881607,0.006380626931786537,0.0062226057052612305,0.009397875517606735,0.0107811214402318,0.011155128479003906,9.970764040190261e-06,targets\train\20250305_031236_mask.png,targets\train\20250305_031236_cavity_depth.npy
train,20250305_031258.jpg,OK,12000,51614.0,0.3908268678743722,0.14331167878331505,0.055667001754045486,0.005475088022649288,0.00537717342376709,0.007591879460960627,0.008284028619527817,0.008476793766021729,9.772468729352113e-06,targets\train\20250305_031258_mask.png,targets\train\20250305_031258_cavity_depth.npy
train,20250305_031304.jpg,OK,12000,37785.0,0.4335092808623196,0.10688854813439438,0.036548174917697906,0.003083136398345232,0.003071427345275879,0.003114753868430853,0.0033422093838453293,0.003386378288269043,4.822805621529369e-08,targets\train\20250305_031304_mask.png,targets\train\20250305_031304_cavity_depth.npy
train,20250305_031324.jpg,FAILED_GEOMETRY,12000,,,,,,,,,,,,
train,20250305_031353.jpg,OK,12000,69904.0,0.8941001070092258,0.4867648182161375,0.20621411502361298,0.006249724421650171,0.005596041679382324,0.010065424256026745,0.011911961250007153,0.012824535369873047,2.9193995942478068e-05,targets\train\20250305_031353_mask.png,targets\train\20250305_031353_cavity_depth.npy
train,20250305_031407.jpg,OK,12000,56354.0,0.8164671031011013,0.28146293269702116,0.21412628889083862,0.0038835976738482714,0.003803849220275879,0.004646801855415106,0.00551205687224865,0.005956888198852539,1.4102358818490757e-06,targets\train\20250305_031407_mask.png,targets\train\20250305_031407_cavity_depth.npy
train,20250305_031608.jpg,FAILED_GEOMETRY,12000,,,,,,,,,,,,
train,20250305_034016.jpg,FAILED_GEOMETRY,12000,,,,,,,,,,,,
train,20250305_034055.jpg,OK,11991,63083.0,0.650388630102284,0.2021631217021827,0.11488192528486252,0.003452401142567396,0.003398299217224121,0.003936779219657183,0.004281411878764629,0.004320740699768066,6.780691137464601e-07,targets\train\20250305_034055_mask.png,targets\train\20250305_034055_cavity_depth.npy
train,20250305_034145.jpg,OK,12000,63466.0,0.4057649021704913,0.31525709107624555,0.12624239921569824,0.005886591039597988,0.005650639533996582,0.008920645341277122,0.010143233463168144,0.010668277740478516,1.5060498299135361e-05,targets\train\20250305_034145_mask.png,targets\train\20250305_034145_cavity_depth.npy
train,20250305_034328.jpg,OK,12000,88832.0,0.8267873776558734,0.5912195268051766,0.4637553095817566,0.008052606135606766,0.007410764694213867,0.013132572174072266,0.015325427055358887,0.016271233558654785,8.826155681163073e-05,targets\train\20250305_034328_mask.png,targets\train\20250305_034328_cavity_depth.npy
train,20250305_034515.jpg,OK,12000,34395.0,0.4471289810504557,0.2396163551357641,0.07927828282117844,0.004612527787685394,0.004538536071777344,0.006018292624503374,0.00672801723703742,0.007061898708343506,7.259772701218026e-06,targets\train\20250305_034515_mask.png,targets\train\20250305_034515_cavity_depth.npy
train,20250305_034602.jpg,OK,12000,62394.0,0.5320707487247964,0.3225624873179147,0.17780163884162903,0.004500257782638073,0.0041991472244262695,0.006219208240509033,0.007355188950896263,0.007818043231964111,8.186546438082587e-06,targets\train\20250305_034602_mask.png,targets\train\20250305_034602_cavity_depth.npy
train,20250305_034719.jpg,FAILED_GEOMETRY,12000,,,,,,,,,,,,
train,20250305_034917.jpg,OK,12000,73372.0,0.6656235506471987,0.4469541482544278,0.2630888819694519,0.0037739272229373455,0.003678560256958008,0.00452842703089118,0.005251651164144278,0.005667328834533691,7.50191156839719e-06,targets\train\20250305_034917_mask.png,targets\train\20250305_034917_cavity_depth.npy
train,20250305_034930.jpg,FAILED_GEOMETRY,12000,,,,,,,,,,,,
train,20250305_035042.jpg,FAILED_GEOMETRY,12000,,,,,,,,,,,,
train,20250305_035108.jpg,OK,12000,57002.0,0.8258429412148556,0.36716527944420135,0.2574514150619507,0.006281482987105846,0.0061588287353515625,0.00917801819741726,0.012385175563395023,0.01335000991821289,4.847519812756218e-05,targets\train\20250305_035108_mask.png,targets\train\20250305_035108_cavity_depth.npy
train,20250305_035126.jpg,OK,12000,57044.0,0.6127246430646406,0.444920037828643,0.24290397763252258,0.0057931141927838326,0.005358576774597168,0.008775186724960804,0.011594901792705059,0.013017058372497559,2.9929560696473345e-05,targets\train\20250305_035126_mask.png,targets\train\20250305_035126_cavity_depth.npy
train,20250305_035536.jpg,OK,12000,64260.0,0.41175267224134837,0.33633613568454734,0.13325609266757965,0.004351251292973757,0.0041318535804748535,0.005791902542114258,0.006903665605932474,0.0072040557861328125,4.8186843741859775e-06,targets\train\20250305_035536_mask.png,targets\train\20250305_035536_cavity_depth.npy
train,20250305_035554.jpg,FAILED_GEOMETRY,12000,,,,,,,,,,,,
train,20250305_035709.jpg,FAILED_GEOMETRY,12000,,,,,,,,,,,,
train,20250305_040307.jpg,FAILED_GEOMETRY,12000,,,,,,,,,,,,
train,20250305_040438.jpg,FAILED_GEOMETRY,11909,,,,,,,,,,,,
train,20250305_041341.jpg,OK,11991,92201.0,0.9599968603812076,0.47620362170683495,0.4044008255004883,0.007092883810400963,0.006718814373016357,0.010705911554396152,0.013039659708738327,0.014356255531311035,9.427715849597007e-05,targets\train\20250305_041341_mask.png,targets\train\20250305_041341_cavity_depth.npy
train,20250305_041507.jpg,FAILED_GEOMETRY,12000,,,,,,,,,,,,
train,20250305_041524.jpg,OK,12000,74042.0,0.5841871329740024,0.39805180997060563,0.21908420324325562,0.007978260517120361,0.00760573148727417,0.01260299701243639,0.014790053479373455,0.01626598834991455,0.00012673847959376872,targets\train\20250305_041524_mask.png,targets\train\20250305_041524_cavity_depth.npy
train,20250305_041534.jpg,FAILED_GEOMETRY,12000,,,,,,,,,,,,
train,20250305_041605.jpg,FAILED_GEOMETRY,12000,,,,,,,,,,,,
train,20250305_041840.jpg,OK,12000,63714.0,0.4687666374593885,0.31861799645122113,0.14931268990039825,0.003418787382543087,0.0033202767372131348,0.0038914084434509277,0.004354369826614857,0.004405975341796875,5.723818503611255e-07,targets\train\20250305_041840_mask.png,targets\train\20250305_041840_cavity_depth.npy
train,20250305_042307.jpg,FAILED_GEOMETRY,12000,,,,,,,,,,,,
train,20250305_042433.jpg,FAILED_GEOMETRY,12000,,,,,,,,,,,,
train,20250305_042445.jpg,FAILED_GEOMETRY,12000,,,,,,,,,,,,
train,20250305_042621.jpg,FAILED_GEOMETRY,12000,,,,,,,,,,,,
train,20250305_042726.jpg,FAILED_GEOMETRY,12000,,,,,,,,,,,,
train,20250305_042743.jpg,OK,12000,28942.0,0.2756792206674631,0.1627261363326872,0.038703713566064835,0.0037977860774844885,0.0037769675254821777,0.004461199045181274,0.004719019401818514,0.004909515380859375,4.469957559649629e-07,targets\train\20250305_042743_mask.png,targets\train\20250305_042743_cavity_depth.npy
train,20250305_042846.jpg,FAILED_GEOMETRY,12000,,,,,,,,,,,,
train,20250305_042951.jpg,OK,11965,15063.0,0.16342109073428573,0.12335692927366695,0.014885209500789642,0.0041151405312120914,0.004242360591888428,0.004682743456214666,0.0048355222679674625,0.00567471981048584,5.874854309695365e-07,targets\train\20250305_042951_mask.png,targets\train\20250305_042951_cavity_depth.npy
train,20250305_043049.jpg,FAILED_GEOMETRY,12000,,,,,,,,,,,,
train,20250305_043324.jpg,FAILED_GEOMETRY,12000,,,,,,,,,,,,
train,20250305_043451.jpg,FAILED_GEOMETRY,12000,,,,,,,,,,,,
train,20250305_043712.jpg,FAILED_GEOMETRY,12000,,,,,,,,,,,,
train,20250305_043724.jpg,OK,11993,56072.0,0.7834220223170696,0.6688430876695795,0.3414493203163147,0.0050766244530677795,0.0049631595611572266,0.00704269390553236,0.008365130983293056,0.008704185485839844,2.325068271602504e-05,targets\train\20250305_043724_mask.png,targets\train\20250305_043724_cavity_depth.npy
train,20250305_043734.jpg,OK,11784,42324.0,0.6206343928000506,0.5774608378872028,0.2665987014770508,0.004741841461509466,0.004729032516479492,0.006124830339103937,0.00643911911174655,0.00657343864440918,6.232644864212489e-06,targets\train\20250305_043734_mask.png,targets\train\20250305_043734_cavity_depth.npy
train,20250305_043912.jpg,OK,11999,79893.0,1.3303389652648954,0.5447035418496627,0.4827108085155487,0.0069228969514369965,0.0063173770904541016,0.01125023327767849,0.014248075895011425,0.015990734100341797,6.074351040297188e-05,targets\train\20250305_043912_mask.png,targets\train\20250305_043912_cavity_depth.npy
train,20250305_045139.jpg,OK,12000,67176.0,0.5740907477098522,0.5106308305692839,0.25304311513900757,0.004889132920652628,0.004607737064361572,0.006893157958984375,0.0076911356300115585,0.008614063262939453,4.441994860826526e-06,targets\train\20250305_045139_mask.png,targets\train\20250305_045139_cavity_depth.npy
train,20250305_045148.jpg,OK,12000,33862.0,0.35349630422823136,0.29497328389792554,0.08876659721136093,0.0036597915459424257,0.003572821617126465,0.004285931121557951,0.004611405078321695,0.00464320182800293,3.02494640891382e-07,targets\train\20250305_045148_mask.png,targets\train\20250305_045148_cavity_depth.npy
train,20250305_045156.jpg,OK,12000,23132.0,0.19410870730616026,0.17170126094525176,0.030932681635022163,0.0048285601660609245,0.0048958659172058105,0.0060770511627197266,0.006774351000785828,0.007715404033660889,2.4376251531066373e-05,targets\train\20250305_045156_mask.png,targets\train\20250305_045156_cavity_depth.npy
train,20250305_045213.jpg,FAILED_GEOMETRY,12000,,,,,,,,,,,,
train,20250305_045321.jpg,OK,12000,14643.0,0.19643255767401852,0.13352637371804457,0.023910846561193466,0.004172272514551878,0.0038708746433258057,0.005516833160072565,0.008170180022716522,0.008596241474151611,7.777585778967477e-06,targets\train\20250305_045321_mask.png,targets\train\20250305_045321_cavity_depth.npy
train,20250305_045413.jpg,OK,12000,24161.0,0.19659111411375194,0.10269455961228749,0.02072964236140251,0.007542614825069904,0.007637739181518555,0.011058151721954346,0.012758585624396801,0.013022899627685547,1.1271939911239315e-05,targets\train\20250305_045413_mask.png,targets\train\20250305_045413_cavity_depth.npy
train,20250305_045439.jpg,FAILED_GEOMETRY,12000,,,,,,,,,,,,
train,20250305_045702.jpg,OK,12000,102057.0,1.1405848601450477,0.6164677471047544,0.59015953540802,0.008762423880398273,0.008179545402526855,0.01447434350848198,0.018770547583699226,0.021179556846618652,0.0003688858705572784,targets\train\20250305_045702_mask.png,targets\train\20250305_045702_cavity_depth.npy
train,20250305_045711.jpg,FAILED_GEOMETRY,11997,,,,,,,,,,,,
train,20250305_045716.jpg,FAILED_GEOMETRY,12000,,,,,,,,,,,,
train,20250305_045719.jpg,OK,11928,58782.0,1.0934035401319964,0.2345590701601587,0.23466427624225616,0.005223480053246021,0.005008697509765625,0.007344245910644531,0.00845123641192913,0.009032487869262695,1.0027522876043804e-05,targets\train\20250305_045719_mask.png,targets\train\20250305_045719_cavity_depth.npy
train,20250305_045744.jpg,OK,12000,59309.0,0.5990862248982156,0.2295669545821638,0.13225875794887543,0.003630431368947029,0.003455251455307007,0.004537499044090509,0.00479797413572669,0.004801809787750244,7.79424908614601e-07,targets\train\20250305_045744_mask.png,targets\train\20250305_045744_cavity_depth.npy
train,20250305_045812.jpg,FAILED_GEOMETRY,12000,,,,,,,,,,,,
train,20250305_045853.jpg,FAILED_GEOMETRY,12000,,,,,,,,,,,,
train,20250305_045928.jpg,FAILED_GEOMETRY,12000,,,,,,,,,,,,
train,20250305_045931.jpg,OK,12000,68533.0,0.641785541560068,0.5053127129764091,0.11520874500274658,0.0034789934288710356,0.0033849477767944336,0.0040305256843566895,0.004634249024093151,0.004873871803283691,1.579457602929324e-06,targets\train\20250305_045931_mask.png,targets\train\20250305_045931_cavity_depth.npy
train,20250305_045952.jpg,FAILED_GEOMETRY,12000,,,,,,,,,,,,
train,20250305_050031.jpg,FAILED_GEOMETRY,12000,,,,,,,,,,,,
train,20250305_050128.jpg,OK,12000,66577.0,0.5855982858733628,0.23480662700989882,0.08563895523548126,0.005790067836642265,0.004816293716430664,0.009977292269468307,0.011839990504086018,0.012810587882995605,3.86124083888717e-05,targets\train\20250305_050128_mask.png,targets\train\20250305_050128_cavity_depth.npy
train,20250305_050151.jpg,FAILED_GEOMETRY,12000,,,,,,,,,,,,
train,20250305_050349.jpg,OK,12000,36337.0,0.31485380224825144,0.2679931471320069,0.08317749202251434,0.004813041538000107,0.004899144172668457,0.006083405110985041,0.00674047227948904,0.0069321393966674805,1.7996862879954278e-06,targets\train\20250305_050349_mask.png,targets\train\20250305_050349_cavity_depth.npy
train,20250305_050357.jpg,FAILED_GEOMETRY,12000,,,,,,,,,,,,
train,20250305_050424.jpg,FAILED_GEOMETRY,12000,,,,,,,,,,,,
train,20250305_050527.jpg,FAILED_GEOMETRY,12000,,,,,,,,,,,,
train,20250305_050811.jpg,OK,11997,83788.0,0.731547154416185,0.3033277798137036,0.24136444926261902,0.006404871586710215,0.006114661693572998,0.009813498705625534,0.010554233565926552,0.010891854763031006,2.8443391784094274e-05,targets\train\20250305_050811_mask.png,targets\train\20250305_050811_cavity_depth.npy
train,20250305_050817.jpg,OK,11999,60405.0,0.6588395760278092,0.3260894744568313,0.21613812446594238,0.004123847000300884,0.0040708184242248535,0.005116975400596857,0.005516389850527048,0.0055692195892333984,1.3086646504234523e-06,targets\train\20250305_050817_mask.png,targets\train\20250305_050817_cavity_depth.npy
train,20250305_050841.jpg,OK,12000,52472.0,0.5679611007090617,0.3304310854262563,0.1725894808769226,0.004959494341164827,0.004824131727218628,0.0068028271198272705,0.008601042442023754,0.009671270847320557,3.9039619878167287e-05,targets\train\20250305_050841_mask.png,targets\train\20250305_050841_cavity_depth.npy
train,20250305_051101.jpg,FAILED_GEOMETRY,11986,,,,,,,,,,,,
train,20250305_052012.jpg,OK,11993,75532.0,0.8977313121403385,0.5795632732285558,0.4317612051963806,0.0049079726450145245,0.004848361015319824,0.006836557295173407,0.007741429377347231,0.007921457290649414,5.453065568872262e-06,targets\train\20250305_052012_mask.png,targets\train\20250305_052012_cavity_depth.npy
train,20250305_052031.jpg,FAILED_GEOMETRY,11535,,,,,,,,,,,,
train,20250305_052046.jpg,FAILED_GEOMETRY,11992,,,,,,,,,,,,
train,20250305_052209.jpg,OK,12000,60739.0,0.6843895129986977,0.36075649696101875,0.2173401415348053,0.0065664267167449,0.005826115608215332,0.010592719539999962,0.013714132830500603,0.015209674835205078,3.414848106331192e-05,targets\train\20250305_052209_mask.png,targets\train\20250305_052209_cavity_depth.npy
train,20250305_052348.jpg,FAILED_GEOMETRY,12000,,,,,,,,,,,,
train,20250305_052412.jpg,OK,12000,51531.0,0.41425412818308505,0.3039292829085833,0.12155479192733765,0.0034831922966986895,0.0034638047218322754,0.003951597027480602,0.004190052859485149,0.0042043328285217285,5.500511406353326e-07,targets\train\20250305_052412_mask.png,targets\train\20250305_052412_cavity_depth.npy
train,20250305_052417.jpg,OK,12000,50648.0,0.7128737953013141,0.22436796873816683,0.13715222477912903,0.005238262005150318,0.004881501197814941,0.008111178874969482,0.009740364737808704,0.010302424430847168,5.148135460331105e-05,targets\train\20250305_052417_mask.png,targets\train\20250305_052417_cavity_depth.npy
train,20250305_052425.jpg,OK,12000,48880.0,0.5135555303589339,0.27022148567340715,0.1273254156112671,0.005074924789369106,0.005186617374420166,0.006666445638984442,0.007268776651471853,0.007455229759216309,4.876116236118833e-06,targets\train\20250305_052425_mask.png,targets\train\20250305_052425_cavity_depth.npy
train,20250305_052434.jpg,FAILED_GEOMETRY,12000,,,,,,,,,,,,
train,20250305_052438.jpg,OK,12000,45023.0,0.2817683304463615,0.24937883449916537,0.0672392025589943,0.0033169889356940985,0.00329667329788208,0.0035952210891991854,0.0037210036534816027,0.0037289857864379883,1.2106272606615676e-07,targets\train\20250305_052438_mask.png,targets\train\20250305_052438_cavity_depth.npy
train,20250305_052507.jpg,OK,12000,60487.0,0.5900789366427637,0.3602298705271467,0.19713342189788818,0.005644487217068672,0.004936635494232178,0.009158181957900524,0.010091179050505161,0.010423719882965088,4.831386104342528e-05,targets\train\20250305_052507_mask.png,targets\train\20250305_052507_cavity_depth.npy
train,20250305_052514.jpg,FAILED_GEOMETRY,12000,,,,,,,,,,,,
train,20250305_052530.jpg,OK,12000,46208.0,0.28817362814541525,0.24229695307504717,0.06702312082052231,0.004611650947481394,0.004791617393493652,0.006011915393173695,0.007012374233454466,0.007012426853179932,5.511525955625984e-07,targets\train\20250305_052530_mask.png,targets\train\20250305_052530_cavity_depth.npy
train,20250305_052544.jpg,FAILED_GEOMETRY,12000,,,,,,,,,,,,
train,20250305_052623.jpg,OK,12000,58968.0,0.44975421115797687,0.3881653260797754,0.17400653660297394,0.003352254629135132,0.0033428966999053955,0.003630340099334717,0.0037274600472301245,0.0037369728088378906,3.42105181516672e-07,targets\train\20250305_052623_mask.png,targets\train\20250305_052623_cavity_depth.npy
train,20250305_052703.jpg,FAILED_GEOMETRY,12000,,,,,,,,,,,,
train,20250305_052726.jpg,OK,10324,70681.0,1.2351560930061276,0.8937967874652182,0.7713586091995239,0.014449136331677437,0.01259070634841919,0.02882392331957817,0.03765740618109703,0.04168117046356201,0.0003586091042961925,targets\train\20250305_052726_mask.png,targets\train\20250305_052726_cavity_depth.npy
train,20250305_052830.jpg,OK,11984,61401.0,0.419088181008246,0.41264378720035855,0.17017239332199097,0.003708671312779188,0.0036600828170776367,0.004371571354568005,0.004980588331818581,0.005076169967651367,2.396079935351736e-06,targets\train\20250305_052830_mask.png,targets\train\20250305_052830_cavity_depth.npy
train,20250305_052837.jpg,FAILED_GEOMETRY,11940,,,,,,,,,,,,
train,20250305_052911.jpg,FAILED_GEOMETRY,12000,,,,,,,,,,,,
train,20250305_052959.jpg,OK,12000,76151.0,0.6939165128207537,0.5095410282955608,0.3237225115299225,0.005001208279281855,0.0046585798263549805,0.007516061887145042,0.01024529431015253,0.010564923286437988,1.1175694453413598e-05,targets\train\20250305_052959_mask.png,targets\train\20250305_052959_cavity_depth.npy
train,20250305_053002.jpg,OK,12000,86563.0,1.064419501468143,0.43714151299521353,0.4462187886238098,0.011617084965109825,0.010216236114501953,0.022851943969726562,0.02669321745634079,0.027945637702941895,0.0002463835116941482,targets\train\20250305_053002_mask.png,targets\train\20250305_053002_cavity_depth.npy
train,20250305_053008.jpg,OK,12000,124592.0,1.218274816055907,0.6552792772388931,0.701746940612793,0.0033780450467020273,0.0032901763916015625,0.003791213035583496,0.003923559095710516,0.003942966461181641,3.816880962403957e-07,targets\train\20250305_053008_mask.png,targets\train\20250305_053008_cavity_depth.npy
train,20250305_053034.jpg,OK,12000,79402.0,1.1713746850891522,0.47727855640024824,0.47388845682144165,0.006132247857749462,0.005393862724304199,0.010573362931609154,0.013196405954658985,0.014489173889160156,3.3211163099622354e-05,targets\train\20250305_053034_mask.png,targets\train\20250305_053034_cavity_depth.npy
train,20250305_053041.jpg,FAILED_GEOMETRY,12000,,,,,,,,,,,,
train,20250305_053058.jpg,OK,12000,121815.0,0.9120486665717362,0.43418052438291654,0.371380090713501,0.006174724083393812,0.005650162696838379,0.009125471115112305,0.017549604177474976,0.020283520221710205,9.857943950919434e-05,targets\train\20250305_053058_mask.png,targets\train\20250305_053058_cavity_depth.npy
train,20250305_053112.jpg,FAILED_GEOMETRY,12000,,,,,,,,,,,,
train,20250305_053221.jpg,FAILED_GEOMETRY,12000,,,,,,,,,,,,
train,20250305_053230.jpg,FAILED_GEOMETRY,11992,,,,,,,,,,,,
train,20250305_053246.jpg,FAILED_GEOMETRY,12000,,,,,,,,,,,,
train,20250305_053324.jpg,OK,12000,97328.0,0.6459456702479274,0.48182692158115703,0.312419593334198,0.0036528045311570168,0.0035449564456939697,0.004344976041465998,0.004772786516696215,0.005050599575042725,1.920117483678041e-06,targets\train\20250305_053324_mask.png,targets\train\20250305_053324_cavity_depth.npy
train,20250305_053332.jpg,FAILED_GEOMETRY,12000,,,,,,,,,,,,
train,20250305_053447.jpg,OK,12000,44490.0,0.4308391841861561,0.33884002952465586,0.13582050800323486,0.004062830936163664,0.003965556621551514,0.005076921079307795,0.005930209532380104,0.006674230098724365,8.142173101077788e-06,targets\train\20250305_053447_mask.png,targets\train\20250305_053447_cavity_depth.npy
train,20250305_053503.jpg,OK,12000,85884.0,0.782618450228987,0.45264015446855826,0.3540317714214325,0.004727491643279791,0.004322707653045654,0.006800031755119562,0.008417167700827122,0.008677124977111816,5.249122750683455e-06,targets\train\20250305_053503_mask.png,targets\train\20250305_053503_cavity_depth.npy
train,20250305_053526.jpg,OK,12000,69475.0,0.9069997473020379,0.509236633174275,0.42498359084129333,0.003679888090118766,0.0035778284072875977,0.004458427429199219,0.0049011898227036,0.004952192306518555,6.247022952265979e-07,targets\train\20250305_053526_mask.png,targets\train\20250305_053526_cavity_depth.npy
train,20250305_053543.jpg,OK,12000,56875.0,0.5448168327558539,0.4272316691025427,0.22029024362564087,0.005782093852758408,0.005221128463745117,0.009113931097090244,0.011461050249636173,0.012114405632019043,3.865027247229591e-05,targets\train\20250305_053543_mask.png,targets\train\20250305_053543_cavity_depth.npy
train,20250305_053551.jpg,FAILED_GEOMETRY,12000,,,,,,,,,,,,
train,20250305_053555.jpg,FAILED_GEOMETRY,11648,,,,,,,,,,,,
train,20250305_053624.jpg,FAILED_GEOMETRY,12000,,,,,,,,,,,,
train,20250305_053636.jpg,FAILED_GEOMETRY,12000,,,,,,,,,,,,
train,20250305_053651.jpg,OK,12000,57108.0,0.48588977604223677,0.3234350994773197,0.13454046845436096,0.005220442544668913,0.004897356033325195,0.007655811030417681,0.009278997778892517,0.010538578033447266,1.9795019397861324e-05,targets\train\20250305_053651_mask.png,targets\train\20250305_053651_cavity_depth.npy
train,20250305_053657.jpg,OK,11530,87674.0,1.0347037912260524,0.6546764187050023,0.6014636754989624,0.004621317144483328,0.004111289978027344,0.006062805652618408,0.013860620558261871,0.014710545539855957,1.0641999324434437e-05,targets\train\20250305_053657_mask.png,targets\train\20250305_053657_cavity_depth.npy
train,20250305_053709.jpg,OK,12000,40564.0,0.4204373265507363,0.30036061213049825,0.127713143825531,0.006347518414258957,0.006048917770385742,0.009316110983490944,0.01178876031190157,0.012366235256195068,4.491852814680897e-05,targets\train\20250305_053709_mask.png,targets\train\20250305_053709_cavity_depth.npy
train,20250305_053732.jpg,FAILED_GEOMETRY,12000,,,,,,,,,,,,
train,20250305_053753.jpg,OK,12000,66784.0,0.6510451996639404,0.48554618019484985,0.27784985303878784,0.00326904421672225,0.0032584667205810547,0.0035053491592407227,0.003600823925808072,0.0036132335662841797,1.797050117602339e-07,targets\train\20250305_053753_mask.png,targets\train\20250305_053753_cavity_depth.npy
train,20250305_053803.jpg,FAILED_GEOMETRY,12000,,,,,,,,,,,,
train,20250305_053910.jpg,FAILED_GEOMETRY,12000,,,,,,,,,,,,
train,20250305_053919.jpg,OK,12000,83197.0,0.5777268575217687,0.5350072627786672,0.26274344325065613,0.0038933136966079473,0.003957509994506836,0.0050088404677808285,0.005491302814334631,0.005886435508728027,5.599652013188461e-07,targets\train\20250305_053919_mask.png,targets\train\20250305_053919_cavity_depth.npy
train,20250305_053937.jpg,OK,12000,18256.0,0.28575675383465116,0.2524547723930096,0.047404736280441284,0.007232252508401871,0.007311969995498657,0.009817570447921753,0.01087332796305418,0.011265933513641357,6.145425868453458e-05,targets\train\20250305_053937_mask.png,targets\train\20250305_053937_cavity_depth.npy
train,20250305_054000.jpg,OK,12000,73305.0,0.5189180445585787,0.3476391650914687,0.16071000695228577,0.004038684535771608,0.0038021504878997803,0.005269569344818592,0.006630942225456238,0.007050871849060059,1.3255164049041923e-05,targets\train\20250305_054000_mask.png,targets\train\20250305_054000_cavity_depth.npy
train,20250305_054019.jpg,OK,12000,50338.0,0.5063570543590339,0.35533825216301035,0.15885840356349945,0.004578971303999424,0.004252195358276367,0.006479876581579447,0.00796334259212017,0.009167969226837158,2.7363876142771915e-05,targets\train\20250305_054019_mask.png,targets\train\20250305_054019_cavity_depth.npy
train,20250305_054030.jpg,FAILED_GEOMETRY,12000,,,,,,,,,,,,
train,20250305_054104.jpg,FAILED_GEOMETRY,12000,,,,,,,,,,,,
train,20250305_054116.jpg,FAILED_GEOMETRY,12000,,,,,,,,,,,,
train,20250305_054140.jpg,FAILED_GEOMETRY,12000,,,,,,,,,,,,
train,20250305_054144.jpg,FAILED_GEOMETRY,12000,,,,,,,,,,,,
train,20250305_054159.jpg,OK,11863,53479.0,0.5309369789460505,0.3530842803015194,0.15944203734397888,0.007906594313681126,0.007400691509246826,0.012356400489807129,0.014625239185988903,0.015420377254486084,6.498508446384221e-05,targets\train\20250305_054159_mask.png,targets\train\20250305_054159_cavity_depth.npy
train,20250305_054214.jpg,FAILED_GEOMETRY,12000,,,,,,,,,,,,
train,20250305_054221.jpg,FAILED_GEOMETRY,12000,,,,,,,,,,,,
train,20250305_054319.jpg,OK,12000,78286.0,0.4850536482474453,0.3548106896688895,0.1435220092535019,0.006125314626842737,0.005684882402420044,0.009697399102151394,0.012408946640789509,0.013734638690948486,2.9280516173457727e-05,targets\train\20250305_054319_mask.png,targets\train\20250305_054319_cavity_depth.npy
train,20250305_054335.jpg,OK,11983,111474.0,0.8092067593538732,0.5716703980472977,0.4302200376987457,0.011983652599155903,0.012304902076721191,0.018604731187224388,0.021889353170990944,0.023470282554626465,0.00035833677975460887,targets\train\20250305_054335_mask.png,targets\train\20250305_054335_cavity_depth.npy
train,20250305_054557.jpg,FAILED_GEOMETRY,12000,,,,,,,,,,,,
train,20250305_054618.jpg,OK,12000,48736.0,0.5263344138077433,0.42169014084952283,0.18543285131454468,0.005475741345435381,0.005206465721130371,0.00793159008026123,0.010612094774842262,0.011798262596130371,1.5988987797754817e-05,targets\train\20250305_054618_mask.png,targets\train\20250305_054618_cavity_depth.npy
train,20250305_054625.jpg,FAILED_GEOMETRY,11998,,,,,,,,,,,,
train,20250305_054700.jpg,FAILED_GEOMETRY,11992,,,,,,,,,,,,
train,20250305_054719.jpg,FAILED_GEOMETRY,11929,,,,,,,,,,,,
train,20250305_054753.jpg,OK,12000,30562.0,0.32327007159493926,0.2452656995724205,0.06746186316013336,0.003226956818252802,0.003193378448486328,0.003429198171943426,0.0034528179094195366,0.0034528374671936035,2.587544258858543e-07,targets\train\20250305_054753_mask.png,targets\train\20250305_054753_cavity_depth.npy
train,20250305_054809.jpg,FAILED_GEOMETRY,12000,,,,,,,,,,,,
train,20250305_054850.jpg,FAILED_GEOMETRY,12000,,,,,,,,,,,,
train,20250305_054900.jpg,OK,11944,87245.0,1.2134770393328624,1.0246337220877715,0.8501443862915039,0.007812650874257088,0.007285952568054199,0.012935387901961803,0.016835177317261696,0.017751693725585938,0.0001798370503820479,targets\train\20250305_054900_mask.png,targets\train\20250305_054900_cavity_depth.npy
train,20250305_054917.jpg,FAILED_GEOMETRY,12000,,,,,,,,,,,,
train,20250305_054930.jpg,OK,12000,26079.0,0.21529713300221542,0.15867730589075413,0.03151053190231323,0.0032492789905518293,0.0032181739807128906,0.0035357833839952946,0.003657859517261386,0.0036770105361938477,2.117077571028858e-07,targets\train\20250305_054930_mask.png,targets\train\20250305_054930_cavity_depth.npy
train,20250305_054953.jpg,OK,12000,37203.0,0.22820742231877578,0.1977240383102986,0.04357050731778145,0.004492317792028189,0.0044203996658325195,0.005804288201034069,0.0065338751301169395,0.006786704063415527,6.082335858081933e-06,targets\train\20250305_054953_mask.png,targets\train\20250305_054953_cavity_depth.npy
train,20250305_054958.jpg,FAILED_GEOMETRY,12000,,,,,,,,,,,,
train,20250305_055009.jpg,FAILED_GEOMETRY,12000,,,,,,,,,,,,
train,20250305_055020.jpg,FAILED_GEOMETRY,12000,,,,,,,,,,,,
train,20250305_055112.jpg,OK,12000,50593.0,0.5740921337130005,0.3363351598048538,0.1751505434513092,0.009222622960805893,0.009010076522827148,0.014077519997954369,0.016868453472852707,0.017806410789489746,0.00027398724341765046,targets\train\20250305_055112_mask.png,targets\train\20250305_055112_cavity_depth.npy
train,20250305_055147.jpg,OK,12000,50637.0,0.5176494011546091,0.2351743372371038,0.119477778673172,0.0035206887405365705,0.0034405291080474854,0.004030364565551281,0.004470760002732277,0.0044768452644348145,3.661377832031576e-07,targets\train\20250305_055147_mask.png,targets\train\20250305_055147_cavity_depth.npy
train,20250305_055152.jpg,OK,12000,60305.0,0.6280462027436984,0.4766548948270611,0.2607613205909729,0.006578812841325998,0.006481528282165527,0.009464561939239502,0.01135630626231432,0.01205599308013916,2.1083380488562398e-05,targets\train\20250305_055152_mask.png,targets\train\20250305_055152_cavity_depth.npy
train,20250305_055210.jpg,FAILED_GEOMETRY,12000,,,,,,,,,,,,
train,20250305_055230.jpg,OK,12000,69725.0,0.3392870959180905,0.25375162102893145,0.09163768589496613,0.005348558072000742,0.005217552185058594,0.007747995667159557,0.00902334414422512,0.009522020816802979,1.3972608940093778e-05,targets\train\20250305_055230_mask.png,targets\train\20250305_055230_cavity_depth.npy
train,20250305_055243.jpg,OK,12000,66864.0,0.4171668058051812,0.2286239148669372,0.0928737223148346,0.006806495133787394,0.006653726100921631,0.010035544633865356,0.011896148324012756,0.013212621212005615,9.143356146523729e-05,targets\train\20250305_055243_mask.png,targets\train\20250305_055243_cavity_depth.npy
train,20250305_055325.jpg,FAILED_GEOMETRY,11982,,,,,,,,,,,,
train,20250305_055425.jpg,OK,12000,49394.0,0.37026850896010666,0.3283498070470742,0.11228902637958527,0.0058890460059046745,0.005699574947357178,0.008281171321868896,0.010335968807339668,0.011519372463226318,4.286121838958934e-05,targets\train\20250305_055425_mask.png,targets\train\20250305_055425_cavity_depth.npy
train,20250305_055452.jpg,OK,11944,69227.0,1.047698944178463,0.6817253218195477,0.509663462638855,0.009108342230319977,0.00851905345916748,0.01468436699360609,0.01847991719841957,0.02012765407562256,0.00028684016433544457,targets\train\20250305_055452_mask.png,targets\train\20250305_055452_cavity_depth.npy
train,20250305_055524.jpg,FAILED_GEOMETRY,12000,,,,,,,,,,,,
train,20250305_055645.jpg,FAILED_GEOMETRY,12000,,,,,,,,,,,,
train,20250305_055711.jpg,OK,11996,30800.0,1.073199175208834,0.32831763528874053,0.2169588804244995,0.005176528822630644,0.004991650581359863,0.007426474243402481,0.009159917943179607,0.009235143661499023,3.1707249945611693e-06,targets\train\20250305_055711_mask.png,targets\train\20250305_055711_cavity_depth.npy
train,20250305_055718.jpg,OK,12000,68098.0,0.7079970978360763,0.4665777829184923,0.2715233862400055,0.003788331523537636,0.003691256046295166,0.004663288593292236,0.005310785956680775,0.005353450775146484,2.2386416276276577e-06,targets\train\20250305_055718_mask.png,targets\train\20250305_055718_cavity_depth.npy
train,20250305_055727.jpg,OK,12000,95819.0,0.9494978597491508,0.5837627315402795,0.4588194787502289,0.0033017874229699373,0.0032051801681518555,0.0037044286727905273,0.0038359593600034714,0.003850579261779785,4.4444672653298767e-07,targets\train\20250305_055727_mask.png,targets\train\20250305_055727_cavity_depth.npy
train,20250305_055733.jpg,OK,11989,44764.0,0.5504841214198346,0.44215606053149614,0.18976907432079315,0.005459100939333439,0.005041718482971191,0.008405506610870361,0.010099435225129128,0.010820388793945312,1.0104768080054782e-05,targets\train\20250305_055733_mask.png,targets\train\20250305_055733_cavity_depth.npy
train,20250305_055810.jpg,OK,11969,62108.0,0.8875501950607697,0.6354405519104589,0.43968135118484497,0.003743505571037531,0.0036771297454833984,0.004517078399658203,0.004773915745317936,0.004820823669433594,3.8590010831285326e-07,targets\train\20250305_055810_mask.png,targets\train\20250305_055810_cavity_depth.npy
train,20250305_055906.jpg,OK,12000,51678.0,0.3188615751684879,0.2316219326293155,0.06734902411699295,0.005471869371831417,0.005350172519683838,0.007654319517314434,0.009192031808197498,0.009212255477905273,4.998651093046647e-07,targets\train\20250305_055906_mask.png,targets\train\20250305_055906_cavity_depth.npy
train,20250305_055944.jpg,FAILED_GEOMETRY,11501,,,,,,,,,,,,
train,20250305_055950.jpg,OK,12000,50137.0,0.3868947607809531,0.26196570300181654,0.10280817747116089,0.004942157305777073,0.004559040069580078,0.007064020726829767,0.009753573685884476,0.012162744998931885,2.1850966732017696e-05,targets\train\20250305_055950_mask.png,targets\train\20250305_055950_cavity_depth.npy
train,20250305_060007.jpg,FAILED_GEOMETRY,12000,,,,,,,,,,,,
train,20250305_060013.jpg,FAILED_GEOMETRY,12000,,,,,,,,,,,,
train,20250305_060025.jpg,FAILED_GEOMETRY,12000,,,,,,,,,,,,
train,20250305_060110.jpg,FAILED_GEOMETRY,11930,,,,,,,,,,,,
train,20250305_060113.jpg,FAILED_GEOMETRY,12000,,,,,,,,,,,,
train,20250305_060116.jpg,FAILED_GEOMETRY,12000,,,,,,,,,,,,
train,20250305_060130.jpg,OK,12000,64536.0,0.5752273944929922,0.4467696062714768,0.23131082952022552,0.005637675989419222,0.005620837211608887,0.00783524475991726,0.008907671086490154,0.009493350982666016,1.8567761799204163e-05,targets\train\20250305_060130_mask.png,targets\train\20250305_060130_cavity_depth.npy
train,20250305_060138.jpg,OK,12000,25378.0,0.2550468476425268,0.21078419006474353,0.051391150802373886,0.004213716369122267,0.003948330879211426,0.005659592337906361,0.007012042682617903,0.007919728755950928,6.4497262428631075e-06,targets\train\20250305_060138_mask.png,targets\train\20250305_060138_cavity_depth.npy
train,20250305_060155.jpg,FAILED_GEOMETRY,11994,,,,,,,,,,,,
train,20250305_060227.jpg,FAILED_GEOMETRY,12000,,,,,,,,,,,,
train,20250305_060250.jpg,OK,11998,64913.0,0.6277033900244433,0.3894124379484124,0.2372945100069046,0.003721150802448392,0.0037308931350708008,0.0043021561577916145,0.004551185294985771,0.004617571830749512,6.497608069366834e-07,targets\train\20250305_060250_mask.png,targets\train\20250305_060250_cavity_depth.npy
train,20250305_060459.jpg,OK,12000,58016.0,0.3582128238230402,0.23772844243822627,0.09109096974134445,0.004848421551287174,0.004540205001831055,0.006950962357223034,0.008177313953638077,0.009350061416625977,1.265500031877309e-05,targets\train\20250305_060459_mask.png,targets\train\20250305_060459_cavity_depth.npy
train,20250305_060535.jpg,FAILED_GEOMETRY,12000,,,,,,,,,,,,
train,20250305_060539.jpg,FAILED_GEOMETRY,12000,,,,,,,,,,,,
train,20250305_060604.jpg,FAILED_GEOMETRY,12000,,,,,,,,,,,,
train,20250305_060721.jpg,FAILED_GEOMETRY,10960,,,,,,,,,,,,
train,20250305_060729.jpg,OK,11861,106704.0,1.2854084166249597,0.8171109438282138,0.8504334092140198,0.0066587310284376144,0.006088972091674805,0.0109091280028224,0.014478161931037903,0.01578199863433838,5.286047962727025e-05,targets\train\20250305_060729_mask.png,targets\train\20250305_060729_cavity_depth.npy
train,20250305_060928.jpg,FAILED_GEOMETRY,11991,,,,,,,,,,,,
train,20250305_060935.jpg,OK,12000,77641.0,0.47197311962697375,0.23629717400555467,0.11205147206783295,0.0038264102768152952,0.0036957263946533203,0.004741156008094549,0.005419987719506025,0.005896210670471191,8.049988537095487e-06,targets\train\20250305_060935_mask.png,targets\train\20250305_060935_cavity_depth.npy
train,20250305_061043.jpg,OK,12000,66896.0,0.4903674767690072,0.28266633963045384,0.09543471783399582,0.0033307962585240602,0.0032982230186462402,0.0037044405471533537,0.0038383137434720993,0.003846108913421631,5.260033049125923e-07,targets\train\20250305_061043_mask.png,targets\train\20250305_061043_cavity_depth.npy
train,20250305_061103.jpg,FAILED_GEOMETRY,11983,,,,,,,,,,,,
train,20250305_061139.jpg,OK,11327,48171.0,0.6968275109492599,0.41356743790934997,0.23593387007713318,0.004702345002442598,0.0044471025466918945,0.006517946720123291,0.00740848807618022,0.007548928260803223,2.1900909814576153e-06,targets\train\20250305_061139_mask.png,targets\train\20250305_061139_cavity_depth.npy
train,20250305_061208.jpg,FAILED_GEOMETRY,12000,,,,,,,,,,,,
train,20250305_061250.jpg,OK,12000,68370.0,0.5438633495303153,0.3385172347390083,0.17701461911201477,0.0032693424727767706,0.0032334327697753906,0.0035443902015686035,0.0037620067596435547,0.003809213638305664,8.120570100800251e-07,targets\train\20250305_061250_mask.png,targets\train\20250305_061250_cavity_depth.npy
train,20250305_061303.jpg,FAILED_GEOMETRY,11993,,,,,,,,,,,,
train,20250305_061313.jpg,FAILED_GEOMETRY,12000,,,,,,,,,,,,
train,20250305_061340.jpg,OK,12000,92016.0,0.6130812311059449,0.42962023602569366,0.24421727657318115,0.008553644642233849,0.008428841829299927,0.012956428341567516,0.014459672383964062,0.01609659194946289,0.0001063929739757441,targets\train\20250305_061340_mask.png,targets\train\20250305_061340_cavity_depth.npy
train,20250305_061347.jpg,FAILED_GEOMETRY,12000,,,,,,,,,,,,
train,20250305_061439.jpg,FAILED_GEOMETRY,12000,,,,,,,,,,,,
train,20250305_061843.jpg,OK,11970,66171.0,0.7242150930729738,0.5396672711204287,0.2925378382205963,0.006689755246043205,0.005790054798126221,0.01167142391204834,0.013308780267834663,0.014065146446228027,1.9788381905527785e-05,targets\train\20250305_061843_mask.png,targets\train\20250305_061843_cavity_depth.npy
train,20250305_062157.jpg,FAILED_GEOMETRY,11985,,,,,,,,,,,,
train,20250305_062228.jpg,OK,11060,130688.0,0.7924193069861908,0.557701088431847,0.4348638653755188,0.0084745604544878,0.007023453712463379,0.015418648719787598,0.01768963411450386,0.01841878890991211,5.1281538617331535e-05,targets\train\20250305_062228_mask.png,targets\train\20250305_062228_cavity_depth.npy
train,20250305_062247.jpg,OK,11994,50016.0,0.4137425740382106,0.24063322548426366,0.09939872473478317,0.0031245946884155273,0.0031024813652038574,0.0032539248932152987,0.0032764459028840065,0.0032773613929748535,8.193742928597203e-08,targets\train\20250305_062247_mask.png,targets\train\20250305_062247_cavity_depth.npy
train,20250305_062512.jpg,OK,10901,103799.0,1.4777042908844709,0.8138950668692391,0.8602563142776489,0.005238006357103586,0.004888057708740234,0.00759510975331068,0.010362556204199791,0.01108849048614502,1.2744500054395758e-05,targets\train\20250305_062512_mask.png,targets\train\20250305_062512_cavity_depth.npy
train,20250305_062739.jpg,OK,12000,26827.0,0.22682637072722311,0.1165145857899082,0.027044806629419327,0.0044496795162558556,0.00416797399520874,0.005998265463858843,0.006712090689688921,0.007046401500701904,4.593171070155222e-06,targets\train\20250305_062739_mask.png,targets\train\20250305_062739_cavity_depth.npy
train,20250305_063106.jpg,FAILED_GEOMETRY,12000,,,,,,,,,,,,
train,20250305_064858.jpg,OK,12000,112318.0,0.3873091380573921,0.25894381576635284,0.08464491367340088,0.006638145074248314,0.006511509418487549,0.009229624643921852,0.010216152295470238,0.011663079261779785,5.714188591809943e-05,targets\train\20250305_064858_mask.png,targets\train\20250305_064858_cavity_depth.npy
train,20250305_073146.jpg,OK,12000,50938.0,0.5489861463747743,0.2984287479137466,0.1209331527352333,0.0037694256752729416,0.003613412380218506,0.004649913404136896,0.005180581007152796,0.005326688289642334,1.2318230346863857e-06,targets\train\20250305_073146_mask.png,targets\train\20250305_073146_cavity_depth.npy
train,20250305_073152.jpg,FAILED_GEOMETRY,12000,,,,,,,,,,,,
train,20250305_073411.jpg,OK,12000,96289.0,1.093152841221706,0.4593676838215663,0.2613980174064636,0.009660772979259491,0.009118616580963135,0.014564079232513905,0.020555268973112106,0.02332979440689087,0.0003578077594283968,targets\train\20250305_073411_mask.png,targets\train\20250305_073411_cavity_depth.npy
train,20250305_073451.jpg,OK,11998,95215.0,0.9071406375818866,0.28289607405898937,0.14632882177829742,0.012350168079137802,0.011434376239776611,0.0198630690574646,0.022422272711992264,0.023910701274871826,9.167003736365587e-05,targets\train\20250305_073451_mask.png,targets\train\20250305_073451_cavity_depth.npy
train,20250305_073910.jpg,OK,12000,135255.0,1.1144546868606013,0.9304226704927611,0.39556849002838135,0.00902407057583332,0.008878886699676514,0.013981521129608154,0.016415445134043694,0.020564794540405273,0.0011025227140635252,targets\train\20250305_073910_mask.png,targets\train\20250305_073910_cavity_depth.npy
train,20250305_074333.jpg,OK,12000,89828.0,0.5140742096148112,0.2865526683582527,0.10475711524486542,0.005593211390078068,0.0055078864097595215,0.007761953864246607,0.00950910709798336,0.010242223739624023,1.2234926543897018e-05,targets\train\20250305_074333_mask.png,targets\train\20250305_074333_cavity_depth.npy
train,20250305_074406.jpg,FAILED_GEOMETRY,10935,,,,,,,,,,,,
train,20250305_074604.jpg,OK,11953,77820.0,0.5008767893799742,0.3716066318444922,0.1282082498073578,0.005604946985840797,0.005628645420074463,0.007545637898147106,0.008369563147425652,0.009101152420043945,1.7763162759365514e-05,targets\train\20250305_074604_mask.png,targets\train\20250305_074604_cavity_depth.npy
train,20250305_074621.jpg,OK,12000,113184.0,0.7711483234672023,0.6546762095155272,0.22305479645729065,0.003981118090450764,0.0035734176635742188,0.005430078599601984,0.005959025584161282,0.006023049354553223,1.1923325473617297e-06,targets\train\20250305_074621_mask.png,targets\train\20250305_074621_cavity_depth.npy
train,20250305_074730.jpg,OK,12000,80386.0,0.3815839005510947,0.23759739217919523,0.04934263229370117,0.007412147242575884,0.006430834531784058,0.013422745279967785,0.015355624258518219,0.016235679388046265,8.870252713677473e-06,targets\train\20250305_074730_mask.png,targets\train\20250305_074730_cavity_depth.npy
train,20250305_074929.jpg,OK,12000,132055.0,0.4594059602442844,0.22488264119285034,0.0954667329788208,0.003979715518653393,0.003744274377822876,0.005099207162857056,0.006823302246630192,0.007753938436508179,5.300652901496505e-06,targets\train\20250305_074929_mask.png,targets\train\20250305_074929_cavity_depth.npy
train,20250305_075013.jpg,FAILED_GEOMETRY,12000,,,,,,,,,,,,
train,20250305_075513.jpg,FAILED_GEOMETRY,11922,,,,,,,,,,,,
train,20250305_080122.jpg,OK,11722,172961.0,0.5147344122225801,0.3695286211983726,0.1383037567138672,0.02420732192695141,0.022641122341156006,0.04403761029243469,0.05201940983533859,0.05514046549797058,0.0005691666738130152,targets\train\20250305_080122_mask.png,targets\train\20250305_080122_cavity_depth.npy
train,20250305_080503.jpg,FAILED_GEOMETRY,12000,,,,,,,,,,,,
train,20250305_081241.jpg,OK,12000,110479.0,0.43955270152280224,0.20826528010706696,0.07702812552452087,0.0032540052197873592,0.003261774778366089,0.0034734071232378483,0.003565349616110325,0.0035817623138427734,3.473559218036826e-08,targets\train\20250305_081241_mask.png,targets\train\20250305_081241_cavity_depth.npy
train,20250305_081309.jpg,OK,11995,133321.0,0.8161361546685613,0.5433488365460906,0.37973523139953613,0.004356000572443008,0.004128694534301758,0.005916953086853027,0.00724992947652936,0.007687866687774658,3.719600726981298e-06,targets\train\20250305_081309_mask.png,targets\train\20250305_081309_cavity_depth.npy
train,20250305_081500.jpg,OK,12000,95110.0,1.3737348672637189,0.19430440588472342,0.08656832575798035,0.0072564780712127686,0.006619378924369812,0.012464916333556175,0.013716517016291618,0.014234006404876709,5.7535135056241415e-06,targets\train\20250305_081500_mask.png,targets\train\20250305_081500_cavity_depth.npy
train,20250305_082258.jpg,OK,12000,87041.0,1.1254250684548288,0.26273350561228337,0.13833008706569672,0.007500001695007086,0.007416337728500366,0.010757623240351677,0.013869899325072765,0.015523791313171387,0.00010349992953706533,targets\train\20250305_082258_mask.png,targets\train\20250305_082258_cavity_depth.npy
train,20250305_082631.jpg,OK,11414,94787.0,0.27771489310430303,0.22900794452671083,0.04441113397479057,0.01932128332555294,0.01420728862285614,0.0432378314435482,0.05502156913280487,0.061540305614471436,0.00020331160339992493,targets\train\20250305_082631_mask.png,targets\train\20250305_082631_cavity_depth.npy
train,20250305_082847.jpg,OK,12000,89646.0,0.3273577039848936,0.2751755013007948,0.08228069543838501,0.0037895033601671457,0.003672271966934204,0.004629403352737427,0.00537637434899807,0.005587369203567505,1.052189759320754e-06,targets\train\20250305_082847_mask.png,targets\train\20250305_082847_cavity_depth.npy
train,20250305_082854.jpg,FAILED_GEOMETRY,12000,,,,,,,,,,,,
train,20250305_082909.jpg,FAILED_GEOMETRY,12000,,,,,,,,,,,,
train,20250305_082924.jpg,OK,12000,74620.0,0.34326467946591555,0.3011295501537934,0.08944903314113617,0.007305031642317772,0.007241189479827881,0.010981899686157703,0.013303151354193687,0.014329314231872559,9.264250547857955e-05,targets\train\20250305_082924_mask.png,targets\train\20250305_082924_cavity_depth.npy
train,20250305_083300.jpg,OK,10801,138643.0,0.3305386376082054,0.27977670320410764,0.08377000689506531,0.02783532440662384,0.024665504693984985,0.0471920482814312,0.08640190958976746,0.11076822876930237,0.0004102331877220422,targets\train\20250305_083300_mask.png,targets\train\20250305_083300_cavity_depth.npy
train,20250305_083506.jpg,FAILED_GEOMETRY,12000,,,,,,,,,,,,
train,20250305_083530.jpg,FAILED_GEOMETRY,12000,,,,,,,,,,,,
train,20250305_084055.jpg,OK,12000,146243.0,0.6983876239535505,0.6168349193377616,0.3660309314727783,0.00430544326081872,0.00406453013420105,0.005813681986182928,0.007203586399555206,0.007745981216430664,1.0937112165265717e-05,targets\train\20250305_084055_mask.png,targets\train\20250305_084055_cavity_depth.npy
train,20250305_084405.jpg,FAILED_GEOMETRY,12000,,,,,,,,,,,,
train,20250305_084430.jpg,OK,12000,95618.0,0.5062157228634224,0.3152404801967757,0.1232626736164093,0.0037230756133794785,0.0036594271659851074,0.004510617349296808,0.005107217933982611,0.005347609519958496,1.9366819969945936e-07,targets\train\20250305_084430_mask.png,targets\train\20250305_084430_cavity_depth.npy
train,20250305_084512.jpg,OK,12000,125548.0,0.5767475584417083,0.28834566509688137,0.1300337165594101,0.006216746289283037,0.006025135517120361,0.008896267041563988,0.011428735218942165,0.012654334306716919,3.531314723659307e-05,targets\train\20250305_084512_mask.png,targets\train\20250305_084512_cavity_depth.npy
train,20250305_084522.jpg,OK,12000,153013.0,0.5095492725612092,0.31287417105120807,0.11617393046617508,0.0039009125903248787,0.0037978440523147583,0.00480438768863678,0.005412076599895954,0.005556464195251465,9.58924033511721e-07,targets\train\20250305_084522_mask.png,targets\train\20250305_084522_cavity_depth.npy
train,20250305_084627.jpg,FAILED_GEOMETRY,12000,,,,,,,,,,,,
train,20250305_084706.jpg,OK,11998,107947.0,0.299536745509983,0.1548040617128962,0.03970834240317345,0.0042985486797988415,0.004043757915496826,0.005671810824424028,0.007558722048997879,0.008482396602630615,3.4565571240818826e-06,targets\train\20250305_084706_mask.png,targets\train\20250305_084706_cavity_depth.npy
train,20250305_084720.jpg,FAILED_GEOMETRY,12000,,,,,,,,,,,,
train,20250305_084828.jpg,OK,12000,131478.0,0.3816399591905195,0.19498281275281878,0.06425750255584717,0.003917505033314228,0.003915026783943176,0.00467305164784193,0.00504313176497817,0.005130767822265625,1.68429153291072e-07,targets\train\20250305_084828_mask.png,targets\train\20250305_084828_cavity_depth.npy
train,20250305_085116.jpg,FAILED_GEOMETRY,12000,,,,,,,,,,,,
train,20250305_093835.jpg,FAILED_GEOMETRY,12000,,,,,,,,,,,,
train,20250305_093851.jpg,OK,12000,113660.0,0.2348800211563231,0.18632018703742398,0.03712112084031105,0.0036821600515395403,0.0035516470670700073,0.004444172605872154,0.0053748018108308315,0.005734294652938843,2.60307615462807e-06,targets\train\20250305_093851_mask.png,targets\train\20250305_093851_cavity_depth.npy
train,20250305_093858.jpg,OK,12000,35789.0,0.2592525797057029,0.18853658734828305,0.03660091385245323,0.0035793280694633722,0.0034887194633483887,0.004180490970611572,0.0045496937818825245,0.0046447813510894775,6.383502295648213e-07,targets\train\20250305_093858_mask.png,targets\train\20250305_093858_cavity_depth.npy
train,20250305_093910.jpg,OK,12000,189929.0,0.6350795820181541,0.4598587405528839,0.22667397558689117,0.003539428813382983,0.003430873155593872,0.004183858633041382,0.004549607168883085,0.004653573036193848,1.344473275821656e-06,targets\train\20250305_093910_mask.png,targets\train\20250305_093910_cavity_depth.npy
train,20250305_093918.jpg,OK,12000,114261.0,0.3787123063975967,0.1734426443797542,0.054538168013095856,0.005368466954678297,0.004712551832199097,0.008350282907485962,0.01139586977660656,0.012301027774810791,1.1198075299034826e-05,targets\train\20250305_093918_mask.png,targets\train\20250305_093918_cavity_depth.npy
train,20250305_093956.jpg,FAILED_GEOMETRY,12000,,,,,,,,,,,,
train,20250305_094344.jpg,OK,12000,84441.0,0.24419537288089696,0.16318244652275155,0.03919840604066849,0.0038495694752782583,0.0037955641746520996,0.004674184136092663,0.00514441030099988,0.005387783050537109,1.8688270984057453e-06,targets\train\20250305_094344_mask.png,targets\train\20250305_094344_cavity_depth.npy
train,20250305_094446.jpg,OK,11762,74509.0,0.20699374795203557,0.10917440368813591,0.018519578501582146,0.003363637253642082,0.0033143311738967896,0.0037064519710838795,0.004095422104001045,0.004466354846954346,2.760183690497797e-07,targets\train\20250305_094446_mask.png,targets\train\20250305_094446_cavity_depth.npy
train,20250305_094506.jpg,OK,12000,36787.0,0.15910780257172868,0.117338311046355,0.01593669131398201,0.003124909708276391,0.0030966997146606445,0.003242388367652893,0.003283791011199355,0.0032892227172851562,1.8171228077790147e-08,targets\train\20250305_094506_mask.png,targets\train\20250305_094506_cavity_depth.npy
train,20250305_094539.jpg,OK,12000,60629.0,0.3090005025675796,0.09454540064246211,0.022262711077928543,0.003916062414646149,0.003727838397026062,0.005010556895285845,0.0060521564446389675,0.006440490484237671,1.4477391232503578e-06,targets\train\20250305_094539_mask.png,targets\train\20250305_094539_cavity_depth.npy
train,20250305_094551.jpg,FAILED_GEOMETRY,12000,,,,,,,,,,,,
train,20250305_094613.jpg,OK,11577,37850.0,0.10672143888220553,0.09077620520592294,0.008860183879733086,0.004988066386431456,0.004835546016693115,0.0070104352198541164,0.008404404856264591,0.009424835443496704,3.508989038891741e-06,targets\train\20250305_094613_mask.png,targets\train\20250305_094613_cavity_depth.npy
train,20250305_094627.jpg,FAILED_GEOMETRY,12000,,,,,,,,,,,,
train,20250305_094638.jpg,OK,12000,47054.0,0.1800810339069699,0.11426711536470649,0.01954655349254608,0.0032570010516792536,0.0032141953706741333,0.0035265565384179354,0.0036244653165340424,0.0036329329013824463,3.2337851507691084e-08,targets\train\20250305_094638_mask.png,targets\train\20250305_094638_cavity_depth.npy
train,20250305_094802.jpg,FAILED_GEOMETRY,12000,,,,,,,,,,,,
train,20250305_095102.jpg,OK,12000,96890.0,0.3964401163495973,0.3230016164921662,0.09640109539031982,0.004352376330643892,0.003986835479736328,0.00592079758644104,0.010002050548791885,0.010580599308013916,1.1275706128799357e-05,targets\train\20250305_095102_mask.png,targets\train\20250305_095102_cavity_depth.npy
train,20250305_095140.jpg,OK,12000,45813.0,1.4760443921801507,0.3000129311307567,0.17458611726760864,0.0044933706521987915,0.004382461309432983,0.006050043739378452,0.006802530027925968,0.0068822503089904785,4.2056319671246456e-07,targets\train\20250305_095140_mask.png,targets\train\20250305_095140_cavity_depth.npy
train,20250305_095310.jpg,OK,12000,59515.0,0.7777655353512689,0.15937339116052007,0.08728039264678955,0.0033798266667872667,0.003365814685821533,0.0036655901931226254,0.0038906524423509836,0.00396120548248291,2.437032833313424e-07,targets\train\20250305_095310_mask.png,targets\train\20250305_095310_cavity_depth.npy
train,20250305_095314.jpg,OK,12000,96435.0,0.4642438818052065,0.17596146011505281,0.07035376131534576,0.005730719305574894,0.0058196187019348145,0.008368181996047497,0.009071655571460724,0.009812921285629272,1.9728295228560455e-05,targets\train\20250305_095314_mask.png,targets\train\20250305_095314_cavity_depth.npy
train,20250305_095320.jpg,FAILED_GEOMETRY,12000,,,,,,,,,,,,
train,20250305_095332.jpg,OK,12000,135834.0,0.4439448864493776,0.31430793323258077,0.13646093010902405,0.00431024981662631,0.004157721996307373,0.005612324923276901,0.006510120816528797,0.006866872310638428,4.454630925465608e-06,targets\train\20250305_095332_mask.png,targets\train\20250305_095332_cavity_depth.npy
train,20250305_095338.jpg,OK,12000,172681.0,0.6422456016859732,0.43177658845091993,0.24295026063919067,0.007337655872106552,0.006441295146942139,0.012047648429870605,0.013731064274907112,0.015262722969055176,0.00032067549182102084,targets\train\20250305_095338_mask.png,targets\train\20250305_095338_cavity_depth.npy
train,20250305_095359.jpg,OK,12000,32695.0,0.17937529181816808,0.05947839834632894,0.010149218142032623,0.0043211430311203,0.004195541143417358,0.005883026402443647,0.006909385323524475,0.0070629119873046875,2.094531907914643e-07,targets\train\20250305_095359_mask.png,targets\train\20250305_095359_cavity_depth.npy
train,20250305_095421.jpg,OK,12000,91085.0,1.1201948309084404,0.3507705384659932,0.32127436995506287,0.00391748733818531,0.00379374623298645,0.004892855882644653,0.005457818508148193,0.005916774272918701,3.254562216170598e-06,targets\train\20250305_095421_mask.png,targets\train\20250305_095421_cavity_depth.npy
train,20250305_095515.jpg,OK,12000,38498.0,0.18882379164283636,0.14965896642079435,0.02453281171619892,0.0035282238386571407,0.003434792160987854,0.004132336471229792,0.004678548313677311,0.004882603883743286,1.8012877944784123e-06,targets\train\20250305_095515_mask.png,targets\train\20250305_095515_cavity_depth.npy
train,20250305_095743.jpg,OK,12000,124115.0,0.6375638245033001,0.3230701100361547,0.1335407942533493,0.004467736929655075,0.004103660583496094,0.006446182727813721,0.008141768164932728,0.00898832082748413,2.0359384507173672e-05,targets\train\20250305_095743_mask.png,targets\train\20250305_095743_cavity_depth.npy
train,20250305_095750.jpg,OK,12000,88823.0,0.6615073600321941,0.30219253803274204,0.14769303798675537,0.004272331018000841,0.004267454147338867,0.005218124482780695,0.00576582970097661,0.00611644983291626,7.480616204702528e-06,targets\train\20250305_095750_mask.png,targets\train\20250305_095750_cavity_depth.npy
train,20250305_095805.jpg,FAILED_GEOMETRY,12000,,,,,,,,,,,,
train,20250305_095823.jpg,FAILED_GEOMETRY,12000,,,,,,,,,,,,
train,20250305_095829.jpg,OK,12000,113650.0,0.672294992891199,0.2169811718179413,0.12273602932691574,0.004365377593785524,0.004082605242729187,0.0063010393641889095,0.008769531734287739,0.009039819240570068,2.5706403903313912e-06,targets\train\20250305_095829_mask.png,targets\train\20250305_095829_cavity_depth.npy
train,20250305_095841.jpg,OK,12000,96108.0,0.7843786490379487,0.21900121353777555,0.1453850269317627,0.004123877268284559,0.004020571708679199,0.005157065112143755,0.005922419484704733,0.006319582462310791,9.473981663177256e-06,targets\train\20250305_095841_mask.png,targets\train\20250305_095841_cavity_depth.npy
train,20250305_095858.jpg,FAILED_GEOMETRY,12000,,,,,,,,,,,,
train,20250305_095911.jpg,FAILED_GEOMETRY,12000,,,,,,,,,,,,
train,20250305_095915.jpg,FAILED_GEOMETRY,12000,,,,,,,,,,,,
train,20250305_095921.jpg,OK,12000,163384.0,0.3592649748671436,0.24397788572614637,0.0806315466761589,0.003248038236051798,0.003238379955291748,0.0034875094424933195,0.0036407005973160267,0.0036475062370300293,1.2816236960588867e-07,targets\train\20250305_095921_mask.png,targets\train\20250305_095921_cavity_depth.npy
train,20250305_095928.jpg,FAILED_GEOMETRY,12000,,,,,,,,,,,,
train,20250305_095934.jpg,FAILED_GEOMETRY,12000,,,,,,,,,,,,
train,20250305_095939.jpg,OK,11055,2686.0,0.8894302857246471,0.48939142081482356,0.007401007227599621,0.014771739952266216,0.015389546751976013,0.02387675642967224,0.024140935391187668,0.02420985698699951,1.1053723483200883e-06,targets\train\20250305_095939_mask.png,targets\train\20250305_095939_cavity_depth.npy
train,20250305_095946.jpg,FAILED_GEOMETRY,11274,,,,,,,,,,,,
train,20250305_100002.jpg,FAILED_GEOMETRY,12000,,,,,,,,,,,,
train,20250305_100015.jpg,OK,11999,93431.0,0.4188442783595948,0.21652971625795364,0.08131681382656097,0.007160751614719629,0.006663143634796143,0.011298567056655884,0.012403175234794617,0.012816518545150757,1.3058082913630642e-05,targets\train\20250305_100015_mask.png,targets\train\20250305_100015_cavity_depth.npy
train,20250305_100020.jpg,FAILED_GEOMETRY,11998,,,,,,,,,,,,
train,20250305_100027.jpg,OK,12000,105746.0,0.48429799890103775,0.21717091495963423,0.09666035324335098,0.004265184048563242,0.004059135913848877,0.005670994520187378,0.0066808052361011505,0.0071901679039001465,2.739093361014966e-06,targets\train\20250305_100027_mask.png,targets\train\20250305_100027_cavity_depth.npy
train,20250305_100053.jpg,FAILED_GEOMETRY,12000,,,,,,,,,,,,
train,20250305_100109.jpg,FAILED_GEOMETRY,12000,,,,,,,,,,,,
train,20250305_100120.jpg,FAILED_GEOMETRY,12000,,,,,,,,,,,,
train,20250305_100125.jpg,FAILED_GEOMETRY,12000,,,,,,,,,,,,
train,20250305_100138.jpg,FAILED_GEOMETRY,12000,,,,,,,,,,,,
train,20250305_100147.jpg,FAILED_GEOMETRY,12000,,,,,,,,,,,,
train,20250305_100408.jpg,FAILED_GEOMETRY,12000,,,,,,,,,,,,
train,20250305_100717.jpg,FAILED_GEOMETRY,12000,,,,,,,,,,,,
train,20250305_100728.jpg,OK,12000,54884.0,0.3378180456025802,0.15350444453372178,0.03527405858039856,0.003400298533961177,0.00331328809261322,0.00392647972330451,0.004342683125287294,0.004390090703964233,3.8642357935714244e-07,targets\train\20250305_100728_mask.png,targets\train\20250305_100728_cavity_depth.npy
train,20250305_100804.jpg,OK,12000,168918.0,0.6786278929717102,0.36300492754739416,0.2089306116104126,0.007497797254472971,0.0070302486419677734,0.01175777893513441,0.014110025018453598,0.016565322875976562,0.00020116136875003576,targets\train\20250305_100804_mask.png,targets\train\20250305_100804_cavity_depth.npy
train,20250305_100858.jpg,FAILED_GEOMETRY,12000,,,,,,,,,,,,
train,20250305_101458.jpg,OK,12000,96915.0,0.3761100056451644,0.32960025159729267,0.10149496793746948,0.007253923919051886,0.006753087043762207,0.011879002675414085,0.013458956964313984,0.014243662357330322,5.965261152596213e-05,targets\train\20250305_101458_mask.png,targets\train\20250305_101458_cavity_depth.npy
train,20250305_101534.jpg,FAILED_GEOMETRY,12000,,,,,,,,,,,,
train,20250305_101600.jpg,OK,12000,21003.0,0.28928676110892804,0.1643048104414523,0.028042159974575043,0.003937186673283577,0.003766655921936035,0.00493655214086175,0.005696752108633518,0.00611501932144165,7.488242772524245e-06,targets\train\20250305_101600_mask.png,targets\train\20250305_101600_cavity_depth.npy
train,20250305_101703.jpg,OK,12000,122733.0,0.48800777727366795,0.3331852209608013,0.12494909763336182,0.007131937425583601,0.006487980484962463,0.011535069905221462,0.013024620711803436,0.013786017894744873,3.935036511393264e-05,targets\train\20250305_101703_mask.png,targets\train\20250305_101703_cavity_depth.npy
train,20250305_101800.jpg,OK,12000,32875.0,0.27130685527876564,0.1367500773178864,0.030734999105334282,0.0044979313388466835,0.004233717918395996,0.006370246410369873,0.007875906303524971,0.00864797830581665,1.019223145704018e-05,targets\train\20250305_101800_mask.png,targets\train\20250305_101800_cavity_depth.npy
train,20250305_102058.jpg,OK,12000,38866.0,0.22116233142466635,0.18925199470337017,0.03717772662639618,0.004799228627234697,0.0049696266651153564,0.005920535419136286,0.0064759403467178345,0.0067476630210876465,2.887492655645474e-06,targets\train\20250305_102058_mask.png,targets\train\20250305_102058_cavity_depth.npy
train,20250305_102121.jpg,FAILED_GEOMETRY,12000,,,,,,,,,,,,
train,20250305_102128.jpg,FAILED_GEOMETRY,11880,,,,,,,,,,,,
train,20250305_102150.jpg,FAILED_GEOMETRY,12000,,,,,,,,,,,,
train,20250305_102237.jpg,OK,12000,127488.0,0.6909115429237456,0.5757380769654917,0.3370470702648163,0.00491004204377532,0.004700034856796265,0.006865262985229492,0.007824179716408253,0.00838559865951538,9.779197171155829e-06,targets\train\20250305_102237_mask.png,targets\train\20250305_102237_cavity_depth.npy
train,20250305_102338.jpg,OK,11942,30724.0,0.15616453550706694,0.061976725333508564,0.00816916674375534,0.004082823637872934,0.004020273685455322,0.005040377378463745,0.0056556519120931625,0.005997210741043091,1.6487960010636016e-06,targets\train\20250305_102338_mask.png,targets\train\20250305_102338_cavity_depth.npy
train,20250305_102346.jpg,OK,12000,70358.0,0.33105556571155736,0.22010412492595471,0.04355109483003616,0.009111552499234676,0.007760226726531982,0.01584169641137123,0.019328853115439415,0.022111505270004272,0.00012065550981787965,targets\train\20250305_102346_mask.png,targets\train\20250305_102346_cavity_depth.npy
train,20250305_102506.jpg,OK,11998,161745.0,0.8572956121038298,0.4764515605937919,0.33388298749923706,0.006628230679780245,0.005891352891921997,0.010823964141309261,0.012580856680870056,0.014091014862060547,0.00010570414451649413,targets\train\20250305_102506_mask.png,targets\train\20250305_102506_cavity_depth.npy
train,20250305_102814.jpg,FAILED_GEOMETRY,12000,,,,,,,,,,,,
train,20250305_102845.jpg,FAILED_GEOMETRY,12000,,,,,,,,,,,,
train,20250305_102923.jpg,OK,12000,55450.0,0.5684885678037251,0.1750463229797476,0.05018606781959534,0.005760930012911558,0.005084335803985596,0.010189205408096313,0.01159483939409256,0.015536487102508545,3.277196083217859e-05,targets\train\20250305_102923_mask.png,targets\train\20250305_102923_cavity_depth.npy
train,20250305_102933.jpg,FAILED_GEOMETRY,12000,,,,,,,,,,,,
train,20250305_103013.jpg,FAILED_GEOMETRY,12000,,,,,,,,,,,,
train,20250305_103046.jpg,OK,12000,109642.0,0.8871643471428006,0.33147188161617536,0.1956063061952591,0.00889857392758131,0.00807332992553711,0.014445662498474121,0.019092250615358353,0.01968979835510254,9.135053915088065e-06,targets\train\20250305_103046_mask.png,targets\train\20250305_103046_cavity_depth.npy
train,20250305_103310.jpg,OK,12000,146150.0,0.7032726057088947,0.3299468871840617,0.22241657972335815,0.005326096899807453,0.0050811767578125,0.0076177120208740234,0.008597048930823803,0.009065449237823486,5.093844720249763e-06,targets\train\20250305_103310_mask.png,targets\train\20250305_103310_cavity_depth.npy
train,20250305_103318.jpg,OK,12000,112788.0,0.6684915069362927,0.2320851431877231,0.13050416111946106,0.004339783452451229,0.0041114091873168945,0.005849063396453857,0.007229323964565992,0.007920384407043457,8.640205123811029e-06,targets\train\20250305_103318_mask.png,targets\train\20250305_103318_cavity_depth.npy
train,20250305_103335.jpg,OK,12000,168301.0,0.5269679286111408,0.3388647535478797,0.17143584787845612,0.0071791429072618484,0.0063574910163879395,0.012182187288999557,0.01513001974672079,0.017342031002044678,0.00012183970829937607,targets\train\20250305_103335_mask.png,targets\train\20250305_103335_cavity_depth.npy
train,20250305_103343.jpg,OK,12000,101757.0,1.32131852028791,0.22028035230683032,0.17340213060379028,0.005300548393279314,0.005122855305671692,0.00727056572213769,0.008176096715033054,0.008242636919021606,2.982747901114635e-06,targets\train\20250305_103343_mask.png,targets\train\20250305_103343_cavity_depth.npy
train,20250305_103403.jpg,FAILED_GEOMETRY,12000,,,,,,,,,,,,
train,20250305_103511.jpg,FAILED_GEOMETRY,12000,,,,,,,,,,,,
train,20250305_103552.jpg,OK,12000,151689.0,1.2513584184193318,0.47561363369954995,0.5041806101799011,0.004031699616461992,0.0039013028144836426,0.0051309107802808285,0.005870699882507324,0.006103456020355225,5.6514741118007805e-06,targets\train\20250305_103552_mask.png,targets\train\20250305_103552_cavity_depth.npy
train,20250305_103603.jpg,OK,12000,135150.0,1.7377435716146925,0.4100312316150306,0.51988685131073,0.004726114682853222,0.004611939191818237,0.006453156471252441,0.00734998844563961,0.007824063301086426,1.4637840649811551e-05,targets\train\20250305_103603_mask.png,targets\train\20250305_103603_cavity_depth.npy
train,20250305_103915.jpg,OK,12000,193011.0,1.1575243810583127,0.5375862455962591,0.5716618895530701,0.006200640462338924,0.006006419658660889,0.008853375911712646,0.010244038887321949,0.010972321033477783,4.300049477024004e-05,targets\train\20250305_103915_mask.png,targets\train\20250305_103915_cavity_depth.npy
train,20250305_103954.jpg,OK,12000,137557.0,0.44550641416974623,0.43452576679123567,0.1603967398405075,0.007234378717839718,0.006004214286804199,0.013236958533525467,0.016987131908535957,0.019179463386535645,0.0001176762452814728,targets\train\20250305_103954_mask.png,targets\train\20250305_103954_cavity_depth.npy
train,20250305_103958.jpg,FAILED_GEOMETRY,12000,,,,,,,,,,,,
train,20250305_104025.jpg,OK,12000,95049.0,0.5778747696035617,0.35536116446964394,0.16810627281665802,0.003179924562573433,0.0031478703022003174,0.0033916831016540527,0.0035014718305319548,0.003562331199645996,1.8646537114364037e-07,targets\train\20250305_104025_mask.png,targets\train\20250305_104025_cavity_depth.npy
train,20250305_104035.jpg,OK,12000,109404.0,0.4775211924737569,0.4162807250340876,0.1586843878030777,0.004012276418507099,0.0037990808486938477,0.0050203921273350716,0.007601034827530384,0.008278727531433105,8.483008969051298e-06,targets\train\20250305_104035_mask.png,targets\train\20250305_104035_cavity_depth.npy
train,20250305_104042.jpg,OK,12000,122849.0,0.454005897441593,0.4159236953998192,0.1829834282398224,0.0038456625770777464,0.0036632418632507324,0.004847407341003418,0.005396455526351929,0.005568087100982666,2.0607915303116897e-06,targets\train\20250305_104042_mask.png,targets\train\20250305_104042_cavity_depth.npy
train,20250305_110155.jpg,OK,10408,135206.0,1.2788325215208793,0.9706933291099902,0.9726118445396423,0.00579457264393568,0.005482912063598633,0.008793364278972149,0.011513611301779747,0.012633085250854492,1.7610513168619946e-05,targets\train\20250305_110155_mask.png,targets\train\20250305_110155_cavity_depth.npy
train,20250305_110328.jpg,OK,11985,156580.0,1.081905325103408,0.8443908941785466,0.7802379727363586,0.010893216356635094,0.010665059089660645,0.0175300482660532,0.02298866957426071,0.02652871608734131,0.001689788419753313,targets\train\20250305_110328_mask.png,targets\train\20250305_110328_cavity_depth.npy
train,20250305_110401.jpg,FAILED_GEOMETRY,10762,,,,,,,,,,,,
train,20250305_110443.jpg,OK,9220,104270.0,1.3122109149384196,0.8740893868521376,0.6447144746780396,0.007989074103534222,0.00701594352722168,0.01287991926074028,0.022341076284646988,0.024231791496276855,0.00012696109479293227,targets\train\20250305_110443_mask.png,targets\train\20250305_110443_cavity_depth.npy
train,20250305_110516.jpg,OK,10291,175962.0,0.9187021219923939,0.575724912933211,0.5171000361442566,0.023206740617752075,0.021728038787841797,0.04462607949972153,0.05273729935288429,0.06257516145706177,0.0005173740210011601,targets\train\20250305_110516_mask.png,targets\train\20250305_110516_cavity_depth.npy
train,20250305_110543.jpg,OK,12000,104619.0,0.4768770351276052,0.18662877018910629,0.08586481213569641,0.0049656149931252,0.004933446645736694,0.006717731710523367,0.007482372689992189,0.008156418800354004,2.111291905748658e-05,targets\train\20250305_110543_mask.png,targets\train\20250305_110543_cavity_depth.npy
train,20250305_110746.jpg,FAILED_GEOMETRY,12000,,,,,,,,,,,,
train,20250305_110800.jpg,OK,12000,61530.0,0.29198692691462225,0.2535818355438431,0.06540102511644363,0.004241415299475193,0.004063665866851807,0.00556942168623209,0.006448165979236364,0.006998300552368164,1.5863102817093022e-05,targets\train\20250305_110800_mask.png,targets\train\20250305_110800_cavity_depth.npy
train,20250305_110857.jpg,OK,12000,100968.0,0.3123589841992081,0.2914366077261561,0.08786770701408386,0.008024042472243309,0.007569432258605957,0.013841282576322556,0.015819301828742027,0.016637086868286133,6.666011177003384e-05,targets\train\20250305_110857_mask.png,targets\train\20250305_110857_cavity_depth.npy
train,20250305_110948.jpg,FAILED_GEOMETRY,12000,,,,,,,,,,,,
train,20250305_111006.jpg,OK,12000,31110.0,0.22707270887049194,0.14506793905367427,0.027647806331515312,0.0045702713541686535,0.0044554173946380615,0.006073039956390858,0.006880993489176035,0.007199466228485107,5.087866156827658e-06,targets\train\20250305_111006_mask.png,targets\train\20250305_111006_cavity_depth.npy
train,20250305_111046.jpg,FAILED_GEOMETRY,12000,,,,,,,,,,,,
train,20250305_111454.jpg,OK,12000,69299.0,0.29847480463517106,0.1597131076025941,0.043515466153621674,0.0034254081547260284,0.0033185333013534546,0.003909665159881115,0.004470873158425093,0.004576265811920166,2.5537116243867786e-07,targets\train\20250305_111454_mask.png,targets\train\20250305_111454_cavity_depth.npy
train,20250305_111554.jpg,OK,12000,45733.0,0.16168146508116443,0.16191880608167325,0.016683440655469894,0.0033316761255264282,0.0032692551612854004,0.003693714737892151,0.003931684885174036,0.004421591758728027,9.124885309574893e-07,targets\train\20250305_111554_mask.png,targets\train\20250305_111554_cavity_depth.npy
train,20250305_111558.jpg,FAILED_GEOMETRY,12000,,,,,,,,,,,,
train,20250305_111602.jpg,OK,11733,18564.0,0.0812992630585268,0.052026728157003925,0.0038305881898850203,0.007212900556623936,0.006521075963973999,0.011282116174697876,0.014746390283107758,0.015498250722885132,2.6270652597304434e-05,targets\train\20250305_111602_mask.png,targets\train\20250305_111602_cavity_depth.npy
train,20250305_111604.jpg,OK,11669,19102.0,0.07506769210976319,0.05878925201879574,0.00402369350194931,0.007667810656130314,0.006767332553863525,0.013251692056655884,0.015153109095990658,0.01575365662574768,2.0022822354803793e-05,targets\train\20250305_111604_mask.png,targets\train\20250305_111604_cavity_depth.npy
train,20250305_111615.jpg,OK,12000,32499.0,0.12187030798494668,0.09956174231245746,0.010373473167419434,0.003260223660618067,0.003213167190551758,0.0035570382606238127,0.0038516356144100428,0.003943741321563721,5.549392199100112e-07,targets\train\20250305_111615_mask.png,targets\train\20250305_111615_cavity_depth.npy
train,20250305_111636.jpg,OK,12000,101221.0,0.8017270486351715,0.53435389822942,0.2613694965839386,0.0035636790562421083,0.0037484169006347656,0.004013276193290949,0.0047491262666881084,0.004774689674377441,1.3971952057545423e-06,targets\train\20250305_111636_mask.png,targets\train\20250305_111636_cavity_depth.npy
train,20250305_112128.jpg,FAILED_GEOMETRY,12000,,,,,,,,,,,,
train,20250305_112207.jpg,FAILED_GEOMETRY,12000,,,,,,,,,,,,
train,20250305_112253.jpg,OK,12000,27320.0,0.13974958498276485,0.15573500940529467,0.01457675825804472,0.004091622307896614,0.004060342907905579,0.004907977767288685,0.005642588250339031,0.006116658449172974,6.2839458223606925e-06,targets\train\20250305_112253_mask.png,targets\train\20250305_112253_cavity_depth.npy
train,20250305_112325.jpg,OK,12000,53998.0,0.3394510325367121,0.13295497403598716,0.04169021546840668,0.005787385627627373,0.005438387393951416,0.008820616640150547,0.010193821974098682,0.010635167360305786,6.569363904418424e-06,targets\train\20250305_112325_mask.png,targets\train\20250305_112325_cavity_depth.npy
train,20250305_113235.jpg,FAILED_GEOMETRY,12000,,,,,,,,,,,,
train,20250305_113238.jpg,FAILED_GEOMETRY,12000,,,,,,,,,,,,
train,20250305_113241.jpg,OK,12000,66521.0,0.18736669474152887,0.1482423755635959,0.024655781686306,0.003171023214235902,0.003138512372970581,0.0033499659039080143,0.0035016299225389957,0.0035238564014434814,8.476111190702795e-08,targets\train\20250305_113241_mask.png,targets\train\20250305_113241_cavity_depth.npy
train,20250305_113255.jpg,OK,12000,82117.0,0.6741115894683869,0.24830478954999932,0.15903767943382263,0.003991216886788607,0.0038498640060424805,0.005058204755187035,0.00568957906216383,0.005760908126831055,9.163571803583181e-07,targets\train\20250305_113255_mask.png,targets\train\20250305_113255_cavity_depth.npy
train,20250305_113505.jpg,FAILED_GEOMETRY,12000,,,,,,,,,,,,
train,20250305_113513.jpg,OK,12000,18299.0,0.36838953682570647,0.1507954304515794,0.042190320789813995,0.004240678157657385,0.004028379917144775,0.0057669878005981445,0.0065786028280854225,0.007030129432678223,4.1759108171390835e-06,targets\train\20250305_113513_mask.png,targets\train\20250305_113513_cavity_depth.npy
train,20250305_113609.jpg,FAILED_GEOMETRY,12000,,,,,,,,,,,,
train,20250305_113619.jpg,OK,12000,23353.0,0.327540359847441,0.11530536701234531,0.02539754845201969,0.004416657146066427,0.0043513476848602295,0.005691021680831909,0.006318286061286926,0.0065059661865234375,7.647124107279524e-07,targets\train\20250305_113619_mask.png,targets\train\20250305_113619_cavity_depth.npy
train,20250305_113640.jpg,OK,12000,55998.0,0.14116721918425146,0.11339279475953734,0.014191215857863426,0.0035396250896155834,0.003481164574623108,0.004075148608535528,0.004305252339690924,0.004355400800704956,3.571512365851959e-07,targets\train\20250305_113640_mask.png,targets\train\20250305_113640_cavity_depth.npy
train,20250305_113647.jpg,FAILED_GEOMETRY,12000,,,,,,,,,,,,
train,20250305_113702.jpg,FAILED_GEOMETRY,12000,,,,,,,,,,,,
train,20250305_113748.jpg,FAILED_GEOMETRY,12000,,,,,,,,,,,,
train,20250305_114119.jpg,OK,12000,92184.0,0.5825599448779,0.28133379491070754,0.11333402991294861,0.009036891162395477,0.009562432765960693,0.012794852256774902,0.013702988624572754,0.014186620712280273,2.239680543425493e-05,targets\train\20250305_114119_mask.png,targets\train\20250305_114119_cavity_depth.npy
train,20250305_114516.jpg,OK,12000,121745.0,0.7312020023794936,0.3871294059368442,0.25267088413238525,0.005071436520665884,0.004820883274078369,0.007458197418600321,0.008342715911567211,0.008646488189697266,8.249642633018084e-06,targets\train\20250305_114516_mask.png,targets\train\20250305_114516_cavity_depth.npy
train,20250305_114525.jpg,OK,12000,153925.0,0.5054698944085259,0.28971041273054854,0.13274641335010529,0.00872692372649908,0.008936077356338501,0.012461960315704346,0.0139656662940979,0.014847934246063232,7.820258906576782e-05,targets\train\20250305_114525_mask.png,targets\train\20250305_114525_cavity_depth.npy
train,20250305_114530.jpg,FAILED_GEOMETRY,12000,,,,,,,,,,,,
train,20250305_114536.jpg,FAILED_GEOMETRY,12000,,,,,,,,,,,,
train,20250305_114551.jpg,FAILED_GEOMETRY,12000,,,,,,,,,,,,
train,20250305_114604.jpg,FAILED_GEOMETRY,12000,,,,,,,,,,,,
train,20250305_114701.jpg,FAILED_GEOMETRY,12000,,,,,,,,,,,,
train,20250305_114711.jpg,FAILED_GEOMETRY,12000,,,,,,,,,,,,
train,20250305_114841.jpg,OK,12000,109443.0,0.3150398021192886,0.2515494729813479,0.07827653735876083,0.004599160980433226,0.004543498158454895,0.005847611930221319,0.006904318928718567,0.007732510566711426,1.4139997801976278e-05,targets\train\20250305_114841_mask.png,targets\train\20250305_114841_cavity_depth.npy
train,20250305_115523.jpg,OK,11996,70292.0,0.6947552788968914,0.17422592948219234,0.11289341747760773,0.008911379612982273,0.008992791175842285,0.013432108797132969,0.015455368906259537,0.016717076301574707,1.9780705770244822e-05,targets\train\20250305_115523_mask.png,targets\train\20250305_115523_cavity_depth.npy
train,20250305_121222.jpg,OK,11888,171110.0,1.592182316310372,1.2360243442005818,1.4733482599258423,0.007635734509676695,0.0071097612380981445,0.012354516424238682,0.015997160226106644,0.02042388916015625,0.0007190867327153683,targets\train\20250305_121222_mask.png,targets\train\20250305_121222_cavity_depth.npy
train,20250305_121258.jpg,OK,11662,83913.0,0.765557308235677,0.36539556534141815,0.1927032768726349,0.009488889947533607,0.008832573890686035,0.016774846240878105,0.0198567695915699,0.02235645055770874,0.00019476539455354214,targets\train\20250305_121258_mask.png,targets\train\20250305_121258_cavity_depth.npy
train,20250305_121411.jpg,FAILED_GEOMETRY,11896,,,,,,,,,,,,
train,20250305_121446.jpg,FAILED_GEOMETRY,12000,,,,,,,,,,,,
train,20250305_121454.jpg,FAILED_GEOMETRY,12000,,,,,,,,,,,,
train,20250305_121500.jpg,FAILED_GEOMETRY,12000,,,,,,,,,,,,
train,20250305_121509.jpg,OK,7633,67149.0,1.1639483593224667,0.6319675989266281,0.45555537939071655,0.01117247249931097,0.01067042350769043,0.018334675580263138,0.02236364409327507,0.023385047912597656,0.00010495982132852077,targets\train\20250305_121509_mask.png,targets\train\20250305_121509_cavity_depth.npy
train,20250305_121553.jpg,FAILED_GEOMETRY,12000,,,,,,,,,,,,
train,20250305_121628.jpg,OK,11996,140904.0,1.0537256304066684,0.9432989036423025,0.8280667066574097,0.007020609453320503,0.006033062934875488,0.012211441993713379,0.015295267105102539,0.01617896556854248,9.611839050194249e-05,targets\train\20250305_121628_mask.png,targets\train\20250305_121628_cavity_depth.npy
train,20250305_122054.jpg,OK,11920,105304.0,0.7909886877123409,0.6031109600478497,0.3796050250530243,0.00929227378219366,0.008659601211547852,0.015297334641218185,0.01930481567978859,0.020536303520202637,0.00043278452358208597,targets\train\20250305_122054_mask.png,targets\train\20250305_122054_cavity_depth.npy
train,20250305_122119.jpg,OK,11840,82665.0,1.169054585771134,0.5841051250765821,0.487107515335083,0.007620582357048988,0.006993889808654785,0.012943565845489502,0.016698528081178665,0.01876378059387207,0.00013099564239382744,targets\train\20250305_122119_mask.png,targets\train\20250305_122119_cavity_depth.npy
train,20250305_123515.jpg,FAILED_GEOMETRY,12000,,,,,,,,,,,,
train,20250305_123631.jpg,OK,11531,144819.0,1.0542148542989853,0.9663929917782559,0.9379925727844238,0.005943971686065197,0.005091309547424316,0.010132431983947754,0.012209242209792137,0.013029336929321289,9.686214980320074e-06,targets\train\20250305_123631_mask.png,targets\train\20250305_123631_cavity_depth.npy
train,20250305_123648.jpg,FAILED_GEOMETRY,12000,,,,,,,,,,,,
train,20250305_123831.jpg,OK,12000,130530.0,0.7660869769434815,0.34392870500847206,0.2420119047164917,0.006446631159633398,0.0062863826751708984,0.009450751356780529,0.010894183069467545,0.01203608512878418,2.9636043109348975e-05,targets\train\20250305_123831_mask.png,targets\train\20250305_123831_cavity_depth.npy
train,20250305_123857.jpg,OK,12000,118984.0,0.49306797536088703,0.37119665596800855,0.18414783477783203,0.0031803171150386333,0.0031464099884033203,0.003353416919708252,0.003505781991407275,0.0035248994827270508,6.410905228904085e-08,targets\train\20250305_123857_mask.png,targets\train\20250305_123857_cavity_depth.npy
train,20250305_123923.jpg,OK,12000,116625.0,0.6111932155824409,0.36731361199732526,0.2228834331035614,0.00534771429374814,0.005260437726974487,0.00755725521594286,0.008247262798249722,0.008825540542602539,3.941564500564709e-06,targets\train\20250305_123923_mask.png,targets\train\20250305_123923_cavity_depth.npy
train,20250305_123934.jpg,FAILED_GEOMETRY,12000,,,,,,,,,,,,
train,20250305_124140.jpg,OK,12000,109091.0,0.3717145016955257,0.2945918963869628,0.10701443254947662,0.004652717150747776,0.004543781280517578,0.00610460015013814,0.007177330553531647,0.007957279682159424,2.493197280273307e-05,targets\train\20250305_124140_mask.png,targets\train\20250305_124140_cavity_depth.npy
train,20250305_124219.jpg,OK,12000,124517.0,0.4092298360876247,0.26912040099318,0.11529199033975601,0.0031753331422805786,0.0031208693981170654,0.0034128904808312654,0.003545129904523492,0.003577589988708496,8.708117604783183e-08,targets\train\20250305_124219_mask.png,targets\train\20250305_124219_cavity_depth.npy
train,20250305_124234.jpg,OK,12000,112498.0,0.32175870592610145,0.30919958749596155,0.1035565435886383,0.00342538021504879,0.003352224826812744,0.0038338780868798494,0.0039940462447702885,0.003994107246398926,9.27020096241904e-08,targets\train\20250305_124234_mask.png,targets\train\20250305_124234_cavity_depth.npy
train,20250305_124240.jpg,FAILED_GEOMETRY,12000,,,,,,,,,,,,
train,20250305_124252.jpg,OK,12000,114502.0,0.3361306117686831,0.3170850523726997,0.11174800246953964,0.003145821625366807,0.0031107068061828613,0.00330960750579834,0.0034453989937901497,0.003474116325378418,9.20722413866315e-08,targets\train\20250305_124252_mask.png,targets\train\20250305_124252_cavity_depth.npy
train,20250305_124258.jpg,OK,12000,132449.0,0.4212343043418402,0.33646559110583496,0.14266180992126465,0.004360721446573734,0.004298985004425049,0.005461692810058594,0.006432800088077784,0.007212936878204346,1.0800244126585312e-05,targets\train\20250305_124258_mask.png,targets\train\20250305_124258_cavity_depth.npy
train,20250305_124302.jpg,FAILED_GEOMETRY,12000,,,,,,,,,,,,
train,20250305_124307.jpg,OK,12000,140097.0,0.5953992897894547,0.36626051814700106,0.21854612231254578,0.004083079751580954,0.003968954086303711,0.005067396443337202,0.006638133432716131,0.007370412349700928,1.7832415323937312e-05,targets\train\20250305_124307_mask.png,targets\train\20250305_124307_cavity_depth.npy
train,20250305_124318.jpg,OK,12000,161296.0,0.6269325858114253,0.4250909905743407,0.21886590123176575,0.00481368787586689,0.004520833492279053,0.006916224956512451,0.008660129271447659,0.009352266788482666,1.193985553982202e-05,targets\train\20250305_124318_mask.png,targets\train\20250305_124318_cavity_depth.npy
train,20250305_124408.jpg,FAILED_GEOMETRY,12000,,,,,,,,,,,,
train,20250305_124504.jpg,OK,12000,106169.0,0.44269747734042836,0.3009845787409705,0.13555333018302917,0.0056944373063743114,0.005545139312744141,0.008047312498092651,0.010736823081970215,0.011464238166809082,5.0627404561964795e-05,targets\train\20250305_124504_mask.png,targets\train\20250305_124504_cavity_depth.npy
train,20250305_124559.jpg,OK,12000,127029.0,0.5385115043361989,0.4648711306446105,0.23720844089984894,0.006290488410741091,0.0059555768966674805,0.009893810376524925,0.011509771458804607,0.012563228607177734,5.527462053578347e-05,targets\train\20250305_124559_mask.png,targets\train\20250305_124559_cavity_depth.npy
train,20250305_124603.jpg,OK,12000,109684.0,0.4571654203707287,0.37685467443315745,0.171843022108078,0.006536121014505625,0.005372822284698486,0.012011915445327759,0.01587667129933834,0.01678299903869629,2.0932293409714475e-05,targets\train\20250305_124603_mask.png,targets\train\20250305_124603_cavity_depth.npy
train,20250305_124605.jpg,OK,12000,75177.0,0.34632525526444446,0.2983650861533481,0.10304263234138489,0.003790935967117548,0.0037554502487182617,0.004492687992751598,0.0049233208410441875,0.005272805690765381,4.262523816578323e-06,targets\train\20250305_124605_mask.png,targets\train\20250305_124605_cavity_depth.npy
train,20250305_124613.jpg,FAILED_GEOMETRY,12000,,,,,,,,,,,,
train,20250305_124623.jpg,OK,11990,166176.0,1.0328109494882225,0.598718528152151,0.5087693929672241,0.0046190181747078896,0.004553735256195068,0.006030607037246227,0.007145782001316547,0.007794678211212158,1.365509979223134e-05,targets\train\20250305_124623_mask.png,targets\train\20250305_124623_cavity_depth.npy
train,20250305_124642.jpg,FAILED_GEOMETRY,12000,,,,,,,,,,,,
train,20250305_124659.jpg,OK,12000,152463.0,0.5481955615968553,0.505847096985587,0.2809026837348938,0.004138093441724777,0.003849208354949951,0.005580299999564886,0.006469405256211758,0.006857872009277344,7.484713933081366e-07,targets\train\20250305_124659_mask.png,targets\train\20250305_124659_cavity_depth.npy
train,20250305_124703.jpg,OK,12000,151887.0,0.49237960835458616,0.46432303911855366,0.22797644138336182,0.004525919444859028,0.004369258880615234,0.006039536092430353,0.007017133757472038,0.007692277431488037,2.2544383682543412e-05,targets\train\20250305_124703_mask.png,targets\train\20250305_124703_cavity_depth.npy
train,20250305_124711.jpg,OK,12000,84840.0,0.7508154819281925,0.23081104507261138,0.1289759874343872,0.003623324679210782,0.003500223159790039,0.004344814922660589,0.004777076188474894,0.004830002784729004,5.062507852926501e-07,targets\train\20250305_124711_mask.png,targets\train\20250305_124711_cavity_depth.npy
train,20250305_124722.jpg,OK,12000,80393.0,0.311944890452741,0.2290262703961069,0.06531794369220734,0.0038238288834691048,0.0038434267044067383,0.004412019159644842,0.004563418682664633,0.004594981670379639,1.5889375504229974e-07,targets\train\20250305_124722_mask.png,targets\train\20250305_124722_cavity_depth.npy
train,20250305_124726.jpg,FAILED_GEOMETRY,12000,,,,,,,,,,,,
train,20250305_124803.jpg,FAILED_GEOMETRY,12000,,,,,,,,,,,,
train,20250305_124810.jpg,FAILED_GEOMETRY,12000,,,,,,,,,,,,
train,20250305_124818.jpg,OK,12000,142840.0,0.6304754926486438,0.5968064750243596,0.3555540442466736,0.004397984128445387,0.004055619239807129,0.0060208081267774105,0.007036308292299509,0.007308542728424072,2.469524361004005e-06,targets\train\20250305_124818_mask.png,targets\train\20250305_124818_cavity_depth.npy
train,20250305_124822.jpg,OK,12000,71095.0,0.9696625166532418,0.32927684140417035,0.27364736795425415,0.00919424556195736,0.008623301982879639,0.014748930931091309,0.01864183135330677,0.02125418186187744,8.384542888961732e-05,targets\train\20250305_124822_mask.png,targets\train\20250305_124822_cavity_depth.npy
train,20250305_124838.jpg,FAILED_GEOMETRY,12000,,,,,,,,,,,,
train,20250305_124840.jpg,OK,12000,108013.0,0.47663754194929353,0.2820271823464248,0.13614477217197418,0.0032439481001347303,0.003237485885620117,0.0035148561000823975,0.0035310417879372835,0.003531336784362793,3.9974899834760436e-08,targets\train\20250305_124840_mask.png,targets\train\20250305_124840_cavity_depth.npy
train,20250305_124847.jpg,OK,12000,26964.0,0.22036019831658432,0.09370175181189612,0.01884990744292736,0.0033430964685976505,0.003300786018371582,0.003674945095553994,0.0038926799315959215,0.003961622714996338,2.0729709149236442e-07,targets\train\20250305_124847_mask.png,targets\train\20250305_124847_cavity_depth.npy
train,20250305_124908.jpg,FAILED_GEOMETRY,12000,,,,,,,,,,,,
train,20250305_124909.jpg,OK,12000,103376.0,0.5373278402821375,0.3157041541390736,0.17153628170490265,0.0036641843616962433,0.0036430954933166504,0.0041953325271606445,0.004371911287307739,0.004429817199707031,3.7877961744925415e-07,targets\train\20250305_124909_mask.png,targets\train\20250305_124909_cavity_depth.npy
train,20250305_124917.jpg,OK,11902,114708.0,1.3908107211568015,0.7946280207717857,0.7074489593505859,0.0086418641731143,0.007788896560668945,0.014683246612548828,0.019635600969195366,0.021952271461486816,0.0003497133147902787,targets\train\20250305_124917_mask.png,targets\train\20250305_124917_cavity_depth.npy
train,20250305_124929.jpg,FAILED_GEOMETRY,12000,,,,,,,,,,,,
train,20250305_124933.jpg,OK,12000,171459.0,0.7931541358364254,0.5564489738840905,0.4341607689857483,0.0050188577733933926,0.00509333610534668,0.0066009522415697575,0.007423694245517254,0.00788867473602295,3.5594632663560333e-06,targets\train\20250305_124933_mask.png,targets\train\20250305_124933_cavity_depth.npy
train,20250305_124935.jpg,FAILED_GEOMETRY,10127,,,,,,,,,,,,
train,20250305_124944.jpg,OK,12000,74795.0,0.41311254117418894,0.2634843176236764,0.10474660992622375,0.0032061338424682617,0.0031978189945220947,0.0033615529537200928,0.003452030476182699,0.0034626126289367676,5.115940737709934e-08,targets\train\20250305_124944_mask.png,targets\train\20250305_124944_cavity_depth.npy
train,20250305_125111.jpg,OK,12000,157362.0,0.9515472168519076,0.6510256373469164,0.539993405342102,0.00500074727460742,0.004533916711807251,0.007631355430930853,0.009542887099087238,0.01015084981918335,3.214522803318687e-05,targets\train\20250305_125111_mask.png,targets\train\20250305_125111_cavity_depth.npy
train,20250305_125116.jpg,FAILED_GEOMETRY,12000,,,,,,,,,,,,
train,20250305_125126.jpg,FAILED_GEOMETRY,12000,,,,,,,,,,,,
train,20250305_125139.jpg,OK,12000,100291.0,0.6382331620490819,0.3640815348522536,0.20695015788078308,0.00813455879688263,0.007921308279037476,0.012418091297149658,0.014699873514473438,0.01593691110610962,6.672860763501376e-05,targets\train\20250305_125139_mask.png,targets\train\20250305_125139_cavity_depth.npy
train,20250305_125158.jpg,OK,12000,79979.0,0.3904885765658237,0.19338980101411812,0.07654412090778351,0.007082256954163313,0.006549149751663208,0.011134922504425049,0.01579289138317108,0.017413556575775146,5.944158328929916e-05,targets\train\20250305_125158_mask.png,targets\train\20250305_125158_cavity_depth.npy
train,20250305_125219.jpg,OK,12000,100073.0,0.4925602693048361,0.4330121221507577,0.19688093662261963,0.00577884167432785,0.00537756085395813,0.00895458459854126,0.010542730800807476,0.01135408878326416,2.2011681721778587e-05,targets\train\20250305_125219_mask.png,targets\train\20250305_125219_cavity_depth.npy
train,20250305_125242.jpg,OK,12000,152083.0,0.5159436985425543,0.2890139868802028,0.13276655972003937,0.005903002340346575,0.005705296993255615,0.008867419324815273,0.011137468740344048,0.012638211250305176,9.741151006892323e-05,targets\train\20250305_125242_mask.png,targets\train\20250305_125242_cavity_depth.npy
train,20250305_125247.jpg,OK,12000,65180.0,0.3850210541267294,0.14984258631313693,0.05083414912223816,0.0032700994051992893,0.0032137632369995117,0.0035816729068756104,0.003778633428737521,0.003796517848968506,2.1113754655743833e-07,targets\train\20250305_125247_mask.png,targets\train\20250305_125247_cavity_depth.npy
train,20250305_125419.jpg,OK,12000,108098.0,0.6732022615519535,0.39322916188080437,0.2556549310684204,0.003980306442826986,0.0037857890129089355,0.005096018314361572,0.006313055753707886,0.007015526294708252,8.40688790049171e-06,targets\train\20250305_125419_mask.png,targets\train\20250305_125419_cavity_depth.npy
train,20250305_125426.jpg,FAILED_GEOMETRY,12000,,,,,,,,,,,,
train,20250305_125548.jpg,OK,11953,177588.0,0.7575586167046051,0.6075749074054781,0.3660010099411011,0.010081433691084385,0.01027899980545044,0.015531468205153942,0.018281880766153336,0.023039579391479492,0.0006097770528867841,targets\train\20250305_125548_mask.png,targets\train\20250305_125548_cavity_depth.npy
train,20250305_125611.jpg,FAILED_GEOMETRY,12000,,,,,,,,,,,,
train,20250305_125639.jpg,FAILED_GEOMETRY,12000,,,,,,,,,,,,
train,20250305_125749.jpg,OK,11782,59675.0,0.15001376148242856,0.09324669881707677,0.01272675208747387,0.008289790712296963,0.008081048727035522,0.013453150168061256,0.015423835255205631,0.017571181058883667,6.693399336654693e-05,targets\train\20250305_125749_mask.png,targets\train\20250305_125749_cavity_depth.npy
train,20250305_125803.jpg,FAILED_GEOMETRY,1170,,,,,,,,,,,,
train,20250305_125823.jpg,OK,12000,88157.0,0.23352395360637818,0.1397014765972701,0.02055215649306774,0.003983135800808668,0.0036475062370300293,0.0054055689834058285,0.007567695342004299,0.008201122283935547,4.849043762078509e-06,targets\train\20250305_125823_mask.png,targets\train\20250305_125823_cavity_depth.npy
train,20250305_125901.jpg,OK,12000,95264.0,0.2103430898481128,0.13554021281118708,0.02808286063373089,0.0036923345178365707,0.0035516023635864258,0.0045209587551653385,0.005147056188434362,0.005341023206710815,1.5750458715046989e-06,targets\train\20250305_125901_mask.png,targets\train\20250305_125901_cavity_depth.npy
train,20250305_130544.jpg,OK,12000,112066.0,0.47950091695213387,0.37871772977734164,0.17802435159683228,0.004379287362098694,0.0038316845893859863,0.006749712862074375,0.007492921780794859,0.007689774036407471,2.093872808472952e-06,targets\train\20250305_130544_mask.png,targets\train\20250305_130544_cavity_depth.npy
train,20250305_131511.jpg,OK,11936,121728.0,0.9914509211084992,0.4817523629609515,0.4552382230758667,0.005093793384730816,0.004684388637542725,0.007698416709899902,0.009243852458894253,0.010270953178405762,5.117355613037944e-05,targets\train\20250305_131511_mask.png,targets\train\20250305_131511_cavity_depth.npy
train,20250305_131532.jpg,OK,12000,87315.0,0.4421004423493202,0.3546564897813654,0.14682891964912415,0.004210080485790968,0.003983676433563232,0.005640554241836071,0.006610635668039322,0.007165074348449707,2.895314764828072e-06,targets\train\20250305_131532_mask.png,targets\train\20250305_131532_cavity_depth.npy
train,20250305_131541.jpg,FAILED_GEOMETRY,12000,,,,,,,,,,,,
train,20250305_131547.jpg,OK,12000,121358.0,0.5331119856764708,0.3292889543842979,0.1654270738363266,0.005622586701065302,0.005631864070892334,0.007706820964813232,0.008717157877981663,0.009628713130950928,1.963276372407563e-05,targets\train\20250305_131547_mask.png,targets\train\20250305_131547_cavity_depth.npy
train,20250305_131640.jpg,OK,10267,115882.0,1.3965882654492716,1.2126118754095476,0.9539861679077148,0.009163412265479565,0.008961796760559082,0.013943838886916637,0.020312367007136345,0.022661447525024414,0.00016767263878136873,targets\train\20250305_131640_mask.png,targets\train\20250305_131640_cavity_depth.npy
train,20250305_131704.jpg,OK,9987,127308.0,1.0045759450043594,0.6655905108009419,0.6078131198883057,0.008544186130166054,0.006886541843414307,0.016509568318724632,0.021802982315421104,0.025268912315368652,0.00030984843033365905,targets\train\20250305_131704_mask.png,targets\train\20250305_131704_cavity_depth.npy
train,20250305_131720.jpg,OK,10937,89645.0,1.525824891575247,1.1571666441472024,0.880243182182312,0.008881296962499619,0.007983505725860596,0.015279864892363548,0.022809648886322975,0.026335954666137695,0.00022399189765565097,targets\train\20250305_131720_mask.png,targets\train\20250305_131720_cavity_depth.npy
train,20250305_131734.jpg,OK,12000,119333.0,0.5711738254445615,0.41326360719741184,0.217705637216568,0.006208095699548721,0.005939304828643799,0.009157382883131504,0.011028925888240337,0.012532532215118408,3.561240009730682e-05,targets\train\20250305_131734_mask.png,targets\train\20250305_131734_cavity_depth.npy
train,20250305_131756.jpg,FAILED_GEOMETRY,10846,,,,,,,,,,,,
train,20250305_131813.jpg,FAILED_GEOMETRY,12000,,,,,,,,,,,,
train,20250305_131902.jpg,FAILED_GEOMETRY,12000,,,,,,,,,,,,
train,20250305_132143.jpg,OK,12000,121028.0,0.6182047402850168,0.47680648396886915,0.2897161841392517,0.006340475752949715,0.005964189767837524,0.009362410753965378,0.011825338937342167,0.013280868530273438,6.968525121919811e-05,targets\train\20250305_132143_mask.png,targets\train\20250305_132143_cavity_depth.npy
train,20250305_132157.jpg,OK,12000,100107.0,0.5538970987002144,0.17925548167142846,0.10319525003433228,0.011150700971484184,0.011125683784484863,0.018031537532806396,0.02063050866127014,0.02367532253265381,0.00023436930496245623,targets\train\20250305_132157_mask.png,targets\train\20250305_132157_cavity_depth.npy
train,20250305_132207.jpg,OK,12000,93373.0,0.3889543319098934,0.3209717361491339,0.11398573219776154,0.0049109067767858505,0.004785299301147461,0.0066699739545583725,0.0078187370672822,0.008462607860565186,1.154847996076569e-05,targets\train\20250305_132207_mask.png,targets\train\20250305_132207_cavity_depth.npy
train,20250305_132212.jpg,FAILED_GEOMETRY,12000,,,,,,,,,,,,
train,20250305_132216.jpg,OK,11994,157844.0,0.6819840105262984,0.3498302237310852,0.22020576894283295,0.004758134018629789,0.004428684711456299,0.006944727618247271,0.008680452592670918,0.009839117527008057,1.750690171320457e-05,targets\train\20250305_132216_mask.png,targets\train\20250305_132216_cavity_depth.npy
train,20250305_132248.jpg,OK,11994,132467.0,0.7223471494984361,0.5917258657454785,0.4079858958721161,0.004478301387280226,0.004289776086807251,0.006017893552780151,0.007907128892838955,0.008781969547271729,1.1429577170929406e-05,targets\train\20250305_132248_mask.png,targets\train\20250305_132248_cavity_depth.npy
train,20250305_132257.jpg,OK,12000,140686.0,0.8949116034114664,0.6156164403220632,0.48346900939941406,0.009756886400282383,0.00967872142791748,0.014672815799713135,0.017031202092766762,0.01948624849319458,0.0005057098460383713,targets\train\20250305_132257_mask.png,targets\train\20250305_132257_cavity_depth.npy
train,20250305_132340.jpg,OK,11999,144207.0,0.7738682745336187,0.5224847714130993,0.4048251509666443,0.005762213841080666,0.005367189645767212,0.00868728756904602,0.010992094874382019,0.013284385204315186,0.00011787150288000703,targets\train\20250305_132340_mask.png,targets\train\20250305_132340_cavity_depth.npy
train,20250305_132405.jpg,OK,12000,71100.0,0.2515558124208251,0.23132814861443338,0.05546218156814575,0.003080695867538452,0.00307309627532959,0.0031472444534301758,0.0031960071064531803,0.003201425075531006,2.442284952053342e-08,targets\train\20250305_132405_mask.png,targets\train\20250305_132405_cavity_depth.npy
train,20250305_132505.jpg,OK,12000,118189.0,0.40103337764457203,0.2598974063055311,0.09122185409069061,0.0040361019782722,0.0038871467113494873,0.0051919519901275635,0.006181253585964441,0.006522148847579956,1.5793291368026985e-06,targets\train\20250305_132505_mask.png,targets\train\20250305_132505_cavity_depth.npy
train,20250305_132549.jpg,OK,12000,145073.0,1.1043848300157433,0.5813386390140278,0.5605201125144958,0.005093827843666077,0.004775404930114746,0.0071859597228467464,0.009257551282644272,0.011658549308776855,0.00011689153325278312,targets\train\20250305_132549_mask.png,targets\train\20250305_132549_cavity_depth.npy
train,20250305_132557.jpg,OK,12000,149519.0,1.1450818947037118,0.6691418393724472,0.6461914777755737,0.008753563277423382,0.00887453556060791,0.013126061297953129,0.01759025827050209,0.02146327495574951,0.00017525060684420168,targets\train\20250305_132557_mask.png,targets\train\20250305_132557_cavity_depth.npy
train,20250305_132607.jpg,FAILED_GEOMETRY,11798,,,,,,,,,,,,
train,20250305_132852.jpg,OK,12000,138955.0,0.7909740439021384,0.47263617948575776,0.36929434537887573,0.0037528574466705322,0.0036349594593048096,0.004284864757210016,0.004802481271326542,0.004897415637969971,1.301575451861936e-07,targets\train\20250305_132852_mask.png,targets\train\20250305_132852_cavity_depth.npy
train,20250305_133001.jpg,FAILED_GEOMETRY,11941,,,,,,,,,,,,
train,20250305_133014.jpg,OK,12000,53461.0,0.26457924352104584,0.1271195247208307,0.030794093385338783,0.00724018644541502,0.007042825222015381,0.010967686772346497,0.012798079289495945,0.013709276914596558,3.2808322430355474e-05,targets\train\20250305_133014_mask.png,targets\train\20250305_133014_cavity_depth.npy
train,20250305_133018.jpg,OK,12000,84851.0,0.35177849201291667,0.1397522854751038,0.04004782438278198,0.0041852956637740135,0.004045575857162476,0.005345129873603582,0.005918366834521294,0.006268858909606934,5.593021342065185e-06,targets\train\20250305_133018_mask.png,targets\train\20250305_133018_cavity_depth.npy
train,20250305_133021.jpg,OK,12000,30976.0,0.7823434231024889,0.1362670568805182,0.06984417885541916,0.0035576983354985714,0.0035271048545837402,0.00401383638381958,0.004411250352859497,0.004445552825927734,4.242684212840686e-07,targets\train\20250305_133021_mask.png,targets\train\20250305_133021_cavity_depth.npy
train,20250305_133054.jpg,FAILED_GEOMETRY,12000,,,,,,,,,,,,
train,20250305_133059.jpg,OK,12000,174506.0,0.8356550054121372,0.5738604879911354,0.378454327583313,0.006833672523498535,0.0064827799797058105,0.0108603835105896,0.013408064842224121,0.015704810619354248,0.0001745890622260049,targets\train\20250305_133059_mask.png,targets\train\20250305_133059_cavity_depth.npy
train,20250305_133111.jpg,OK,12000,235493.0,0.9113702841018148,0.6524264077917705,0.5704201459884644,0.013891460373997688,0.013615936040878296,0.024683445692062378,0.027681486681103706,0.029755711555480957,0.0013268006732687354,targets\train\20250305_133111_mask.png,targets\train\20250305_133111_cavity_depth.npy
train,20250305_133525.jpg,OK,12000,51730.0,0.44636771088087746,0.20968623893327515,0.08661715686321259,0.005934329703450203,0.005532056093215942,0.009083187207579613,0.010262765921652317,0.010589540004730225,5.443841928354232e-06,targets\train\20250305_133525_mask.png,targets\train\20250305_133525_cavity_depth.npy
train,20250305_133536.jpg,FAILED_GEOMETRY,12000,,,,,,,,,,,,
train,20250305_133540.jpg,OK,12000,71365.0,0.44150861636833827,0.21738792740132024,0.08820591866970062,0.006377061363309622,0.005710482597351074,0.010105895809829235,0.013105525635182858,0.01388472318649292,2.4022598154260777e-05,targets\train\20250305_133540_mask.png,targets\train\20250305_133540_cavity_depth.npy
train,20250305_133543.jpg,OK,12000,170352.0,0.838579922138003,0.510893576860036,0.3219034671783447,0.004253208637237549,0.003981858491897583,0.005857789423316717,0.007190434727817774,0.008704781532287598,9.431021680939011e-06,targets\train\20250305_133543_mask.png,targets\train\20250305_133543_cavity_depth.npy
train,20250305_133549.jpg,FAILED_GEOMETRY,12000,,,,,,,,,,,,
train,20250305_133606.jpg,FAILED_GEOMETRY,12000,,,,,,,,,,,,
train,20250305_133609.jpg,OK,11898,37238.0,0.7697747330415757,0.5804425287667079,0.3311312794685364,0.009032647125422955,0.008341789245605469,0.014924931339919567,0.01907813921570778,0.02139461040496826,0.0011425914708524942,targets\train\20250305_133609_mask.png,targets\train\20250305_133609_cavity_depth.npy
train,20250305_133629.jpg,FAILED_GEOMETRY,12000,,,,,,,,,,,,
train,20250305_133633.jpg,OK,12000,45565.0,0.44614552358428405,0.19988555113091241,0.07933314889669418,0.00402360362932086,0.0038748979568481445,0.005089664366096258,0.006279977969825268,0.006945610046386719,3.7688689644710394e-06,targets\train\20250305_133633_mask.png,targets\train\20250305_133633_cavity_depth.npy
train,20250305_133640.jpg,FAILED_GEOMETRY,12000,,,,,,,,,,,,
train,20250305_133655.jpg,OK,12000,56486.0,1.489620729649486,1.0255527920059935,0.7473044395446777,0.0056631602346897125,0.005104184150695801,0.008850550279021263,0.013203229755163193,0.014686226844787598,0.0001268356863874942,targets\train\20250305_133655_mask.png,targets\train\20250305_133655_cavity_depth.npy
train,20250305_133703.jpg,FAILED_GEOMETRY,12000,,,,,,,,,,,,
train,20250305_133732.jpg,FAILED_GEOMETRY,12000,,,,,,,,,,,,
train,20250305_133753.jpg,FAILED_GEOMETRY,12000,,,,,,,,,,,,
train,20250305_134023.jpg,OK,9144,67811.0,0.9893410116528465,0.6514680005367431,0.5102541446685791,0.0053724441677331924,0.005128920078277588,0.007784008979797363,0.009380137547850609,0.010396122932434082,1.1608959539444186e-05,targets\train\20250305_134023_mask.png,targets\train\20250305_134023_cavity_depth.npy
train,20250305_134201.jpg,FAILED_GEOMETRY,12000,,,,,,,,,,,,
train,20250305_134211.jpg,FAILED_GEOMETRY,12000,,,,,,,,,,,,
train,20250305_134212.jpg,OK,11824,105111.0,0.575600340735551,0.3723771433579953,0.20993898808956146,0.009736605919897556,0.009856462478637695,0.015691637992858887,0.01795274019241333,0.01921921968460083,8.61012376844883e-05,targets\train\20250305_134212_mask.png,targets\train\20250305_134212_cavity_depth.npy
train,20250305_134236.jpg,OK,9886,28660.0,0.26512376738831156,0.2054018124782067,0.057437241077423096,0.003243786981329322,0.003212839365005493,0.003439879510551691,0.003706167219206691,0.003740966320037842,8.523103645075025e-08,targets\train\20250305_134236_mask.png,targets\train\20250305_134236_cavity_depth.npy
train,20250305_134243.jpg,OK,11996,76782.0,0.25585867533171713,0.19842315937417987,0.053157687187194824,0.005298567935824394,0.004548609256744385,0.007919162511825562,0.017696384340524673,0.019710004329681396,2.3108383174985647e-05,targets\train\20250305_134243_mask.png,targets\train\20250305_134243_cavity_depth.npy
train,20250305_134302.jpg,OK,11787,92041.0,0.5615191162636448,0.4195996962219848,0.21428775787353516,0.0038159533869475126,0.0037424564361572266,0.00460362434387207,0.005202997475862503,0.005590498447418213,1.8855630514735822e-06,targets\train\20250305_134302_mask.png,targets\train\20250305_134302_cavity_depth.npy
train,20250305_134331.jpg,OK,12000,23130.0,0.19741502328049423,0.12100688153825141,0.023517128080129623,0.006854737177491188,0.006097912788391113,0.011263728141784668,0.013068239204585552,0.01407933235168457,2.9846820325474255e-05,targets\train\20250305_134331_mask.png,targets\train\20250305_134331_cavity_depth.npy
train,20250305_134622.jpg,FAILED_GEOMETRY,12000,,,,,,,,,,,,
train,20250305_134629.jpg,FAILED_GEOMETRY,12000,,,,,,,,,,,,
train,20250305_134713.jpg,FAILED_GEOMETRY,12000,,,,,,,,,,,,
train,20250305_134830.jpg,FAILED_GEOMETRY,12000,,,,,,,,,,,,
train,20250305_134958.jpg,FAILED_GEOMETRY,12000,,,,,,,,,,,,
train,20250305_135014.jpg,FAILED_GEOMETRY,12000,,,,,,,,,,,,
train,20250305_135029.jpg,FAILED_GEOMETRY,12000,,,,,,,,,,,,
train,20250305_135035.jpg,OK,12000,22984.0,0.7651447559470775,0.23481724670834989,0.06835983693599701,0.003915575332939625,0.003748863935470581,0.004948007874190807,0.00547306053340435,0.005820035934448242,1.6074401401056093e-06,targets\train\20250305_135035_mask.png,targets\train\20250305_135035_cavity_depth.npy
train,20250305_135042.jpg,OK,11999,9824.0,1.6351634575551546,0.17040866876755523,0.0631350502371788,0.00984184816479683,0.008913755416870117,0.01708298921585083,0.02000034600496292,0.02154254913330078,0.00013844482600688934,targets\train\20250305_135042_mask.png,targets\train\20250305_135042_cavity_depth.npy
train,20250305_135046.jpg,OK,12000,65655.0,0.23914525697818195,0.13752309899882365,0.02916693687438965,0.006951682269573212,0.006830483675003052,0.00999524537473917,0.011047609150409698,0.012099087238311768,3.4580396459205076e-05,targets\train\20250305_135046_mask.png,targets\train\20250305_135046_cavity_depth.npy
train,20250305_135051.jpg,FAILED_GEOMETRY,12000,,,,,,,,,,,,
train,20250305_135057.jpg,OK,12000,56715.0,0.3176700622880919,0.24060887736675943,0.07220201194286346,0.0036390959285199642,0.0035524964332580566,0.0043128011748194695,0.004775467328727245,0.0051424503326416016,3.9595433918293566e-06,targets\train\20250305_135057_mask.png,targets\train\20250305_135057_cavity_depth.npy
train,20250305_135143.jpg,FAILED_GEOMETRY,12000,,,,,,,,,,,,
train,20250305_135219.jpg,FAILED_GEOMETRY,12000,,,,,,,,,,,,
train,20250305_135233.jpg,OK,12000,67441.0,0.5128279213783529,0.3545920585833965,0.16730833053588867,0.005272629205137491,0.004871785640716553,0.008036422543227673,0.009516959078609943,0.009862542152404785,4.241876922606025e-06,targets\train\20250305_135233_mask.png,targets\train\20250305_135233_cavity_depth.npy
train,20250305_135247.jpg,FAILED_GEOMETRY,12000,,,,,,,,,,,,
train,20250305_135253.jpg,FAILED_GEOMETRY,12000,,,,,,,,,,,,
train,20250305_135306.jpg,OK,12000,117673.0,0.3952674178801049,0.32206827387131143,0.1328369379043579,0.0043096705339848995,0.004037797451019287,0.0059043169021606445,0.007246047258377075,0.007767856121063232,1.1507108865771443e-06,targets\train\20250305_135306_mask.png,targets\train\20250305_135306_cavity_depth.npy
train,20250305_135312.jpg,OK,12000,122472.0,0.4781864900820254,0.41106573636969274,0.19192558526992798,0.004456054884940386,0.004275321960449219,0.005983781535178423,0.006734339985996485,0.006864964962005615,2.238861270598136e-06,targets\train\20250305_135312_mask.png,targets\train\20250305_135312_cavity_depth.npy
train,20250305_135354.jpg,OK,11968,9575.0,2.0218400327090333,0.3768433369098336,0.13621947169303894,0.005986759439110756,0.005285680294036865,0.009794318117201328,0.012790104374289513,0.014122366905212402,9.18107689358294e-05,targets\train\20250305_135354_mask.png,targets\train\20250305_135354_cavity_depth.npy
train,20250305_135425.jpg,OK,12000,61748.0,0.6766003560010572,0.40621654854123923,0.1901070922613144,0.0057612392120063305,0.005572855472564697,0.008329451084136963,0.010282443836331367,0.011865437030792236,2.598282299004495e-05,targets\train\20250305_135425_mask.png,targets\train\20250305_135425_cavity_depth.npy
train,20250305_135440.jpg,OK,12000,127841.0,0.32695887517117805,0.2590569448228601,0.08665622770786285,0.0040052602998912334,0.003704965114593506,0.005445396993309259,0.007033452857285738,0.007139295339584351,1.678148692008108e-06,targets\train\20250305_135440_mask.png,targets\train\20250305_135440_cavity_depth.npy
train,20250305_135459.jpg,OK,11929,29658.0,0.653580777368096,0.32164421048820635,0.19974033534526825,0.00709014106541872,0.006428122520446777,0.011575648561120033,0.014661668799817562,0.01571476459503174,0.00011230391100980341,targets\train\20250305_135459_mask.png,targets\train\20250305_135459_cavity_depth.npy
train,20250305_140109.jpg,FAILED_GEOMETRY,12000,,,,,,,,,,,,
train,20250305_140116.jpg,OK,11995,22936.0,0.936281631469714,0.5096995340572276,0.11730103194713593,0.010863305069506168,0.010567307472229004,0.016375254839658737,0.019595833495259285,0.021414875984191895,0.00016898405738174915,targets\train\20250305_140116_mask.png,targets\train\20250305_140116_cavity_depth.npy
train,20250305_140151.jpg,FAILED_GEOMETRY,12000,,,,,,,,,,,,
train,20250305_140155.jpg,FAILED_GEOMETRY,12000,,,,,,,,,,,,
train,20250305_140203.jpg,OK,12000,49963.0,1.310558254424079,0.43448207475858736,0.23493993282318115,0.005193383898586035,0.0047588348388671875,0.007782268337905407,0.010431270115077496,0.01257479190826416,0.0002608841750770807,targets\train\20250305_140203_mask.png,targets\train\20250305_140203_cavity_depth.npy
train,20250305_140415.jpg,OK,12000,168357.0,0.9517603435945922,0.5276592402729727,0.4476480484008789,0.006055306643247604,0.004799365997314453,0.011471962556242943,0.01508001983165741,0.01641470193862915,5.372298619477078e-05,targets\train\20250305_140415_mask.png,targets\train\20250305_140415_cavity_depth.npy
train,20250305_140423.jpg,OK,11976,11145.0,2.0001727412863377,1.0611121916135158,0.11727665364742279,0.00804411806166172,0.007488846778869629,0.013155495747923851,0.017062878236174583,0.01794731616973877,0.0001404319773428142,targets\train\20250305_140423_mask.png,targets\train\20250305_140423_cavity_depth.npy
train,20250305_140426.jpg,OK,11999,15927.0,1.586590075952926,1.5524893357899954,0.11009834706783295,0.005381298251450062,0.0051718950271606445,0.007716059684753418,0.009172677993774414,0.010306596755981445,5.6308319472009316e-05,targets\train\20250305_140426_mask.png,targets\train\20250305_140426_cavity_depth.npy
train,20250305_140432.jpg,OK,12000,17641.0,0.7734086158342572,0.41263819512583355,0.08123040199279785,0.003597841365262866,0.0034986138343811035,0.004200184252113104,0.005020238924771547,0.005261778831481934,2.2966526103118667e-06,targets\train\20250305_140432_mask.png,targets\train\20250305_140432_cavity_depth.npy
train,20250305_140444.jpg,OK,12000,21685.0,0.2319753139283436,0.14349559472717976,0.03082597255706787,0.003224587067961693,0.0032085776329040527,0.003422284033149481,0.0035493660252541304,0.0035529136657714844,2.314863678520851e-07,targets\train\20250305_140444_mask.png,targets\train\20250305_140444_cavity_depth.npy
train,20250305_140549.jpg,OK,12000,54310.0,0.6625199612763364,0.22535444233005764,0.12708398699760437,0.005094949156045914,0.0050022900104522705,0.007068186067044735,0.008155574090778828,0.008589446544647217,1.6815101844258606e-05,targets\train\20250305_140549_mask.png,targets\train\20250305_140549_cavity_depth.npy
train,20250305_140801.jpg,OK,12000,73671.0,0.39611500885553136,0.3268273053048726,0.1202225312590599,0.0035752549301832914,0.0035071372985839844,0.00418129563331604,0.004692455288022757,0.004834353923797607,8.516552725268411e-07,targets\train\20250305_140801_mask.png,targets\train\20250305_140801_cavity_depth.npy
train,20250305_140808.jpg,FAILED_GEOMETRY,12000,,,,,,,,,,,,
train,20250305_140826.jpg,OK,12000,132151.0,0.8167966013531053,0.5786400743863562,0.4390795826911926,0.005488750524818897,0.005144178867340088,0.007966111414134502,0.010673950426280499,0.011730313301086426,5.914610665058717e-05,targets\train\20250305_140826_mask.png,targets\train\20250305_140826_cavity_depth.npy
train,20250305_140851.jpg,FAILED_GEOMETRY,12000,,,,,,,,,,,,
train,20250305_141310.jpg,FAILED_GEOMETRY,12000,,,,,,,,,,,,
train,20250305_141316.jpg,OK,12000,35489.0,0.174384170418161,0.1041980930223674,0.013757312670350075,0.003148500109091401,0.0031251609325408936,0.0032929242588579655,0.003378392430022359,0.0034036636352539062,5.556803728268278e-08,targets\train\20250305_141316_mask.png,targets\train\20250305_141316_cavity_depth.npy
train,20250305_141439.jpg,OK,12000,81905.0,0.6249926006100924,0.2914148254386556,0.13362379372119904,0.005489094648510218,0.0051514506340026855,0.008048930205404758,0.009706933051347733,0.01129913330078125,3.09237620967906e-05,targets\train\20250305_141439_mask.png,targets\train\20250305_141439_cavity_depth.npy
train,20250305_141520.jpg,FAILED_GEOMETRY,12000,,,,,,,,,,,,
train,20250305_141524.jpg,OK,12000,5031.0,0.731358179895109,0.26814220680904133,0.012136474251747131,0.0036593612749129534,0.0035878419876098633,0.004329573828727007,0.004624249879270792,0.004698991775512695,3.457807906670496e-07,targets\train\20250305_141524_mask.png,targets\train\20250305_141524_cavity_depth.npy
train,20250305_141551.jpg,OK,12000,130179.0,0.5169466881048267,0.39497064571922824,0.18563586473464966,0.005406861659139395,0.004271179437637329,0.009297758340835571,0.010852590203285217,0.01121753454208374,1.967598836927209e-05,targets\train\20250305_141551_mask.png,targets\train\20250305_141551_cavity_depth.npy
train,20250305_141909.jpg,OK,12000,88336.0,0.5287302587393843,0.4615273231169655,0.2019151747226715,0.00433114729821682,0.00404772162437439,0.006061297841370106,0.006973342504352331,0.007152378559112549,7.356825335591566e-06,targets\train\20250305_141909_mask.png,targets\train\20250305_141909_cavity_depth.npy
train,20250305_141916.jpg,FAILED_GEOMETRY,11998,,,,,,,,,,,,
train,20250305_142050.jpg,FAILED_GEOMETRY,12000,,,,,,,,,,,,
train,20250305_142058.jpg,OK,12000,133456.0,0.5030608047583143,0.3471722798104309,0.16151243448257446,0.007875947281718254,0.007331192493438721,0.012790411710739136,0.016162090003490448,0.01719987392425537,0.00011889768938999623,targets\train\20250305_142058_mask.png,targets\train\20250305_142058_cavity_depth.npy
train,20250305_142107.jpg,OK,11995,94204.0,1.3681797030701597,0.6465018432962107,0.6564425230026245,0.009604522958397865,0.00928795337677002,0.01548078004270792,0.018741004168987274,0.02239382266998291,0.001902564661577344,targets\train\20250305_142107_mask.png,targets\train\20250305_142107_cavity_depth.npy
train,20250305_142115.jpg,OK,12000,51579.0,0.3914504712803527,0.2881930612843116,0.101026251912117,0.0057950071059167385,0.005739927291870117,0.008108568377792835,0.009133896790444851,0.010385990142822266,1.629435246286448e-05,targets\train\20250305_142115_mask.png,targets\train\20250305_142115_cavity_depth.npy
train,20250305_142139.jpg,OK,12000,57162.0,1.2740401024659995,0.6145736311194768,0.17667001485824585,0.006922996137291193,0.006777942180633545,0.010271310806274414,0.01290311198681593,0.016280174255371094,0.00042792491149157286,targets\train\20250305_142139_mask.png,targets\train\20250305_142139_cavity_depth.npy
train,20250305_142220.jpg,OK,12000,48494.0,0.7344184772783298,0.2431401857172804,0.1061190515756607,0.00753299705684185,0.007644712924957275,0.01106322929263115,0.013115706853568554,0.014687299728393555,0.00011008309957105666,targets\train\20250305_142220_mask.png,targets\train\20250305_142220_cavity_depth.npy
train,20250305_142246.jpg,FAILED_GEOMETRY,12000,,,,,,,,,,,,
train,20250305_142301.jpg,OK,12000,66066.0,0.3674617405218499,0.17445656239635393,0.05672864615917206,0.004118821583688259,0.003954857587814331,0.005350816063582897,0.0058414689265191555,0.0060166120529174805,7.786775313434191e-07,targets\train\20250305_142301_mask.png,targets\train\20250305_142301_cavity_depth.npy
train,20250305_142409.jpg,OK,12000,102342.0,0.47373209366094304,0.3246424704214109,0.14464570581912994,0.0042551541700959206,0.0039830803871154785,0.005666195880621672,0.006766840815544128,0.00787729024887085,8.716388947505038e-06,targets\train\20250305_142409_mask.png,targets\train\20250305_142409_cavity_depth.npy
train,20250305_142436.jpg,OK,12000,192285.0,1.5472386451208813,0.8635898547834668,0.9995938539505005,0.008493255823850632,0.008552312850952148,0.013199828565120697,0.015888214111328125,0.017922282218933105,0.0007389065576717257,targets\train\20250305_142436_mask.png,targets\train\20250305_142436_cavity_depth.npy
train,20250305_142451.jpg,FAILED_GEOMETRY,12000,,,,,,,,,,,,
train,20250305_142602.jpg,FAILED_GEOMETRY,12000,,,,,,,,,,,,
train,20250305_142744.jpg,OK,11588,32220.0,2.262934528811196,0.4452832876968196,0.29757070541381836,0.0045020077377557755,0.005105078220367432,0.005470836069434881,0.005599516909569502,0.005620837211608887,5.2181785576976836e-06,targets\train\20250305_142744_mask.png,targets\train\20250305_142744_cavity_depth.npy
train,20250305_142815.jpg,OK,12000,70630.0,0.4067856044714294,0.30962421050421174,0.12400519847869873,0.004956742748618126,0.0044383704662323,0.0074409120716154575,0.008737434633076191,0.009071826934814453,1.2743078059429536e-06,targets\train\20250305_142815_mask.png,targets\train\20250305_142815_cavity_depth.npy
train,20250305_143002.jpg,OK,12000,170578.0,0.8588197002820741,0.6802582293614601,0.5207867622375488,0.003843185491859913,0.003678262233734131,0.00486302375793457,0.005559820681810379,0.005993783473968506,8.140914360410534e-06,targets\train\20250305_143002_mask.png,targets\train\20250305_143002_cavity_depth.npy
train,20250305_143025.jpg,FAILED_GEOMETRY,12000,,,,,,,,,,,,
train,20250305_143042.jpg,OK,11986,83860.0,1.0071651483076889,0.5415531356565259,0.43631571531295776,0.005351739469915628,0.00508570671081543,0.007608747575432062,0.010612324811518192,0.011443495750427246,1.9528582924976945e-05,targets\train\20250305_143042_mask.png,targets\train\20250305_143042_cavity_depth.npy
train,20250305_143109.jpg,FAILED_GEOMETRY,12000,,,,,,,,,,,,
train,20250305_143124.jpg,OK,11996,56804.0,1.3675166303546582,1.274607961766106,0.34318292140960693,0.004825361538678408,0.004446804523468018,0.007039127871394157,0.008621612563729286,0.009464621543884277,5.178532228455879e-05,targets\train\20250305_143124_mask.png,targets\train\20250305_143124_cavity_depth.npy
train,20250305_143219.jpg,FAILED_GEOMETRY,12000,,,,,,,,,,,,
train,20250305_143234.jpg,OK,12000,104711.0,0.8347122675348938,0.4991538657595721,0.3390001058578491,0.00512060709297657,0.005057394504547119,0.006948387250304222,0.008035406470298767,0.008673906326293945,3.12435113301035e-05,targets\train\20250305_143234_mask.png,targets\train\20250305_143234_cavity_depth.npy
train,20250305_143243.jpg,OK,12000,52425.0,0.3453639489322667,0.23119255688563362,0.07596535980701447,0.003556514158844948,0.0034522414207458496,0.004203200340270996,0.004896700382232666,0.005203843116760254,2.97137739835307e-06,targets\train\20250305_143243_mask.png,targets\train\20250305_143243_cavity_depth.npy
train,20250305_143255.jpg,OK,12000,97166.0,0.8060255749173084,0.3385664110255539,0.20854973793029785,0.004193733911961317,0.004229754209518433,0.005143391899764538,0.00564471585676074,0.006022989749908447,1.3546121408580802e-05,targets\train\20250305_143255_mask.png,targets\train\20250305_143255_cavity_depth.npy
train,20250305_143305.jpg,OK,12000,135817.0,0.6386419512908403,0.407301705771394,0.2252427637577057,0.005478073377162218,0.005109012126922607,0.007967853918671608,0.009548462927341461,0.010932445526123047,0.0001346507779089734,targets\train\20250305_143305_mask.png,targets\train\20250305_143305_cavity_depth.npy
train,20250305_143314.jpg,FAILED_GEOMETRY,12000,,,,,,,,,,,,
train,20250305_143414.jpg,OK,11938,27258.0,1.4131738606594075,0.47039685706609574,0.25739383697509766,0.004014162812381983,0.0038884878158569336,0.005088567268103361,0.006050935946404934,0.006106019020080566,2.08842652682506e-06,targets\train\20250305_143414_mask.png,targets\train\20250305_143414_cavity_depth.npy
train,20250305_143424.jpg,OK,11970,12690.0,1.309816225702718,0.42823465971443075,0.20995020866394043,0.008215262554585934,0.007966160774230957,0.012942468747496605,0.014763616025447845,0.015557289123535156,4.601653927238658e-05,targets\train\20250305_143424_mask.png,targets\train\20250305_143424_cavity_depth.npy
train,20250305_143919.jpg,OK,11993,45286.0,0.23705122040981694,0.21135401163019124,0.04722563177347183,0.007263317238539457,0.007358819246292114,0.010420804843306541,0.0111126359552145,0.011490941047668457,2.8252939955564216e-05,targets\train\20250305_143919_mask.png,targets\train\20250305_143919_cavity_depth.npy
train,20250305_144025.jpg,FAILED_GEOMETRY,12000,,,,,,,,,,,,
train,20250305_144032.jpg,OK,11972,135474.0,0.8274750740892238,0.7550851347320813,0.5668280124664307,0.008300079964101315,0.008159816265106201,0.012776910327374935,0.015870079398155212,0.017292261123657227,0.00014328879478853196,targets\train\20250305_144032_mask.png,targets\train\20250305_144032_cavity_depth.npy
train,20250305_144527.jpg,OK,11668,19283.0,0.4559674323921616,0.1019825225753711,0.04685119166970253,0.005521001294255257,0.00572851300239563,0.007663631346076727,0.008365225046873093,0.008470416069030762,3.0181274723872775e-06,targets\train\20250305_144527_mask.png,targets\train\20250305_144527_cavity_depth.npy
train,20250305_150043.jpg,OK,12000,32633.0,0.7410029206708065,0.1465593594604352,0.06883770227432251,0.004662068095058203,0.00445827841758728,0.006370830349624157,0.007154575549066067,0.007555246353149414,5.5833315855124965e-06,targets\train\20250305_150043_mask.png,targets\train\20250305_150043_cavity_depth.npy
train,20250305_150049.jpg,OK,12000,106299.0,1.0391875332169869,0.40090060205893707,0.38537007570266724,0.008987019769847393,0.009053528308868408,0.014285063371062279,0.01636781170964241,0.017331600189208984,0.0001884965313365683,targets\train\20250305_150049_mask.png,targets\train\20250305_150049_cavity_depth.npy
train,20250305_150323.jpg,FAILED_GEOMETRY,12000,,,,,,,,,,,,
train,20250305_150331.jpg,OK,12000,49378.0,0.7722056627358411,0.278066195226797,0.12952584028244019,0.003986611496657133,0.003766089677810669,0.005061673931777477,0.006030087824910879,0.006131649017333984,6.037461389496457e-06,targets\train\20250305_150331_mask.png,targets\train\20250305_150331_cavity_depth.npy
train,20250305_150414.jpg,OK,12000,71990.0,0.7553236479261141,0.4308749094521792,0.23900943994522095,0.005062428768724203,0.004905611276626587,0.006907439325004816,0.0085424380376935,0.009544610977172852,1.5497818822041154e-05,targets\train\20250305_150414_mask.png,targets\train\20250305_150414_cavity_depth.npy
train,20250305_150442.jpg,OK,12000,49069.0,0.8330429615618973,0.20336463927749002,0.15125563740730286,0.005955145228654146,0.005605220794677734,0.00877431035041809,0.011280112899839878,0.01239776611328125,3.245876359869726e-05,targets\train\20250305_150442_mask.png,targets\train\20250305_150442_cavity_depth.npy
train,20250305_150515.jpg,FAILED_GEOMETRY,12000,,,,,,,,,,,,
train,20250305_150518.jpg,FAILED_GEOMETRY,12000,,,,,,,,,,,,
train,20250305_151641.jpg,FAILED_GEOMETRY,12000,,,,,,,,,,,,
train,20250305_153008.jpg,FAILED_GEOMETRY,11727,,,,,,,,,,,,
val,20250227_140905.jpg,OK,11580,56640.0,0.4436319534365972,0.2487708158017442,0.097113698720932,0.007791507989168167,0.00790378451347351,0.01135525107383728,0.012948889285326004,0.0139121413230896,6.628511073358823e-06,targets\val\20250227_140905_mask.png,targets\val\20250227_140905_cavity_depth.npy
val,20250227_143319.jpg,FAILED_GEOMETRY,12000,,,,,,,,,,,,
val,20250227_170425.jpg,FAILED_GEOMETRY,12000,,,,,,,,,,,,
val,20250227_170647.jpg,OK,12000,111113.0,0.79744896267922,0.6758254653983854,0.4697202146053314,0.003494724165648222,0.0034227371215820312,0.004048824310302734,0.004305471200495958,0.004380285739898682,3.0209114356694045e-06,targets\val\20250227_170647_mask.png,targets\val\20250227_170647_cavity_depth.npy
val,20250227_170940.jpg,FAILED_GEOMETRY,12000,,,,,,,,,,,,
val,20250227_171010.jpg,OK,12000,51487.0,0.35388255873655716,0.2867636418013703,0.09657448530197144,0.003754344768822193,0.003711998462677002,0.004452741239219904,0.004964484367519617,0.0051839351654052734,3.3419482861063443e-06,targets\val\20250227_171010_mask.png,targets\val\20250227_171010_cavity_depth.npy
val,20250227_171314.jpg,OK,12000,54504.0,0.3588753112319225,0.33439456256173394,0.10534447431564331,0.0034284761641174555,0.003414630889892578,0.0038316964637488127,0.004093312192708254,0.004126608371734619,2.0670307776526897e-07,targets\val\20250227_171314_mask.png,targets\val\20250227_171314_cavity_depth.npy
val,20250227_172829.jpg,OK,11235,54343.0,0.8488270618895752,0.6718096372045386,0.4130657911300659,0.006254087667912245,0.00620114803314209,0.00905618630349636,0.01053474098443985,0.010913252830505371,6.648612270510057e-06,targets\val\20250227_172829_mask.png,targets\val\20250227_172829_cavity_depth.npy
val,20250227_174412.jpg,FAILED_GEOMETRY,12000,,,,,,,,,,,,
val,20250227_174615.jpg,FAILED_GEOMETRY,12000,,,,,,,,,,,,
val,20250227_180536.jpg,OK,11290,86088.0,1.3085424811743316,1.0751926653415353,0.7373761534690857,0.02359658293426037,0.014845490455627441,0.06292049586772919,0.08811679482460022,0.09232592582702637,9.023707389133051e-05,targets\val\20250227_180536_mask.png,targets\val\20250227_180536_cavity_depth.npy
val,20250227_181003.jpg,OK,12000,91860.0,0.809901436718888,0.5100216469842157,0.36564335227012634,0.00439998647198081,0.004139423370361328,0.005959868431091309,0.00647016754373908,0.0064775943756103516,1.144573388955905e-06,targets\val\20250227_181003_mask.png,targets\val\20250227_181003_cavity_depth.npy
val,20250227_183220.jpg,FAILED_GEOMETRY,11999,,,,,,,,,,,,
val,20250227_183642.jpg,OK,12000,104507.0,0.8617069893300903,0.6972648246460205,0.5214278697967529,0.00489018764346838,0.004529058933258057,0.007280122954398394,0.009072687476873398,0.009815692901611328,2.505049906176282e-06,targets\val\20250227_183642_mask.png,targets\val\20250227_183642_cavity_depth.npy
val,20250227_184251.jpg,FAILED_GEOMETRY,12000,,,,,,,,,,,,
val,20250227_184927.jpg,FAILED_GEOMETRY,12000,,,,,,,,,,,,
val,20250227_191254.jpg,FAILED_GEOMETRY,12000,,,,,,,,,,,,
val,20250227_191351.jpg,FAILED_GEOMETRY,12000,,,,,,,,,,,,
val,20250305_021612.jpg,OK,11674,43280.0,1.1411255203912583,0.22167465038537326,0.2266702502965927,0.004354103934019804,0.0042182207107543945,0.0057232617400586605,0.006760413758456707,0.0072917938232421875,1.0668708455341402e-05,targets\val\20250305_021612_mask.png,targets\val\20250305_021612_cavity_depth.npy
val,20250305_023226.jpg,OK,11000,102486.0,0.8336909052093865,0.5971348951437434,0.4688880443572998,0.010632882826030254,0.009775638580322266,0.018517684191465378,0.02279682457447052,0.02393639087677002,0.00024288016720674932,targets\val\20250305_023226_mask.png,targets\val\20250305_023226_cavity_depth.npy
val,20250305_033147.jpg,FAILED_GEOMETRY,12000,,,,,,,,,,,,
val,20250305_034430.jpg,FAILED_GEOMETRY,12000,,,,,,,,,,,,
val,20250305_035737.jpg,FAILED_GEOMETRY,12000,,,,,,,,,,,,
val,20250305_040158.jpg,FAILED_GEOMETRY,12000,,,,,,,,,,,,
val,20250305_040311.jpg,FAILED_GEOMETRY,12000,,,,,,,,,,,,
val,20250305_040423.jpg,FAILED_GEOMETRY,12000,,,,,,,,,,,,
val,20250305_041332.jpg,OK,12000,37151.0,0.4408556947238039,0.12938688797478146,0.056024275720119476,0.006013497244566679,0.005950480699539185,0.008956206031143665,0.01073340605944395,0.010901033878326416,5.820010755996918e-06,targets\val\20250305_041332_mask.png,targets\val\20250305_041332_cavity_depth.npy
val,20250305_050340.jpg,OK,12000,92513.0,0.639503430619768,0.44199538974202673,0.2692421078681946,0.0035680532455444336,0.003535151481628418,0.004103958606719971,0.004117637872695923,0.004119157791137695,1.2596578358170518e-07,targets\val\20250305_050340_mask.png,targets\val\20250305_050340_cavity_depth.npy
val,20250305_050343.jpg,OK,11996,62831.0,0.666062283171742,0.26858847630414956,0.17385883629322052,0.006676576100289822,0.006104648113250732,0.010187208652496338,0.014753858558833599,0.015659809112548828,3.345715958857909e-05,targets\val\20250305_050343_mask.png,targets\val\20250305_050343_cavity_depth.npy
val,20250305_051245.jpg,OK,12000,104865.0,0.9845925020582469,0.6165364257877275,0.5452083349227905,0.008277945220470428,0.007832705974578857,0.013172993436455727,0.01879384182393551,0.021495819091796875,0.0007600820972584188,targets\val\20250305_051245_mask.png,targets\val\20250305_051245_cavity_depth.npy
val,20250305_053826.jpg,OK,12000,46063.0,0.6008173471913458,0.19917190024074385,0.106222003698349,0.007495423313230276,0.007074713706970215,0.01175391674041748,0.013710678555071354,0.014522731304168701,4.59279035567306e-05,targets\val\20250305_053826_mask.png,targets\val\20250305_053826_cavity_depth.npy
val,20250305_053907.jpg,FAILED_GEOMETRY,12000,,,,,,,,,,,,
val,20250305_053943.jpg,FAILED_GEOMETRY,12000,,,,,,,,,,,,
val,20250305_054230.jpg,FAILED_GEOMETRY,12000,,,,,,,,,,,,
val,20250305_054517.jpg,FAILED_GEOMETRY,12000,,,,,,,,,,,,
val,20250305_054607.jpg,FAILED_GEOMETRY,12000,,,,,,,,,,,,
val,20250305_055707.jpg,FAILED_GEOMETRY,11982,,,,,,,,,,,,
val,20250305_055923.jpg,OK,12000,33095.0,0.4882306388515515,0.27856245464226403,0.1233445256948471,0.0035118849482387304,0.0034464597702026367,0.004082393366843462,0.004341511987149715,0.0044097900390625,1.0367213008066756e-06,targets\val\20250305_055923_mask.png,targets\val\20250305_055923_cavity_depth.npy
val,20250305_061011.jpg,FAILED_GEOMETRY,12000,,,,,,,,,,,,
val,20250305_061138.jpg,OK,12000,63920.0,0.4973231412081499,0.3916274750700075,0.17907293140888214,0.0042512728832662106,0.004227668046951294,0.0052995383739471436,0.005835086107254028,0.006048619747161865,5.826412689202698e-06,targets\val\20250305_061138_mask.png,targets\val\20250305_061138_cavity_depth.npy
val,20250305_061329.jpg,OK,12000,47885.0,0.3684727538016311,0.2528578035074554,0.09345616400241852,0.007215901743620634,0.006663650274276733,0.011974850669503212,0.015221258625388145,0.015942692756652832,1.8664230083231814e-05,targets\val\20250305_061329_mask.png,targets\val\20250305_061329_cavity_depth.npy
val,20250305_080238.jpg,OK,12000,94117.0,0.36083580569857854,0.2847272458564497,0.06659989058971405,0.006037811283022165,0.006024479866027832,0.008401396684348583,0.010241767391562462,0.010982692241668701,2.33379741985118e-05,targets\val\20250305_080238_mask.png,targets\val\20250305_080238_cavity_depth.npy
val,20250305_082316.jpg,OK,11998,97170.0,0.6726705199674976,0.19854531202797843,0.09987399727106094,0.004670982249081135,0.004247575998306274,0.006873750127851963,0.008400839753448963,0.008762121200561523,4.3401200855441857e-07,targets\val\20250305_082316_mask.png,targets\val\20250305_082316_cavity_depth.npy
val,20250305_083636.jpg,OK,12000,114465.0,0.3971895610673924,0.1963974337856605,0.06404498219490051,0.0033864974975585938,0.0033361315727233887,0.0037745952140539885,0.004153829533606768,0.004201114177703857,3.7690881526941666e-07,targets\val\20250305_083636_mask.png,targets\val\20250305_083636_cavity_depth.npy
val,20250305_094522.jpg,OK,12000,58550.0,0.23833708742645698,0.14079746908173849,0.022995226085186005,0.005290200002491474,0.004872128367424011,0.007755061611533165,0.008638428524136543,0.009251803159713745,3.569337650333182e-06,targets\val\20250305_094522_mask.png,targets\val\20250305_094522_cavity_depth.npy
val,20250305_094634.jpg,FAILED_GEOMETRY,12000,,,,,,,,,,,,
val,20250305_095114.jpg,OK,12000,63234.0,0.37597435452372086,0.17458232451679928,0.0526602566242218,0.004416694864630699,0.004317119717597961,0.005686908960342407,0.006276181899011135,0.0066754817962646484,5.87151589570567e-06,targets\val\20250305_095114_mask.png,targets\val\20250305_095114_cavity_depth.npy
val,20250305_095818.jpg,FAILED_GEOMETRY,12000,,,,,,,,,,,,
val,20250305_095853.jpg,OK,12000,32130.0,0.17431932930647265,0.11413929442209955,0.01513660792261362,0.005237650126218796,0.005224078893661499,0.006978100631386042,0.007764394395053387,0.008154958486557007,7.3566425271565095e-06,targets\val\20250305_095853_mask.png,targets\val\20250305_095853_cavity_depth.npy
val,20250305_095954.jpg,OK,12000,158927.0,0.3448421612404903,0.27070339701437085,0.08157455921173096,0.004008010495454073,0.003921031951904297,0.004936039447784424,0.005659551825374365,0.00623735785484314,1.6279689589282498e-05,targets\val\20250305_095954_mask.png,targets\val\20250305_095954_cavity_depth.npy
val,20250305_101118.jpg,OK,12000,135261.0,0.5318955453358098,0.29041572142312244,0.13807332515716553,0.005089377053081989,0.00518488883972168,0.006691038608551025,0.007712413556873798,0.008423268795013428,9.38680113904411e-06,targets\val\20250305_101118_mask.png,targets\val\20250305_101118_cavity_depth.npy
val,20250305_101122.jpg,OK,12000,111619.0,0.4039225893822044,0.28454630697043304,0.10465102642774582,0.00671308021992445,0.0064615607261657715,0.010268261656165123,0.012115624733269215,0.012585371732711792,6.796285560994875e-06,targets\val\20250305_101122_mask.png,targets\val\20250305_101122_cavity_depth.npy
val,20250305_102157.jpg,FAILED_GEOMETRY,12000,,,,,,,,,,,,
val,20250305_103303.jpg,OK,12000,116742.0,0.9658296042312466,0.3503504180357053,0.3597549796104431,0.008625109679996967,0.00896674394607544,0.011661171913146973,0.012590443715453148,0.01308286190032959,5.226663051871583e-05,targets\val\20250305_103303_mask.png,targets\val\20250305_103303_cavity_depth.npy
val,20250305_110407.jpg,OK,10436,92756.0,0.5342846697745955,0.433234001111284,0.1891784965991974,0.0044549209997057915,0.004202604293823242,0.006167739629745483,0.007298290729522705,0.007447242736816406,6.864678425699822e-07,targets\val\20250305_110407_mask.png,targets\val\20250305_110407_cavity_depth.npy
val,20250305_111246.jpg,FAILED_GEOMETRY,12000,,,,,,,,,,,,
val,20250305_111305.jpg,OK,12000,64117.0,0.47947273737352114,0.14737002441514976,0.05895305797457695,0.0033456445671617985,0.0032510757446289062,0.003703868016600609,0.004214819986373186,0.004332035779953003,2.4968147727122414e-07,targets\val\20250305_111305_mask.png,targets\val\20250305_111305_cavity_depth.npy
val,20250305_111532.jpg,OK,12000,77237.0,0.5195576773333462,0.46287932814032284,0.11143174767494202,0.004455989226698875,0.004404008388519287,0.005786895751953125,0.0070865279994904995,0.007535278797149658,3.4292115742573515e-06,targets\val\20250305_111532_mask.png,targets\val\20250305_111532_cavity_depth.npy
val,20250305_111611.jpg,OK,11671,39143.0,0.25642891028924186,0.10128519221806434,0.00976833701133728,0.008415344171226025,0.00758187472820282,0.01451697014272213,0.016954191029071808,0.018004536628723145,3.0810169846517965e-05,targets\val\20250305_111611_mask.png,targets\val\20250305_111611_cavity_depth.npy
val,20250305_112342.jpg,OK,12000,108788.0,0.6593413567134602,0.2361685559065309,0.1511003077030182,0.005075196735560894,0.004852592945098877,0.007272338028997183,0.008618876338005066,0.009147465229034424,2.9355894639593316e-06,targets\val\20250305_112342_mask.png,targets\val\20250305_112342_cavity_depth.npy
val,20250305_114836.jpg,OK,12000,85848.0,0.287955656586215,0.16714399452000045,0.04025870934128761,0.00559899490326643,0.005030497908592224,0.008666828274726868,0.01048351265490055,0.011363595724105835,6.3525208133796696e-06,targets\val\20250305_114836_mask.png,targets\val\20250305_114836_cavity_depth.npy
val,20250305_115026.jpg,FAILED_GEOMETRY,12000,,,,,,,,,,,,
val,20250305_115048.jpg,OK,11696,119760.0,0.30392939402524527,0.2815447067112218,0.06574508547782898,0.006702601443976164,0.006136864423751831,0.010677749291062355,0.014009814709424973,0.015247493982315063,1.1480943612696137e-05,targets\val\20250305_115048_mask.png,targets\val\20250305_115048_cavity_depth.npy
val,20250305_115546.jpg,OK,12000,56100.0,0.7856449139385868,0.1669948102588925,0.12179195880889893,0.006898576393723488,0.006853699684143066,0.010115563869476318,0.012177436612546444,0.01329106092453003,2.194898661400657e-05,targets\val\20250305_115546_mask.png,targets\val\20250305_115546_cavity_depth.npy
val,20250305_121309.jpg,FAILED_GEOMETRY,12000,,,,,,,,,,,,
val,20250305_124414.jpg,FAILED_GEOMETRY,12000,,,,,,,,,,,,
val,20250305_124432.jpg,OK,12000,59221.0,0.26606456635386105,0.12589263007223517,0.017506174743175507,0.0037695004139095545,0.003678649663925171,0.004596203565597534,0.005009662825614214,0.005186289548873901,5.183022722121677e-07,targets\val\20250305_124432_mask.png,targets\val\20250305_124432_cavity_depth.npy
val,20250305_124507.jpg,OK,12000,143629.0,0.48678541968530376,0.46767942254869926,0.22064217925071716,0.005115681327879429,0.0046949684619903564,0.0074090659618377686,0.010793057270348072,0.01274406909942627,3.9068556361598894e-05,targets\val\20250305_124507_mask.png,targets\val\20250305_124507_cavity_depth.npy
val,20250305_124519.jpg,OK,12000,133435.0,0.6134267483085198,0.27378807762428103,0.17024660110473633,0.006924991495907307,0.006374180316925049,0.011085331439971924,0.013545237481594086,0.014661252498626709,2.884968853322789e-05,targets\val\20250305_124519_mask.png,targets\val\20250305_124519_cavity_depth.npy
val,20250305_124651.jpg,OK,12000,111879.0,0.4981443719667495,0.2905860848812529,0.150034099817276,0.004117367323487997,0.003927260637283325,0.005392849445343018,0.006163343787193298,0.006956040859222412,1.4004315289639635e-06,targets\val\20250305_124651_mask.png,targets\val\20250305_124651_cavity_depth.npy
val,20250305_124845.jpg,FAILED_GEOMETRY,12000,,,,,,,,,,,,
val,20250305_124859.jpg,OK,12000,77819.0,0.4500681781463386,0.28594446887995884,0.08861493319272995,0.0060875508934259415,0.005782365798950195,0.009039806202054024,0.011789347976446152,0.013362586498260498,3.896516500390135e-05,targets\val\20250305_124859_mask.png,targets\val\20250305_124859_cavity_depth.npy
val,20250305_124920.jpg,OK,12000,117652.0,0.766113730537833,0.608720911347397,0.4190078377723694,0.004203376360237598,0.003988415002822876,0.0053535341285169125,0.006107882596552372,0.006137847900390625,2.2367501628650643e-07,targets\val\20250305_124920_mask.png,targets\val\20250305_124920_cavity_depth.npy
val,20250305_125029.jpg,FAILED_GEOMETRY,12000,,,,,,,,,,,,
val,20250305_125432.jpg,OK,12000,163202.0,0.8953888323524593,0.6564384915587995,0.5512243509292603,0.004014233592897654,0.0038680732250213623,0.005098128225654364,0.0057229818776249886,0.005872130393981934,1.8286497152075754e-06,targets\val\20250305_125432_mask.png,targets\val\20250305_125432_cavity_depth.npy
val,20250305_125440.jpg,OK,12000,154888.0,0.36981101140917705,0.2709862784413244,0.09746754914522171,0.0036563884932547808,0.0035898983478546143,0.004302489571273327,0.005055526737123728,0.0056213438510894775,2.117672465828946e-06,targets\val\20250305_125440_mask.png,targets\val\20250305_125440_cavity_depth.npy
val,20250305_125815.jpg,OK,11954,86633.0,0.1947081498449792,0.09807328639930732,0.02058415487408638,0.005988449789583683,0.0056547969579696655,0.009756418876349926,0.011288061738014221,0.01170012354850769,3.4777244763972703e-06,targets\val\20250305_125815_mask.png,targets\val\20250305_125815_cavity_depth.npy
val,20250305_131835.jpg,OK,3008,5765.0,1.9051257229171168,0.5469161657675838,0.011116442270576954,0.0460335947573185,0.030093654990196228,0.1086004227399826,0.12621299922466278,0.14506343007087708,3.591883432818577e-05,targets\val\20250305_131835_mask.png,targets\val\20250305_131835_cavity_depth.npy
val,20250305_131930.jpg,OK,12000,143533.0,0.9949967834304314,0.48036250909284917,0.45279812812805176,0.009837948717176914,0.010202884674072266,0.014250743202865124,0.01611429825425148,0.018256545066833496,0.0002335253666387871,targets\val\20250305_131930_mask.png,targets\val\20250305_131930_cavity_depth.npy
val,20250305_132636.jpg,OK,11739,116673.0,0.9655225193253956,0.818222691206874,0.6684461236000061,0.006060482002794743,0.005700111389160156,0.009230327792465687,0.01200913731008768,0.013556122779846191,3.4345117455814034e-05,targets\val\20250305_132636_mask.png,targets\val\20250305_132636_cavity_depth.npy
val,20250305_133552.jpg,FAILED_GEOMETRY,12000,,,,,,,,,,,,
val,20250305_134250.jpg,FAILED_GEOMETRY,12000,,,,,,,,,,,,
val,20250305_135157.jpg,FAILED_GEOMETRY,12000,,,,,,,,,,,,
val,20250305_135325.jpg,OK,11942,122914.0,1.1890817558382536,0.8886669435282366,0.7493578791618347,0.005253415554761887,0.0046787261962890625,0.008095920085906982,0.010914236307144165,0.011525511741638184,4.749900836031884e-05,targets\val\20250305_135325_mask.png,targets\val\20250305_135325_cavity_depth.npy
val,20250305_135341.jpg,OK,11985,20307.0,1.2671224555480332,0.408696200655476,0.21134428679943085,0.004269463941454887,0.004138350486755371,0.005481111817061901,0.006586049683392048,0.006605267524719238,2.6413229079480516e-06,targets\val\20250305_135341_mask.png,targets\val\20250305_135341_cavity_depth.npy
val,20250305_140447.jpg,OK,12000,64335.0,0.21448081486351683,0.1344367387857439,0.026932554319500923,0.004150114953517914,0.004028826951980591,0.00529206357896328,0.0061846948228776455,0.0067085325717926025,3.2107307106343796e-06,targets\val\20250305_140447_mask.png,targets\val\20250305_140447_cavity_depth.npy
val,20250305_140842.jpg,OK,12000,74180.0,1.0985568506816368,0.3063032976095188,0.280392050743103,0.006530269049108028,0.006531774997711182,0.009371721185743809,0.01113101840019226,0.011935234069824219,7.915675814729184e-05,targets\val\20250305_140842_mask.png,targets\val\20250305_140842_cavity_depth.npy
val,20250305_142529.jpg,OK,12000,48602.0,1.2260772499386987,0.35404552199986966,0.17464037239551544,0.005036504473537207,0.004752099514007568,0.007326483726501465,0.008767763152718544,0.009607493877410889,5.33560014446266e-05,targets\val\20250305_142529_mask.png,targets\val\20250305_142529_cavity_depth.npy
val,20250305_142551.jpg,FAILED_GEOMETRY,11955,,,,,,,,,,,,
val,20250305_142717.jpg,FAILED_GEOMETRY,12000,,,,,,,,,,,,
val,20250305_143250.jpg,FAILED_GEOMETRY,12000,,,,,,,,,,,,
val,20250305_143325.jpg,OK,11717,94643.0,0.9971093000822919,0.5706159803427729,0.4314098358154297,0.005311515182256699,0.005112886428833008,0.0073954579420387745,0.009210190735757351,0.010869026184082031,1.8506445485400036e-05,targets\val\20250305_143325_mask.png,targets\val\20250305_143325_cavity_depth.npy
val,20250305_150021.jpg,FAILED_GEOMETRY,12000,,,,,,,,,,,,
val,20250305_150132.jpg,OK,11996,93675.0,2.227282338333761,0.5381947448102316,0.8667553663253784,0.008053477853536606,0.007833242416381836,0.012318754568696022,0.014184607192873955,0.015793681144714355,0.0006397754768840969,targets\val\20250305_150132_mask.png,targets\val\20250305_150132_cavity_depth.npy
val,20250305_150419.jpg,OK,12000,105746.0,0.8454937161781153,0.6223497236646429,0.42804259061813354,0.005248488858342171,0.005086004734039307,0.007303118705749512,0.009302961640059948,0.010759711265563965,1.8857426766771823e-05,targets\val\20250305_150419_mask.png,targets\val\20250305_150419_cavity_depth.npy
val,20250305_150506.jpg,OK,11513,94734.0,2.1468783918667476,0.7630317909448572,1.0186069011688232,0.008307280018925667,0.0073577165603637695,0.014208387583494186,0.019023951143026352,0.02358996868133545,0.0005734573933295906,targets\val\20250305_150506_mask.png,targets\val\20250305_150506_cavity_depth.npy
val,20250305_152851.jpg,OK,11790,81898.0,1.3787881000870261,0.7684702407794359,0.692659854888916,0.007857048884034157,0.007612884044647217,0.012200557626783848,0.016030361875891685,0.01802206039428711,0.00011684352648444474,targets\val\20250305_152851_mask.png,targets\val\20250305_152851_cavity_depth.npy
test,20250227_141738.jpg,FAILED_GEOMETRY,12000,,,,,,,,,,,,
test,20250227_162618.jpg,OK,11974,88120.0,1.1869580218881033,0.6010154138486521,0.5268347263336182,0.00428191851824522,0.004030585289001465,0.005640482995659113,0.006508254911750555,0.007232666015625,4.780930794368032e-06,targets\test\20250227_162618_mask.png,targets\test\20250227_162618_cavity_depth.npy
test,20250227_162635.jpg,OK,12000,169553.0,1.2527071524124922,0.9138544639091077,0.7257851362228394,0.00732136145234108,0.006207793951034546,0.012811493128538132,0.015449577942490578,0.016488313674926758,0.00011830017319880426,targets\test\20250227_162635_mask.png,targets\test\20250227_162635_cavity_depth.npy
test,20250227_162958.jpg,FAILED_GEOMETRY,12000,,,,,,,,,,,,
test,20250227_163022.jpg,OK,11999,64763.0,1.0150149299432014,0.5569585236512844,0.24591964483261108,0.007139365188777447,0.006635725498199463,0.01142972707748413,0.013329272158443928,0.01445305347442627,6.065509296604432e-05,targets\test\20250227_163022_mask.png,targets\test\20250227_163022_cavity_depth.npy
test,20250227_170115.jpg,FAILED_GEOMETRY,12000,,,,,,,,,,,,
test,20250227_170321.jpg,FAILED_GEOMETRY,11430,,,,,,,,,,,,
test,20250227_171126.jpg,FAILED_GEOMETRY,12000,,,,,,,,,,,,
test,20250227_171548.jpg,FAILED_GEOMETRY,12000,,,,,,,,,,,,
test,20250227_171601.jpg,FAILED_GEOMETRY,12000,,,,,,,,,,,,
test,20250227_172623.jpg,OK,12000,62737.0,0.5586604842636255,0.20911723910717972,0.10232683271169662,0.009844401851296425,0.010579228401184082,0.014319896697998047,0.01605122908949852,0.017015039920806885,3.1940871849656105e-05,targets\test\20250227_172623_mask.png,targets\test\20250227_172623_cavity_depth.npy
test,20250227_172833.jpg,FAILED_GEOMETRY,11808,,,,,,,,,,,,
test,20250227_172837.jpg,FAILED_GEOMETRY,11184,,,,,,,,,,,,
test,20250227_173255.jpg,OK,12000,72970.0,0.6889382848482428,0.6025311959731713,0.36821967363357544,0.006073122378438711,0.005245208740234375,0.009929871186614037,0.011105046607553959,0.011429190635681152,1.14164413389517e-05,targets\test\20250227_173255_mask.png,targets\test\20250227_173255_cavity_depth.npy
test,20250227_173648.jpg,OK,11839,45318.0,0.48692710833753117,0.1078120753836809,0.04807109385728836,0.00464989198371768,0.004583775997161865,0.006035399157553911,0.007009424269199371,0.00725477933883667,9.316810974269174e-06,targets\test\20250227_173648_mask.png,targets\test\20250227_173648_cavity_depth.npy
test,20250227_173957.jpg,FAILED_GEOMETRY,12000,,,,,,,,,,,,
test,20250227_174536.jpg,FAILED_GEOMETRY,12000,,,,,,,,,,,,
test,20250227_175029.jpg,FAILED_GEOMETRY,11995,,,,,,,,,,,,
test,20250227_180537.jpg,OK,12000,42989.0,0.39039893014467386,0.22131461663242308,0.08737949281930923,0.005086819175630808,0.00523647665977478,0.00645492086187005,0.007088256999850273,0.007193922996520996,6.225998731679283e-06,targets\test\20250227_180537_mask.png,targets\test\20250227_180537_cavity_depth.npy
test,20250227_183431.jpg,OK,11994,77012.0,0.6537416462422796,0.5578877313639453,0.3600325584411621,0.00920749269425869,0.007952213287353516,0.016434727236628532,0.021122168749570847,0.02228522300720215,0.0001729400100884959,targets\test\20250227_183431_mask.png,targets\test\20250227_183431_cavity_depth.npy
test,20250227_183800.jpg,FAILED_GEOMETRY,12000,,,,,,,,,,,,
test,20250227_184207.jpg,OK,12000,92262.0,0.9070051120039607,0.7454691071744902,0.5247634649276733,0.005706151016056538,0.005292415618896484,0.008509254083037376,0.012043043039739132,0.014525532722473145,6.915232370374724e-05,targets\test\20250227_184207_mask.png,targets\test\20250227_184207_cavity_depth.npy
test,20250227_185502.jpg,FAILED_GEOMETRY,12000,,,,,,,,,,,,
test,20250227_190012.jpg,OK,12000,73071.0,0.8798209117708207,0.595760035786413,0.41508111357688904,0.005405347794294357,0.004929184913635254,0.008077442646026611,0.009357907809317112,0.009411931037902832,2.6352997792855604e-06,targets\test\20250227_190012_mask.png,targets\test\20250227_190012_cavity_depth.npy
test,20250227_190842.jpg,OK,11934,151706.0,1.1762776469285527,1.0338230431201967,0.9819296598434448,0.004538238514214754,0.0043604373931884766,0.005944728851318359,0.007174420170485973,0.008185505867004395,1.772058749338612e-05,targets\test\20250227_190842_mask.png,targets\test\20250227_190842_cavity_depth.npy
test,20250227_192501.jpg,OK,12000,77855.0,0.4795484801545724,0.3927171501579818,0.1744145154953003,0.0033776219934225082,0.003257930278778076,0.003840804100036621,0.003966623451560736,0.0039730072021484375,3.30373012502605e-07,targets\test\20250227_192501_mask.png,targets\test\20250227_192501_cavity_depth.npy
test,20250305_021453.jpg,OK,11928,98143.0,1.2153406973410212,0.6859548990100985,0.774058997631073,0.005550478585064411,0.005045294761657715,0.008778642863035202,0.012128192000091076,0.013292908668518066,2.483255411789287e-05,targets\test\20250305_021453_mask.png,targets\test\20250305_021453_cavity_depth.npy
test,20250305_021640.jpg,OK,11987,39681.0,0.5993035363159677,0.18411871809118247,0.10724517703056335,0.004402272868901491,0.004397839307785034,0.005468475632369518,0.00631000055000186,0.0071901679039001465,1.899692324514035e-05,targets\test\20250305_021640_mask.png,targets\test\20250305_021640_cavity_depth.npy
test,20250305_022052.jpg,OK,11181,55882.0,2.2392738990846155,0.3595875647517621,0.6203566789627075,0.006535382941365242,0.006174802780151367,0.010025310330092907,0.013487360440194607,0.014357924461364746,2.856662104022689e-05,targets\test\20250305_022052_mask.png,targets\test\20250305_022052_cavity_depth.npy
test,20250305_023142.jpg,OK,12000,100331.0,0.8514300402633259,0.3852178319824522,0.31526267528533936,0.0071129570715129375,0.007142901420593262,0.01035440992563963,0.012785108759999275,0.014424681663513184,0.00014406674017664045,targets\test\20250305_023142_mask.png,targets\test\20250305_023142_cavity_depth.npy
test,20250305_024357.jpg,OK,12000,60334.0,0.6245647957444649,0.2021626572963264,0.12137777358293533,0.003549546003341675,0.003513723611831665,0.004072064068168402,0.004206716548651457,0.004221677780151367,6.886785541837526e-08,targets\test\20250305_024357_mask.png,targets\test\20250305_024357_cavity_depth.npy
test,20250305_031412.jpg,OK,12000,40766.0,0.8824671172891226,0.17253369653887862,0.10341492295265198,0.004523293115198612,0.0044463276863098145,0.005850613117218018,0.0063804094679653645,0.006542861461639404,1.7480065253039356e-06,targets\test\20250305_031412_mask.png,targets\test\20250305_031412_cavity_depth.npy
test,20250305_035753.jpg,FAILED_GEOMETRY,12000,,,,,,,,,,,,
test,20250305_041543.jpg,FAILED_GEOMETRY,12000,,,,,,,,,,,,
test,20250305_042158.jpg,FAILED_GEOMETRY,12000,,,,,,,,,,,,
test,20250305_043508.jpg,OK,11999,58904.0,1.6251000213740974,0.37682118816317367,0.3897375166416168,0.0075439102947711945,0.006812334060668945,0.012547111138701439,0.01773175224661827,0.01986086368560791,0.00021982066391501576,targets\test\20250305_043508_mask.png,targets\test\20250305_043508_cavity_depth.npy
test,20250305_043741.jpg,OK,12000,60717.0,0.7004941080437914,0.5332544203709442,0.3227173984050751,0.006005804520100355,0.0057520270347595215,0.008552586659789085,0.010508854873478413,0.011479854583740234,2.148430939996615e-05,targets\test\20250305_043741_mask.png,targets\test\20250305_043741_cavity_depth.npy
test,20250305_052509.jpg,FAILED_GEOMETRY,12000,,,,,,,,,,,,
test,20250305_052609.jpg,OK,11061,70268.0,0.6663909160947158,0.3260303554525277,0.22956131398677826,0.0038269374053925276,0.0037263333797454834,0.004649460315704346,0.005182350520044565,0.005457282066345215,3.1318738820118597e-06,targets\test\20250305_052609_mask.png,targets\test\20250305_052609_cavity_depth.npy
test,20250305_052731.jpg,FAILED_GEOMETRY,12000,,,,,,,,,,,,
test,20250305_053130.jpg,FAILED_GEOMETRY,12000,,,,,,,,,,,,
test,20250305_053309.jpg,FAILED_GEOMETRY,12000,,,,,,,,,,,,
test,20250305_053421.jpg,OK,12000,66423.0,0.9431411606338981,0.38540858549321133,0.32575738430023193,0.009391678497195244,0.009102046489715576,0.014935565181076527,0.01775527559220791,0.01964259147644043,0.00012172651622677222,targets\test\20250305_053421_mask.png,targets\test\20250305_053421_cavity_depth.npy
test,20250305_053506.jpg,FAILED_GEOMETRY,12000,,,,,,,,,,,,
test,20250305_053631.jpg,OK,12000,48691.0,0.6686765272542148,0.22326014637397845,0.15258409082889557,0.004869059659540653,0.004592865705490112,0.006714761257171631,0.009051271714270115,0.01014256477355957,2.0087132725166157e-05,targets\test\20250305_053631_mask.png,targets\test\20250305_053631_cavity_depth.npy
test,20250305_053817.jpg,OK,12000,22063.0,0.5228983895255535,0.13113052387459653,0.057580817490816116,0.003554787253960967,0.0035129189491271973,0.004161339718848467,0.004276036284863949,0.004288792610168457,2.8207796276547015e-07,targets\test\20250305_053817_mask.png,targets\test\20250305_053817_cavity_depth.npy
test,20250305_053902.jpg,FAILED_GEOMETRY,12000,,,,,,,,,,,,
test,20250305_055220.jpg,OK,12000,72221.0,0.8407432873877856,0.3986902630334034,0.22167536616325378,0.010148044675588608,0.0111769437789917,0.013531028293073177,0.01615266688168049,0.017940104007720947,1.8245629689772613e-05,targets\test\20250305_055220_mask.png,targets\test\20250305_055220_cavity_depth.npy
test,20250305_055253.jpg,OK,12000,35265.0,0.190324583718707,0.1241947997271405,0.024229083210229874,0.003397643566131592,0.0033825337886810303,0.0036893070209771395,0.0038183003198355436,0.0038359761238098145,4.3078692613107705e-08,targets\test\20250305_055253_mask.png,targets\test\20250305_055253_cavity_depth.npy
test,20250305_060414.jpg,OK,12000,99267.0,1.0746921765442017,0.676134988611295,0.5599030256271362,0.006214517634361982,0.005523562431335449,0.010132908821105957,0.0134194977581501,0.014858603477478027,7.566435670014471e-05,targets\test\20250305_060414_mask.png,targets\test\20250305_060414_cavity_depth.npy
test,20250305_060649.jpg,FAILED_GEOMETRY,12000,,,,,,,,,,,,
test,20250305_061029.jpg,FAILED_GEOMETRY,12000,,,,,,,,,,,,
test,20250305_083140.jpg,OK,11999,102216.0,0.8493130219429434,0.3951169797429934,0.20628157258033752,0.003669832367449999,0.0034471452236175537,0.004700034856796265,0.005423583090305328,0.005877196788787842,3.390159918126301e-06,targets\test\20250305_083140_mask.png,targets\test\20250305_083140_cavity_depth.npy
test,20250305_095046.jpg,OK,12000,150605.0,0.5823272628336594,0.2920334131305256,0.1549549549818039,0.0035682113375514746,0.003510206937789917,0.0041463435627520084,0.0046401857398450375,0.0048465728759765625,1.2833882010454545e-06,targets\test\20250305_095046_mask.png,targets\test\20250305_095046_cavity_depth.npy
test,20250305_095343.jpg,FAILED_GEOMETRY,12000,,,,,,,,,,,,
test,20250305_095815.jpg,FAILED_GEOMETRY,12000,,,,,,,,,,,,
test,20250305_095918.jpg,OK,12000,113309.0,0.2956471463899075,0.1728217568603858,0.04805276170372963,0.005910850595682859,0.005720317363739014,0.008494442328810692,0.009945349767804146,0.010856598615646362,2.6979549147654325e-05,targets\test\20250305_095918_mask.png,targets\test\20250305_095918_cavity_depth.npy
test,20250305_100402.jpg,OK,12000,169525.0,0.49117743034232864,0.35489262493250784,0.1567533314228058,0.006217482499778271,0.006440788507461548,0.008469581604003906,0.009269865229725838,0.009916752576828003,4.337791324360296e-05,targets\test\20250305_100402_mask.png,targets\test\20250305_100402_cavity_depth.npy
test,20250305_101722.jpg,OK,11618,43090.0,1.5288453161363575,0.3746280002879825,0.25416046380996704,0.00674132164567709,0.006071567535400391,0.011187266558408737,0.01708345115184784,0.018879055976867676,0.0001840537297539413,targets\test\20250305_101722_mask.png,targets\test\20250305_101722_cavity_depth.npy
test,20250305_101733.jpg,FAILED_GEOMETRY,12000,,,,,,,,,,,,
test,20250305_102838.jpg,OK,12000,132983.0,0.5124683155680878,0.44848877832210227,0.22133783996105194,0.0032482072710990906,0.0031909942626953125,0.0035002827644348145,0.003806734224781394,0.0038423538208007812,7.82766278462077e-08,targets\test\20250305_102838_mask.png,targets\test\20250305_102838_cavity_depth.npy
test,20250305_102854.jpg,OK,12000,178245.0,0.7796632259590857,0.4047512957698294,0.19609729945659637,0.005842768121510744,0.004771828651428223,0.010068606585264206,0.01723223738372326,0.01881319284439087,2.5733312213560566e-05,targets\test\20250305_102854_mask.png,targets\test\20250305_102854_cavity_depth.npy
test,20250305_103950.jpg,OK,12000,92251.0,1.523697956563312,0.5508438424300928,0.43382391333580017,0.005187724716961384,0.004869043827056885,0.007444356568157673,0.008904163725674152,0.010083198547363281,3.673947139759548e-05,targets\test\20250305_103950_mask.png,targets\test\20250305_103950_cavity_depth.npy
test,20250305_110414.jpg,OK,11062,113129.0,0.9247658612634467,0.5633173040728352,0.38965409994125366,0.0059875017032027245,0.005504965782165527,0.009277702309191227,0.012160496786236763,0.013049185276031494,2.8449840101529844e-05,targets\test\20250305_110414_mask.png,targets\test\20250305_110414_cavity_depth.npy
test,20250305_110944.jpg,OK,12000,71383.0,0.6237454287825015,0.24726986517618735,0.13311362266540527,0.004936714190989733,0.0047338008880615234,0.0066963196732103825,0.0086983572691679,0.0094071626663208,1.3599632438854314e-05,targets\test\20250305_110944_mask.png,targets\test\20250305_110944_cavity_depth.npy
test,20250305_111241.jpg,FAILED_GEOMETRY,12000,,,,,,,,,,,,
test,20250305_111624.jpg,OK,11956,36090.0,0.20973056125018802,0.08936584759847538,0.009793982841074467,0.003568568965420127,0.0035254955291748047,0.004119562916457653,0.004420371726155281,0.0046578049659729,4.344572630543553e-07,targets\test\20250305_111624_mask.png,targets\test\20250305_111624_cavity_depth.npy
test,20250305_113508.jpg,FAILED_GEOMETRY,12000,,,,,,,,,,,,
test,20250305_114447.jpg,OK,12000,25239.0,0.14515621218105612,0.1285192991813278,0.015892185270786285,0.005637107416987419,0.005517005920410156,0.00822526216506958,0.008799279108643532,0.009055554866790771,1.499696918472182e-05,targets\test\20250305_114447_mask.png,targets\test\20250305_114447_cavity_depth.npy
test,20250305_114555.jpg,FAILED_GEOMETRY,12000,,,,,,,,,,,,
test,20250305_122203.jpg,FAILED_GEOMETRY,12000,,,,,,,,,,,,
test,20250305_123822.jpg,OK,12000,107350.0,0.4540558644813433,0.35917303467904077,0.15909600257873535,0.004885850008577108,0.004711627960205078,0.0067389607429504395,0.008498789742588997,0.009058475494384766,7.5347306847106665e-06,targets\test\20250305_123822_mask.png,targets\test\20250305_123822_cavity_depth.npy
test,20250305_123917.jpg,OK,12000,117345.0,0.6223320934249115,0.3888229901429474,0.22245493531227112,0.003660673974081874,0.0036340057849884033,0.004024946596473455,0.004582689609378576,0.00465083122253418,6.99601656606319e-08,targets\test\20250305_123917_mask.png,targets\test\20250305_123917_cavity_depth.npy
test,20250305_124338.jpg,OK,12000,179464.0,0.7714714682768994,0.6096983456722128,0.4468047618865967,0.008594579994678497,0.007966935634613037,0.014051701873540878,0.017689526081085205,0.018855392932891846,0.00053914834279567,targets\test\20250305_124338_mask.png,targets\test\20250305_124338_cavity_depth.npy
test,20250305_124654.jpg,OK,12000,126607.0,0.550477924818976,0.42203993321412425,0.21631836891174316,0.007288448512554169,0.006227940320968628,0.01256406307220459,0.015465009026229382,0.016539454460144043,4.783442636835389e-05,targets\test\20250305_124654_mask.png,targets\test\20250305_124654_cavity_depth.npy
test,20250305_124804.jpg,OK,11985,173468.0,1.0219041342204134,0.7267100477315729,0.7037265300750732,0.006082148291170597,0.0058095455169677734,0.009199380874633789,0.01189683098345995,0.0133134126663208,5.290167609928176e-05,targets\test\20250305_124804_mask.png,targets\test\20250305_124804_cavity_depth.npy
test,20250305_124827.jpg,OK,12000,118137.0,0.6570433110195827,0.5575672012838766,0.3489777743816376,0.005288396496325731,0.005033731460571289,0.007492792326956987,0.00893440656363964,0.010502994060516357,3.144336005789228e-05,targets\test\20250305_124827_mask.png,targets\test\20250305_124827_cavity_depth.npy
test,20250305_124833.jpg,OK,12000,185366.0,1.084934282388815,0.7855684229813082,0.7633655071258545,0.006386082153767347,0.005717456340789795,0.010218488983809948,0.013728722929954529,0.015533804893493652,4.295310645829886e-05,targets\test\20250305_124833_mask.png,targets\test\20250305_124833_cavity_depth.npy
test,20250305_125129.jpg,FAILED_GEOMETRY,12000,,,,,,,,,,,,
test,20250305_125220.jpg,FAILED_GEOMETRY,12000,,,,,,,,,,,,
test,20250305_125700.jpg,OK,11979,82364.0,0.7560854833181792,0.6150938259467682,0.40648287534713745,0.004214493557810783,0.00395125150680542,0.005712342448532581,0.005924044642597437,0.005995988845825195,2.9808957151544746e-06,targets\test\20250305_125700_mask.png,targets\test\20250305_125700_cavity_depth.npy
test,20250305_132656.jpg,OK,11980,135589.0,0.971476484121422,0.47775935010905224,0.42504245042800903,0.008388611488044262,0.008189350366592407,0.013042658567428589,0.014780898578464985,0.015721619129180908,8.951727068051696e-05,targets\test\20250305_132656_mask.png,targets\test\20250305_132656_cavity_depth.npy
test,20250305_132706.jpg,OK,11802,122065.0,1.1347330094595307,0.5267870457874304,0.4790576100349426,0.007119905669242144,0.006847381591796875,0.011078214272856712,0.013607501052320004,0.015168249607086182,8.576438995078206e-05,targets\test\20250305_132706_mask.png,targets\test\20250305_132706_cavity_depth.npy
test,20250305_132930.jpg,FAILED_GEOMETRY,12000,,,,,,,,,,,,
test,20250305_133709.jpg,FAILED_GEOMETRY,12000,,,,,,,,,,,,
test,20250305_134208.jpg,OK,11876,70089.0,0.5800933368604324,0.3858781939809757,0.20953162014484406,0.006204632576555014,0.00535130500793457,0.010512745007872581,0.013964714482426643,0.015518784523010254,4.294346217648126e-05,targets\test\20250305_134208_mask.png,targets\test\20250305_134208_cavity_depth.npy
test,20250305_135009.jpg,OK,11891,45197.0,1.8282923426712911,0.4638025537598759,0.35627281665802,0.006773884873837233,0.006506443023681641,0.009945105761289597,0.012423519976437092,0.0136488676071167,0.00016586485435254872,targets\test\20250305_135009_mask.png,targets\test\20250305_135009_cavity_depth.npy
test,20250305_135133.jpg,FAILED_GEOMETRY,12000,,,,,,,,,,,,
test,20250305_135259.jpg,OK,12000,53561.0,0.2643692442275626,0.21562113846834452,0.05398149788379669,0.00476312730461359,0.00460582971572876,0.006467234808951616,0.007434783037751913,0.007744014263153076,7.151124918891583e-06,targets\test\20250305_135259_mask.png,targets\test\20250305_135259_cavity_depth.npy
test,20250305_135344.jpg,OK,11922,12689.0,0.48756401201112376,0.3986795408852928,0.14423495531082153,0.007607600186020136,0.0065378546714782715,0.013086497783660889,0.016437429934740067,0.016734719276428223,2.5227580408682115e-05,targets\test\20250305_135344_mask.png,targets\test\20250305_135344_cavity_depth.npy
test,20250305_135431.jpg,OK,12000,111747.0,0.43985201999204326,0.23558613424176011,0.09506301581859589,0.004858572967350483,0.004850789904594421,0.006350603420287371,0.007115604821592569,0.007423520088195801,9.446587228012504e-07,targets\test\20250305_135431_mask.png,targets\test\20250305_135431_cavity_depth.npy
test,20250305_141449.jpg,FAILED_GEOMETRY,12000,,,,,,,,,,,,
test,20250305_142205.jpg,OK,12000,80464.0,0.6793469120188835,0.2868439451133128,0.16801334917545319,0.004406938329339027,0.004366636276245117,0.005713343620300293,0.006298929452896118,0.006322622299194336,3.2653979360475205e-06,targets\test\20250305_142205_mask.png,targets\test\20250305_142205_cavity_depth.npy
test,20250305_142518.jpg,FAILED_GEOMETRY,12000,,,,,,,,,,,,
test,20250305_143046.jpg,OK,12000,52644.0,1.3288741824543988,0.2591058266339361,0.1941872239112854,0.00705295242369175,0.006797850131988525,0.010949492454528809,0.013667568564414978,0.014971911907196045,0.00024847270105965436,targets\test\20250305_143046_mask.png,targets\test\20250305_143046_cavity_depth.npy
test,20250305_143927.jpg,FAILED_GEOMETRY,12000,,,,,,,,,,,,
test,20250305_150029.jpg,OK,12000,142211.0,1.2446837420087804,0.5936175532603968,0.5425103306770325,0.006741391494870186,0.006410717964172363,0.01052027940750122,0.01197767909616232,0.012817144393920898,3.4745327866403386e-05,targets\test\20250305_150029_mask.png,targets\test\20250305_150029_cavity_depth.npy
test,20250305_150113.jpg,OK,11877,57738.0,1.6834015336828683,0.3640198341252898,0.5014815330505371,0.008943136781454086,0.008117198944091797,0.01550814975053072,0.019949188455939293,0.022422432899475098,0.0004308858187869191,targets\test\20250305_150113_mask.png,targets\test\20250305_150113_cavity_depth.npy
test,20250305_150348.jpg,OK,12000,93556.0,0.5933131055651131,0.5708867369039483,0.3147098422050476,0.004195604007691145,0.00406193733215332,0.0053428648971021175,0.005808545742183924,0.005855083465576172,5.831697649227863e-07,targets\test\20250305_150348_mask.png,targets\test\20250305_150348_cavity_depth.npy
