split,file,shape,dtype,min,max,mean_positive,median_positive,p99_positive,zero_fraction,finite_fraction,positive_fraction
train,20250227_135438.npy,"(480, 640)",uint16,0.0,1470.0,1166.8058004511922,1169.0,1419.0,0.059205729166666665,1.0,0.9407942708333333
train,20250227_135652.npy,"(480, 640)",uint16,0.0,12583.0,1341.9441034003166,1335.0,1611.0,0.04975911458333333,1.0,0.9502408854166666
train,20250227_140407.npy,"(480, 640)",uint16,0.0,1621.0,1074.3002172349002,1055.0,1512.0,0.06794921875,1.0,0.93205078125
train,20250227_141050.npy,"(480, 640)",uint16,0.0,1091.0,803.8649387911921,803.0,1037.0,0.076494140625,1.0,0.923505859375
train,20250227_141418.npy,"(480, 640)",uint16,0.0,1402.0,1005.3699491828046,995.0,1326.0,0.051953125,1.0,0.948046875
train,20250227_142113.npy,"(480, 640)",uint16,0.0,2774.0,1642.5748981936597,1585.0,2535.0,0.04236328125,1.0,0.95763671875
train,20250227_142636.npy,"(480, 640)",uint16,0.0,1947.0,1215.0071622952164,1185.0,1798.0,0.047838541666666665,1.0,0.9521614583333333
train,20250227_142923.npy,"(480, 640)",uint16,0.0,1040.0,811.5406501800252,812.0,1001.0,0.06516276041666667,1.0,0.9348372395833333
train,20250227_143049.npy,"(480, 640)",uint16,0.0,919.0,721.225042946447,719.0,903.0,0.08664713541666667,1.0,0.9133528645833333
train,20250227_143331.npy,"(480, 640)",uint16,0.0,806.0,648.7445693410144,646.0,794.0,0.07330729166666666,1.0,0.9266927083333333
train,20250227_151014.npy,"(480, 640)",uint16,0.0,16515.0,1093.1826145182335,1079.0,1434.0,0.052018229166666666,1.0,0.9479817708333333
train,20250227_152725.npy,"(480, 640)",uint16,0.0,1139.0,989.2736873941867,986.0,1128.0,0.06362955729166667,1.0,0.9363704427083334
train,20250227_152914.npy,"(480, 640)",uint16,0.0,1972.0,1446.8567049729875,1438.0,1922.0,0.047392578125,1.0,0.952607421875
train,20250227_154005.npy,"(480, 640)",uint16,0.0,1426.0,1037.208974194688,1029.0,1383.0,0.06009440104166667,1.0,0.9399055989583334
train,20250227_154322.npy,"(480, 640)",uint16,0.0,1121.0,964.7053815580009,971.0,1102.0,0.065517578125,1.0,0.934482421875
train,20250227_154522.npy,"(480, 640)",uint16,0.0,1936.0,1425.971316391073,1434.0,1851.0,0.047392578125,1.0,0.952607421875
train,20250227_155233.npy,"(480, 640)",uint16,0.0,1430.0,979.627143118071,964.0,1350.0,0.05542643229166667,1.0,0.9445735677083333
train,20250227_155737.npy,"(480, 640)",uint16,0.0,3293.0,2049.6492106539513,1998.0,3029.0,0.046959635416666666,1.0,0.9530403645833333
train,20250227_155838.npy,"(480, 640)",uint16,0.0,5872.0,2378.0257343322633,2202.0,4939.0,0.041943359375,1.0,0.958056640625
train,20250227_161423.npy,"(480, 640)",uint16,0.0,12290.0,948.8649563482252,945.0,1141.0,0.06523763020833333,1.0,0.9347623697916667
train,20250227_161957.npy,"(480, 640)",uint16,0.0,4228.0,2333.4106228157552,2153.0,4065.0,0.03595377604166667,1.0,0.9640462239583333
train,20250227_162352.npy,"(480, 640)",uint16,0.0,2068.0,1452.9905206149308,1404.0,2029.0,0.046725260416666664,1.0,0.9532747395833333
train,20250227_162629.npy,"(480, 640)",uint16,0.0,1616.0,1048.2209815946676,1005.0,1554.0,0.058916015625,1.0,0.941083984375
train,20250227_162651.npy,"(480, 640)",uint16,0.0,1871.0,1176.0461202245879,1126.0,1791.0,0.05266276041666667,1.0,0.9473372395833334
train,20250227_162942.npy,"(480, 640)",uint16,0.0,3421.0,2023.9106852819361,1894.0,3345.0,0.037994791666666666,1.0,0.9620052083333334
train,20250227_163015.npy,"(480, 640)",uint16,0.0,2089.0,1424.7118677613753,1382.0,2009.0,0.04607421875,1.0,0.95392578125
train,20250227_163135.npy,"(480, 640)",uint16,0.0,1163.0,933.34368936782,926.0,1138.0,0.06717447916666666,1.0,0.9328255208333334
train,20250227_163300.npy,"(480, 640)",uint16,0.0,1281.0,1122.6765688067064,1126.0,1273.0,0.056412760416666666,1.0,0.9435872395833333
train,20250227_163440.npy,"(480, 640)",uint16,0.0,2056.0,1489.3220367381552,1460.0,1965.0,0.04802083333333333,1.0,0.9519791666666667
train,20250227_163601.npy,"(480, 640)",uint16,0.0,15319.0,1543.0695156578759,1525.0,2077.0,0.04388671875,1.0,0.95611328125
train,20250227_165206.npy,"(480, 640)",uint16,0.0,2002.0,1436.0318918474236,1419.0,1939.0,0.05033854166666667,1.0,0.9496614583333334
train,20250227_165450.npy,"(480, 640)",uint16,0.0,1756.0,1336.9619169127457,1323.0,1724.0,0.050869140625,1.0,0.949130859375
train,20250227_165536.npy,"(480, 640)",uint16,0.0,12011.0,1366.5840687953953,1359.0,1804.0,0.04986979166666667,1.0,0.9501302083333333
train,20250227_165705.npy,"(480, 640)",uint16,0.0,1848.0,1295.6461044104783,1266.0,1782.0,0.054837239583333336,1.0,0.9451627604166667
train,20250227_165810.npy,"(480, 640)",uint16,0.0,1564.0,1252.7492389832955,1245.0,1506.0,0.052545572916666665,1.0,0.9474544270833334
train,20250227_165925.npy,"(480, 640)",uint16,0.0,1321.0,921.5255999219387,910.0,1260.0,0.06590494791666666,1.0,0.9340950520833333
train,20250227_170024.npy,"(480, 640)",uint16,0.0,15100.0,737.8373789838174,732.0,894.0,0.0787109375,1.0,0.9212890625
train,20250227_170125.npy,"(480, 640)",uint16,0.0,1641.0,1193.8564950883274,1173.0,1616.0,0.05525065104166667,1.0,0.9447493489583333
train,20250227_170327.npy,"(480, 640)",uint16,0.0,12435.0,805.0713958858398,809.0,908.0,0.07522135416666667,1.0,0.9247786458333334
train,20250227_170438.npy,"(480, 640)",uint16,0.0,536.0,444.728214141776,450.0,531.0,0.1276953125,1.0,0.8723046875
train,20250227_170442.npy,"(480, 640)",uint16,0.0,1519.0,1252.858963297044,1252.0,1497.0,0.05305013020833333,1.0,0.9469498697916666
train,20250227_170443.npy,"(480, 640)",uint16,0.0,9697.0,398.15471069740624,401.0,450.0,0.14181640625,1.0,0.85818359375
train,20250227_170538.npy,"(480, 640)",uint16,0.0,1832.0,1329.6166960873365,1320.0,1801.0,0.050309244791666666,1.0,0.9496907552083333
train,20250227_170604.npy,"(480, 640)",uint16,0.0,830.0,692.9188688124813,696.0,824.0,0.08696614583333333,1.0,0.9130338541666667
train,20250227_170611.npy,"(480, 640)",uint16,0.0,974.0,813.8087022019486,821.0,965.0,0.07515625,1.0,0.92484375
train,20250227_170622.npy,"(480, 640)",uint16,0.0,856.0,759.1336359872759,767.0,848.0,0.08004231770833334,1.0,0.9199576822916666
train,20250227_170624.npy,"(480, 640)",uint16,0.0,1036.0,861.5302931117171,862.0,1016.0,0.07012044270833333,1.0,0.9298795572916667
train,20250227_170710.npy,"(480, 640)",uint16,0.0,1113.0,898.253458107399,901.0,1101.0,0.06949869791666667,1.0,0.9305013020833334
train,20250227_170729.npy,"(480, 640)",uint16,0.0,918.0,742.4275514059615,740.0,894.0,0.07816731770833334,1.0,0.9218326822916667
train,20250227_170736.npy,"(480, 640)",uint16,0.0,815.0,716.6583364059221,717.0,808.0,0.08182291666666666,1.0,0.9181770833333334
train,20250227_170828.npy,"(480, 640)",uint16,0.0,689.0,561.8841206701316,560.0,680.0,0.10309895833333334,1.0,0.8969010416666666
train,20250227_170837.npy,"(480, 640)",uint16,0.0,638.0,510.41841508441706,509.0,620.0,0.108662109375,1.0,0.891337890625
train,20250227_170852.npy,"(480, 640)",uint16,0.0,4262.0,2364.589256879556,2184.0,4065.0,0.03638671875,1.0,0.96361328125
train,20250227_170934.npy,"(480, 640)",uint16,0.0,922.0,739.9689235206781,750.0,910.0,0.081357421875,1.0,0.918642578125
train,20250227_170945.npy,"(480, 640)",uint16,0.0,11489.0,638.2814934192855,639.0,744.0,0.091064453125,1.0,0.908935546875
train,20250227_171023.npy,"(480, 640)",uint16,0.0,1631.0,1338.4689935254416,1328.0,1597.0,0.05177734375,1.0,0.94822265625
train,20250227_171035.npy,"(480, 640)",uint16,0.0,970.0,859.145465445252,869.0,957.0,0.071474609375,1.0,0.928525390625
train,20250227_171044.npy,"(480, 640)",uint16,0.0,2188.0,1610.681207368378,1587.0,2093.0,0.0436328125,1.0,0.9563671875
train,20250227_171154.npy,"(480, 640)",uint16,0.0,1082.0,934.5193308783968,936.0,1055.0,0.06827473958333333,1.0,0.9317252604166667
train,20250227_171430.npy,"(480, 640)",uint16,0.0,1002.0,885.4023069186607,898.0,989.0,0.0678515625,1.0,0.9321484375
train,20250227_171441.npy,"(480, 640)",uint16,0.0,1134.0,969.3642160878682,980.0,1108.0,0.06227864583333333,1.0,0.9377213541666667
train,20250227_171506.npy,"(480, 640)",uint16,0.0,1033.0,858.4820002732805,854.0,1024.0,0.07089518229166666,1.0,0.9291048177083333
train,20250227_171513.npy,"(480, 640)",uint16,0.0,1189.0,989.3873707494705,985.0,1176.0,0.064052734375,1.0,0.935947265625
train,20250227_171518.npy,"(480, 640)",uint16,0.0,10262.0,718.4543965569196,718.0,802.0,0.08179361979166666,1.0,0.9182063802083333
train,20250227_171539.npy,"(480, 640)",uint16,0.0,12735.0,572.5783956723227,575.0,623.0,0.101591796875,1.0,0.898408203125
train,20250227_171606.npy,"(480, 640)",uint16,0.0,11744.0,1181.461779461593,1169.0,1504.0,0.05658203125,1.0,0.94341796875
train,20250227_171856.npy,"(480, 640)",uint16,0.0,9697.0,1420.203773275311,1376.0,1972.0,0.04775065104166667,1.0,0.9522493489583334
train,20250227_172052.npy,"(480, 640)",uint16,0.0,1373.0,1168.4047968352486,1172.0,1357.0,0.05699544270833334,1.0,0.9430045572916667
train,20250227_172520.npy,"(480, 640)",uint16,0.0,1005.0,865.0882742061937,871.0,996.0,0.06994791666666667,1.0,0.9300520833333333
train,20250227_172528.npy,"(480, 640)",uint16,0.0,2211.0,1571.6155530286317,1557.0,2077.0,0.040999348958333334,1.0,0.9590006510416667
train,20250227_172615.npy,"(480, 640)",uint16,0.0,12890.0,683.6483241923486,683.0,705.0,0.08538736979166667,1.0,0.9146126302083334
train,20250227_172620.npy,"(480, 640)",uint16,0.0,12583.0,714.6718410783966,707.0,882.0,0.08235677083333333,1.0,0.9176432291666666
train,20250227_172633.npy,"(480, 640)",uint16,0.0,783.0,738.8231515455435,741.0,775.0,0.07822591145833334,1.0,0.9217740885416666
train,20250227_172639.npy,"(480, 640)",uint16,0.0,11615.0,710.5569712607884,707.0,743.0,0.08536783854166667,1.0,0.9146321614583334
train,20250227_172731.npy,"(480, 640)",uint16,0.0,724.0,679.4828962737166,678.0,721.0,0.08588541666666667,1.0,0.9141145833333333
train,20250227_172840.npy,"(480, 640)",uint16,0.0,1341.0,1198.4522975621012,1198.0,1326.0,0.054775390625,1.0,0.945224609375
train,20250227_173016.npy,"(480, 640)",uint16,0.0,920.0,860.85851435153,859.0,914.0,0.07298828125,1.0,0.92701171875
train,20250227_173136.npy,"(480, 640)",uint16,0.0,1216.0,1126.6791273393915,1134.0,1208.0,0.055361328125,1.0,0.944638671875
train,20250227_173306.npy,"(480, 640)",uint16,0.0,1659.0,1330.4951560633317,1330.0,1626.0,0.051783854166666664,1.0,0.9482161458333334
train,20250227_173312.npy,"(480, 640)",uint16,0.0,848.0,782.4790701929709,784.0,841.0,0.07490885416666666,1.0,0.9250911458333333
train,20250227_173336.npy,"(480, 640)",uint16,0.0,10570.0,1462.2122186495176,1432.0,1915.0,0.04736002604166667,1.0,0.9526399739583333
train,20250227_174003.npy,"(480, 640)",uint16,0.0,1491.0,1191.0042415582982,1180.0,1462.0,0.056796875,1.0,0.943203125
train,20250227_174013.npy,"(480, 640)",uint16,0.0,897.0,801.8137609768808,803.0,890.0,0.07550130208333333,1.0,0.9244986979166666
train,20250227_174024.npy,"(480, 640)",uint16,0.0,1117.0,1009.6913443230177,1016.0,1107.0,0.06142252604166667,1.0,0.9385774739583334
train,20250227_174035.npy,"(480, 640)",uint16,0.0,1369.0,1166.1806172111328,1169.0,1336.0,0.056259765625,1.0,0.943740234375
train,20250227_174047.npy,"(480, 640)",uint16,0.0,1710.0,1413.527654135699,1421.0,1665.0,0.050009765625,1.0,0.949990234375
train,20250227_174138.npy,"(480, 640)",uint16,0.0,1242.0,1120.7361419528183,1129.0,1232.0,0.05741861979166667,1.0,0.9425813802083334
train,20250227_174207.npy,"(480, 640)",uint16,0.0,12435.0,1192.4108477855316,1182.0,1450.0,0.05774739583333333,1.0,0.9422526041666667
train,20250227_174526.npy,"(480, 640)",uint16,0.0,1680.0,1306.7866318885087,1300.0,1641.0,0.050279947916666665,1.0,0.9497200520833333
train,20250227_174609.npy,"(480, 640)",uint16,0.0,792.0,696.9352005326759,698.0,759.0,0.0808984375,1.0,0.9191015625
train,20250227_174614.npy,"(480, 640)",uint16,0.0,1504.0,1202.4956066664138,1193.0,1468.0,0.056409505208333335,1.0,0.9435904947916667
train,20250227_174723.npy,"(480, 640)",uint16,0.0,691.0,652.0142218769599,650.0,689.0,0.08651041666666667,1.0,0.9134895833333333
train,20250227_174724.npy,"(480, 640)",uint16,0.0,2397.0,1533.0783284995075,1478.0,2349.0,0.04822916666666666,1.0,0.9517708333333333
train,20250227_174810.npy,"(480, 640)",uint16,0.0,13212.0,804.490443950774,807.0,871.0,0.07685546875,1.0,0.92314453125
train,20250227_174815.npy,"(480, 640)",uint16,0.0,12011.0,1320.8620683665067,1311.0,1697.0,0.06305013020833333,1.0,0.9369498697916666
train,20250227_174819.npy,"(480, 640)",uint16,0.0,1929.0,1313.66175513955,1291.0,1864.0,0.054228515625,1.0,0.945771484375
train,20250227_174930.npy,"(480, 640)",uint16,0.0,1001.0,943.1641325617655,946.0,993.0,0.066767578125,1.0,0.933232421875
train,20250227_175001.npy,"(480, 640)",uint16,0.0,1037.0,975.1423395300873,976.0,1034.0,0.06565104166666667,1.0,0.9343489583333333
train,20250227_175013.npy,"(480, 640)",uint16,0.0,1278.0,1163.8303218676613,1169.0,1261.0,0.057421875,1.0,0.942578125
train,20250227_175021.npy,"(480, 640)",uint16,0.0,1102.0,1034.0020878850728,1036.0,1095.0,0.059866536458333335,1.0,0.9401334635416667
train,20250227_175036.npy,"(480, 640)",uint16,0.0,958.0,932.7653709655468,933.0,952.0,0.067177734375,1.0,0.932822265625
train,20250227_175049.npy,"(480, 640)",uint16,0.0,1918.0,1469.9558653724255,1448.0,1871.0,0.04994466145833333,1.0,0.9500553385416667
train,20250227_175101.npy,"(480, 640)",uint16,0.0,10897.0,1356.5637276388243,1346.0,1594.0,0.049401041666666666,1.0,0.9505989583333333
train,20250227_175202.npy,"(480, 640)",uint16,0.0,2093.0,1282.7538667444535,1238.0,1968.0,0.05144856770833333,1.0,0.9485514322916667
train,20250227_175216.npy,"(480, 640)",uint16,0.0,11615.0,1212.5873030625346,1221.0,1302.0,0.054326171875,1.0,0.945673828125
train,20250227_175237.npy,"(480, 640)",uint16,0.0,1003.0,947.027328989207,944.0,997.0,0.06532877604166666,1.0,0.9346712239583334
train,20250227_175242.npy,"(480, 640)",uint16,0.0,969.0,831.0692209307228,828.0,960.0,0.07358072916666666,1.0,0.9264192708333333
train,20250227_175304.npy,"(480, 640)",uint16,0.0,12290.0,1049.955086396307,1049.0,1107.0,0.060696614583333336,1.0,0.9393033854166667
train,20250227_175621.npy,"(480, 640)",uint16,0.0,2435.0,1700.650170473568,1665.0,2318.0,0.04715494791666667,1.0,0.9528450520833334
train,20250227_175724.npy,"(480, 640)",uint16,0.0,785.0,738.9713064820864,737.0,782.0,0.07823893229166666,1.0,0.9217610677083333
train,20250227_175817.npy,"(480, 640)",uint16,0.0,2254.0,1687.9992384219554,1667.0,2207.0,0.051106770833333336,1.0,0.9488932291666666
train,20250227_180039.npy,"(480, 640)",uint16,0.0,12583.0,1359.425148761317,1355.0,1665.0,0.045393880208333334,1.0,0.9546061197916667
train,20250227_180158.npy,"(480, 640)",uint16,0.0,1081.0,960.6151105172318,964.0,1071.0,0.06453125,1.0,0.93546875
train,20250227_180624.npy,"(480, 640)",uint16,0.0,1601.0,1282.1733248857001,1275.0,1573.0,0.04949544270833333,1.0,0.9505045572916667
train,20250227_180722.npy,"(480, 640)",uint16,0.0,1109.0,1016.9974438605705,1030.0,1094.0,0.06398763020833333,1.0,0.9360123697916667
train,20250227_181001.npy,"(480, 640)",uint16,0.0,865.0,821.292243932567,822.0,859.0,0.0723828125,1.0,0.9276171875
train,20250227_181024.npy,"(480, 640)",uint16,0.0,656.0,618.5463022381238,615.0,651.0,0.09199544270833333,1.0,0.9080045572916666
train,20250227_181028.npy,"(480, 640)",uint16,0.0,472.0,459.0752408613812,459.0,470.0,0.12356119791666667,1.0,0.8764388020833334
train,20250227_181033.npy,"(480, 640)",uint16,0.0,605.0,587.5750101252639,589.0,603.0,0.09981770833333334,1.0,0.9001822916666666
train,20250227_182647.npy,"(480, 640)",uint16,0.0,1281.0,1127.6880752335496,1134.0,1269.0,0.05814127604166667,1.0,0.9418587239583334
train,20250227_182730.npy,"(480, 640)",uint16,0.0,13551.0,1164.2045790200139,1162.0,1280.0,0.056640625,1.0,0.943359375
train,20250227_182812.npy,"(480, 640)",uint16,0.0,12735.0,1220.7246579773177,1222.0,1374.0,0.05395833333333333,1.0,0.9460416666666667
train,20250227_182831.npy,"(480, 640)",uint16,0.0,12583.0,716.9943168950289,716.0,758.0,0.08010416666666667,1.0,0.9198958333333334
train,20250227_183114.npy,"(480, 640)",uint16,0.0,1074.0,1003.7619650852046,1003.0,1072.0,0.06207682291666667,1.0,0.9379231770833333
train,20250227_183214.npy,"(480, 640)",uint16,0.0,1747.0,1407.356160915293,1407.0,1713.0,0.04857421875,1.0,0.95142578125
train,20250227_183313.npy,"(480, 640)",uint16,0.0,1644.0,1281.0727021523642,1277.0,1566.0,0.05521158854166667,1.0,0.9447884114583334
train,20250227_183322.npy,"(480, 640)",uint16,0.0,1098.0,1004.9273389750008,1003.0,1092.0,0.06103841145833333,1.0,0.9389615885416667
train,20250227_183509.npy,"(480, 640)",uint16,0.0,1452.0,1204.1959460157873,1215.0,1428.0,0.055231119791666665,1.0,0.9447688802083334
train,20250227_183734.npy,"(480, 640)",uint16,0.0,1330.0,1143.6773988634873,1141.0,1321.0,0.057102864583333336,1.0,0.9428971354166666
train,20250227_183846.npy,"(480, 640)",uint16,0.0,12435.0,1084.2423381360948,1087.0,1192.0,0.05946940104166667,1.0,0.9405305989583334
train,20250227_184048.npy,"(480, 640)",uint16,0.0,2097.0,1571.1381708759172,1566.0,2052.0,0.04478841145833334,1.0,0.9552115885416667
train,20250227_184349.npy,"(480, 640)",uint16,0.0,1788.0,1429.3855329853811,1419.0,1756.0,0.047626953125,1.0,0.952373046875
train,20250227_184422.npy,"(480, 640)",uint16,0.0,1759.0,1394.3572296267237,1406.0,1730.0,0.054072265625,1.0,0.945927734375
train,20250227_184521.npy,"(480, 640)",uint16,0.0,949.0,881.3287327830462,883.0,945.0,0.07284830729166666,1.0,0.9271516927083333
train,20250227_184542.npy,"(480, 640)",uint16,0.0,1442.0,1266.7269814641659,1273.0,1430.0,0.053072916666666664,1.0,0.9469270833333333
train,20250227_184609.npy,"(480, 640)",uint16,0.0,10262.0,1160.9853519224741,1171.0,1252.0,0.055087890625,1.0,0.944912109375
train,20250227_184651.npy,"(480, 640)",uint16,0.0,885.0,824.4058845864477,827.0,876.0,0.07409505208333333,1.0,0.9259049479166667
train,20250227_184856.npy,"(480, 640)",uint16,0.0,1597.0,1304.231982571106,1316.0,1554.0,0.05419270833333333,1.0,0.9458072916666667
train,20250227_184930.npy,"(480, 640)",uint16,0.0,860.0,787.404771804702,788.0,852.0,0.07619791666666667,1.0,0.9238020833333334
train,20250227_184938.npy,"(480, 640)",uint16,0.0,1841.0,1467.0735245912836,1478.0,1816.0,0.04665364583333333,1.0,0.9533463541666667
train,20250227_185027.npy,"(480, 640)",uint16,0.0,1419.0,1243.1860844150262,1248.0,1396.0,0.053304036458333336,1.0,0.9466959635416666
train,20250227_185038.npy,"(480, 640)",uint16,0.0,978.0,927.3556080753212,923.0,974.0,0.06753580729166667,1.0,0.9324641927083334
train,20250227_185112.npy,"(480, 640)",uint16,0.0,582.0,546.2130249963668,543.0,579.0,0.10403645833333333,1.0,0.8959635416666667
train,20250227_185125.npy,"(480, 640)",uint16,0.0,1571.0,1302.8994104224103,1310.0,1521.0,0.054208984375,1.0,0.945791015625
train,20250227_185135.npy,"(480, 640)",uint16,0.0,15319.0,1273.8399721510873,1273.0,1462.0,0.055543619791666665,1.0,0.9444563802083333
train,20250227_185200.npy,"(480, 640)",uint16,0.0,1724.0,1430.2751163689468,1436.0,1705.0,0.048212890625,1.0,0.951787109375
train,20250227_185221.npy,"(480, 640)",uint16,0.0,10786.0,546.8642438520716,543.0,574.0,0.1046484375,1.0,0.8953515625
train,20250227_185245.npy,"(480, 640)",uint16,0.0,10786.0,312.38044857729125,311.0,334.0,0.176650390625,1.0,0.823349609375
train,20250227_185259.npy,"(480, 640)",uint16,0.0,420.0,395.7726920942454,395.0,418.0,0.13775065104166667,1.0,0.8622493489583334
train,20250227_185309.npy,"(480, 640)",uint16,0.0,419.0,390.2754970989967,389.0,417.0,0.13822916666666665,1.0,0.8617708333333334
train,20250227_185330.npy,"(480, 640)",uint16,0.0,756.0,712.9189333049449,714.0,753.0,0.082666015625,1.0,0.917333984375
train,20250227_185340.npy,"(480, 640)",uint16,0.0,10262.0,468.2272412913152,464.0,490.0,0.11982096354166667,1.0,0.8801790364583333
train,20250227_185350.npy,"(480, 640)",uint16,0.0,1060.0,1003.7800654343885,1010.0,1052.0,0.06275390625,1.0,0.93724609375
train,20250227_185406.npy,"(480, 640)",uint16,0.0,1360.0,1227.6093636933765,1232.0,1336.0,0.05531901041666667,1.0,0.9446809895833334
train,20250227_185425.npy,"(480, 640)",uint16,0.0,11365.0,1110.203229069916,1108.0,1215.0,0.05722981770833333,1.0,0.9427701822916666
train,20250227_185437.npy,"(480, 640)",uint16,0.0,981.0,922.802595661796,921.0,978.0,0.06745442708333334,1.0,0.9325455729166666
train,20250227_185446.npy,"(480, 640)",uint16,0.0,718.0,681.3341953224623,677.0,713.0,0.08611328125,1.0,0.91388671875
train,20250227_185450.npy,"(480, 640)",uint16,0.0,12890.0,599.4285524047407,593.0,620.0,0.09555013020833333,1.0,0.9044498697916666
train,20250227_185523.npy,"(480, 640)",uint16,0.0,873.0,812.3735553674836,821.0,868.0,0.07304361979166667,1.0,0.9269563802083334
train,20250227_185544.npy,"(480, 640)",uint16,0.0,9437.0,1241.460504606906,1252.0,1389.0,0.054931640625,1.0,0.945068359375
train,20250227_185556.npy,"(480, 640)",uint16,0.0,924.0,880.1226425325436,874.0,922.0,0.06950846354166666,1.0,0.9304915364583334
train,20250227_185615.npy,"(480, 640)",uint16,0.0,1064.0,988.3317042650075,993.0,1060.0,0.06350911458333333,1.0,0.9364908854166667
train,20250227_185645.npy,"(480, 640)",uint16,0.0,922.0,870.342842092325,871.0,918.0,0.07306315104166666,1.0,0.9269368489583333
train,20250227_185703.npy,"(480, 640)",uint16,0.0,1196.0,1096.8295977150603,1098.0,1188.0,0.05860026041666667,1.0,0.9413997395833333
train,20250227_190027.npy,"(480, 640)",uint16,0.0,1008.0,881.0186499059478,880.0,993.0,0.06724283854166667,1.0,0.9327571614583333
train,20250227_190037.npy,"(480, 640)",uint16,0.0,1037.0,930.1683737550637,940.0,1023.0,0.079931640625,1.0,0.920068359375
train,20250227_190104.npy,"(480, 640)",uint16,0.0,1267.0,1106.5862534253704,1109.0,1239.0,0.06155598958333333,1.0,0.9384440104166667
train,20250227_190125.npy,"(480, 640)",uint16,0.0,9609.0,775.291057895905,778.0,822.0,0.07605143229166667,1.0,0.9239485677083333
train,20250227_190146.npy,"(480, 640)",uint16,0.0,11615.0,799.1559234001224,794.0,837.0,0.07494140625,1.0,0.92505859375
train,20250227_190423.npy,"(480, 640)",uint16,0.0,1087.0,1013.2565319098721,1023.0,1075.0,0.062096354166666666,1.0,0.9379036458333333
train,20250227_190508.npy,"(480, 640)",uint16,0.0,1185.0,1082.94093283595,1090.0,1177.0,0.058440755208333334,1.0,0.9415592447916666
train,20250227_190531.npy,"(480, 640)",uint16,0.0,16778.0,1040.3523577494618,1038.0,1126.0,0.059368489583333336,1.0,0.9406315104166667
train,20250227_190609.npy,"(480, 640)",uint16,0.0,1044.0,983.1950374330064,982.0,1038.0,0.06343098958333333,1.0,0.9365690104166666
train,20250227_190626.npy,"(480, 640)",uint16,0.0,15319.0,762.8743577157104,758.0,803.0,0.07822591145833334,1.0,0.9217740885416666
train,20250227_190929.npy,"(480, 640)",uint16,0.0,614.0,583.6052518760561,588.0,612.0,0.09642903645833334,1.0,0.9035709635416667
train,20250227_191936.npy,"(480, 640)",uint16,0.0,1063.0,954.5256975138842,951.0,1055.0,0.06394205729166667,1.0,0.9360579427083333
train,20250227_192043.npy,"(480, 640)",uint16,0.0,1359.0,1153.0657552623572,1150.0,1325.0,0.058515625,1.0,0.941484375
train,20250305_021140.npy,"(480, 640)",uint16,0.0,842.0,767.3075297551028,769.0,834.0,0.07420247395833333,1.0,0.9257975260416667
train,20250305_021257.npy,"(480, 640)",uint16,0.0,1710.0,1395.1696567835916,1385.0,1652.0,0.052506510416666666,1.0,0.9474934895833333
train,20250305_021805.npy,"(480, 640)",uint16,0.0,12583.0,1247.207615132653,1255.0,1398.0,0.05290690104166667,1.0,0.9470930989583334
train,20250305_021844.npy,"(480, 640)",uint16,0.0,1073.0,983.0776430243357,995.0,1056.0,0.06405924479166666,1.0,0.9359407552083333
train,20250305_022135.npy,"(480, 640)",uint16,0.0,1255.0,1128.0108395470863,1134.0,1245.0,0.05703125,1.0,0.94296875
train,20250305_022251.npy,"(480, 640)",uint16,0.0,11615.0,951.8526221024973,951.0,1018.0,0.06711263020833333,1.0,0.9328873697916666
train,20250305_022335.npy,"(480, 640)",uint16,0.0,1221.0,1114.439886150373,1121.0,1208.0,0.05988932291666667,1.0,0.9401106770833333
train,20250305_022608.npy,"(480, 640)",uint16,0.0,716.0,682.3974587637692,684.0,714.0,0.08744791666666667,1.0,0.9125520833333334
train,20250305_023916.npy,"(480, 640)",uint16,0.0,15319.0,650.9161166991228,649.0,670.0,0.08898111979166666,1.0,0.9110188802083333
train,20250305_024047.npy,"(480, 640)",uint16,0.0,12290.0,1030.8535114667925,1032.0,1117.0,0.06120442708333333,1.0,0.9387955729166667
train,20250305_024332.npy,"(480, 640)",uint16,0.0,625.0,594.5480163358453,596.0,622.0,0.09851236979166667,1.0,0.9014876302083333
train,20250305_024625.npy,"(480, 640)",uint16,0.0,534.0,506.9138021631563,508.0,531.0,0.1079296875,1.0,0.8920703125
train,20250305_024941.npy,"(480, 640)",uint16,0.0,1031.0,966.9990591257855,973.0,1023.0,0.06240234375,1.0,0.93759765625
train,20250305_025000.npy,"(480, 640)",uint16,0.0,1328.0,1182.980305419194,1190.0,1316.0,0.05440755208333333,1.0,0.9455924479166666
train,20250305_025031.npy,"(480, 640)",uint16,0.0,782.0,721.1680288716697,722.0,769.0,0.07998046875,1.0,0.92001953125
train,20250305_025744.npy,"(480, 640)",uint16,0.0,14284.0,772.9689587757915,768.0,832.0,0.07423177083333334,1.0,0.9257682291666667
train,20250305_031236.npy,"(480, 640)",uint16,0.0,668.0,627.4425113437358,627.0,664.0,0.09105143229166666,1.0,0.9089485677083333
train,20250305_031258.npy,"(480, 640)",uint16,0.0,646.0,590.4476001626642,586.0,641.0,0.09546549479166666,1.0,0.9045345052083333
train,20250305_031304.npy,"(480, 640)",uint16,0.0,13727.0,574.7334747209169,570.0,607.0,0.10362630208333333,1.0,0.8963736979166667
train,20250305_031324.npy,"(480, 640)",uint16,0.0,13212.0,638.5005050305355,639.0,704.0,0.09439778645833333,1.0,0.9056022135416667
train,20250305_031353.npy,"(480, 640)",uint16,0.0,1192.0,991.8314117141351,987.0,1169.0,0.06096354166666667,1.0,0.9390364583333334
train,20250305_031407.npy,"(480, 640)",uint16,0.0,11615.0,1135.213491137335,1145.0,1255.0,0.057154947916666664,1.0,0.9428450520833334
train,20250305_031608.npy,"(480, 640)",uint16,0.0,723.0,670.0419345281651,674.0,721.0,0.08805013020833333,1.0,0.9119498697916667
train,20250305_034016.npy,"(480, 640)",uint16,0.0,998.0,891.9681785840714,903.0,974.0,0.07125325520833334,1.0,0.9287467447916666
train,20250305_034055.npy,"(480, 640)",uint16,0.0,824.0,784.3091366415962,788.0,823.0,0.07855143229166667,1.0,0.9214485677083334
train,20250305_034145.npy,"(480, 640)",uint16,0.0,873.0,810.3510832323019,812.0,869.0,0.073681640625,1.0,0.926318359375
train,20250305_034328.npy,"(480, 640)",uint16,0.0,1506.0,1283.930611684792,1289.0,1489.0,0.05113932291666667,1.0,0.9488606770833333
train,20250305_034515.npy,"(480, 640)",uint16,0.0,953.0,885.2099449258077,890.0,945.0,0.07203776041666667,1.0,0.9279622395833333
train,20250305_034602.npy,"(480, 640)",uint16,0.0,1108.0,984.6598735337116,997.0,1093.0,0.06925130208333333,1.0,0.9307486979166667
train,20250305_034719.npy,"(480, 640)",uint16,0.0,1009.0,895.8629826445616,900.0,996.0,0.06950846354166666,1.0,0.9304915364583334
train,20250305_034917.npy,"(480, 640)",uint16,0.0,11744.0,1107.0277762309802,1104.0,1283.0,0.06467447916666667,1.0,0.9353255208333333
train,20250305_034930.npy,"(480, 640)",uint16,0.0,1207.0,1052.0550598552338,1055.0,1182.0,0.06458333333333334,1.0,0.9354166666666667
train,20250305_035042.npy,"(480, 640)",uint16,0.0,1149.0,1014.1480691251458,1012.0,1129.0,0.06476236979166666,1.0,0.9352376302083333
train,20250305_035108.npy,"(480, 640)",uint16,0.0,1504.0,1197.9502694757473,1190.0,1450.0,0.05656901041666667,1.0,0.9434309895833334
train,20250305_035126.npy,"(480, 640)",uint16,0.0,1391.0,1194.4167586887795,1188.0,1380.0,0.053740234375,1.0,0.946259765625
train,20250305_035536.npy,"(480, 640)",uint16,0.0,11744.0,838.3196525171362,846.0,895.0,0.076318359375,1.0,0.923681640625
train,20250305_035554.npy,"(480, 640)",uint16,0.0,11365.0,742.540255457072,744.0,773.0,0.08405598958333334,1.0,0.9159440104166666
train,20250305_035709.npy,"(480, 640)",uint16,0.0,628.0,598.9206942849635,598.0,626.0,0.09566731770833334,1.0,0.9043326822916666
train,20250305_040307.npy,"(480, 640)",uint16,0.0,1040.0,915.3155520068061,917.0,1025.0,0.06640950520833333,1.0,0.9335904947916667
train,20250305_040438.npy,"(480, 640)",uint16,0.0,1589.0,1342.769600087667,1353.0,1573.0,0.04943359375,1.0,0.95056640625
train,20250305_041341.npy,"(480, 640)",uint16,0.0,1389.0,1210.4673633462628,1223.0,1380.0,0.053359375,1.0,0.946640625
train,20250305_041507.npy,"(480, 640)",uint16,0.0,867.0,780.1905681589901,779.0,864.0,0.07636393229166667,1.0,0.9236360677083333
train,20250305_041524.npy,"(480, 640)",uint16,0.0,12890.0,995.7485627889193,999.0,1107.0,0.06344401041666667,1.0,0.9365559895833333
train,20250305_041534.npy,"(480, 640)",uint16,0.0,996.0,909.6374817178566,915.0,986.0,0.06966796875,1.0,0.93033203125
train,20250305_041605.npy,"(480, 640)",uint16,0.0,896.0,809.5500077525936,807.0,887.0,0.07625,1.0,0.92375
train,20250305_041840.npy,"(480, 640)",uint16,0.0,11244.0,854.1685537801113,851.0,973.0,0.06880533854166666,1.0,0.9311946614583333
train,20250305_042307.npy,"(480, 640)",uint16,0.0,12290.0,668.6748830008719,665.0,721.0,0.08533528645833334,1.0,0.9146647135416667
train,20250305_042433.npy,"(480, 640)",uint16,0.0,10465.0,295.60110381539664,293.0,319.0,0.18547200520833335,1.0,0.8145279947916667
train,20250305_042445.npy,"(480, 640)",uint16,0.0,9878.0,498.8856909101582,499.0,526.0,0.112734375,1.0,0.887265625
train,20250305_042621.npy,"(480, 640)",uint16,0.0,1033.0,910.338537609881,911.0,1014.0,0.06385416666666667,1.0,0.9361458333333333
train,20250305_042726.npy,"(480, 640)",uint16,0.0,652.0,606.3308603745995,606.0,643.0,0.09173828125,1.0,0.90826171875
train,20250305_042743.npy,"(480, 640)",uint16,0.0,727.0,673.2988988312312,675.0,720.0,0.08507486979166666,1.0,0.9149251302083333
train,20250305_042846.npy,"(480, 640)",uint16,0.0,12290.0,635.9637594869514,633.0,688.0,0.09243489583333334,1.0,0.9075651041666667
train,20250305_042951.npy,"(480, 640)",uint16,0.0,609.0,559.4160694077707,557.0,603.0,0.10252604166666666,1.0,0.8974739583333333
train,20250305_043049.npy,"(480, 640)",uint16,0.0,14680.0,518.2306710036698,515.0,543.0,0.11032877604166667,1.0,0.8896712239583333
train,20250305_043324.npy,"(480, 640)",uint16,0.0,873.0,827.8151404682626,828.0,871.0,0.07222981770833334,1.0,0.9277701822916666
train,20250305_043451.npy,"(480, 640)",uint16,0.0,1747.0,1218.3202605081087,1197.0,1646.0,0.06182942708333333,1.0,0.9381705729166666
train,20250305_043712.npy,"(480, 640)",uint16,0.0,1534.0,1239.9506431719274,1223.0,1514.0,0.05305338541666667,1.0,0.9469466145833333
train,20250305_043724.npy,"(480, 640)",uint16,0.0,2193.0,1567.9687677959455,1525.0,2144.0,0.045393880208333334,1.0,0.9546061197916667
train,20250305_043734.npy,"(480, 640)",uint16,0.0,14887.0,1380.8108297834453,1357.0,1822.0,0.04938802083333333,1.0,0.9506119791666666
train,20250305_043912.npy,"(480, 640)",uint16,0.0,1957.0,1414.373153032479,1382.0,1858.0,0.05708333333333333,1.0,0.9429166666666666
train,20250305_045139.npy,"(480, 640)",uint16,0.0,12149.0,1113.6115401508575,1109.0,1320.0,0.05876627604166667,1.0,0.9412337239583334
train,20250305_045148.npy,"(480, 640)",uint16,0.0,13049.0,928.8227738470242,925.0,1050.0,0.06788411458333334,1.0,0.9321158854166667
train,20250305_045156.npy,"(480, 640)",uint16,0.0,741.0,669.9780549127883,670.0,733.0,0.08982096354166667,1.0,0.9101790364583333
train,20250305_045213.npy,"(480, 640)",uint16,0.0,674.0,640.2764462039388,640.0,671.0,0.0922265625,1.0,0.9077734375
train,20250305_045321.npy,"(480, 640)",uint16,0.0,811.0,715.4843975341458,716.0,798.0,0.07908854166666666,1.0,0.9209114583333333
train,20250305_045413.npy,"(480, 640)",uint16,0.0,566.0,522.582981816057,523.0,562.0,0.108681640625,1.0,0.891318359375
train,20250305_045439.npy,"(480, 640)",uint16,0.0,519.0,492.91731631368566,492.0,518.0,0.11560546875,1.0,0.88439453125
train,20250305_045702.npy,"(480, 640)",uint16,0.0,1807.0,1367.8680706196326,1353.0,1753.0,0.048600260416666666,1.0,0.9513997395833333
train,20250305_045711.npy,"(480, 640)",uint16,0.0,9972.0,952.8852015681013,964.0,1018.0,0.06833984375,1.0,0.93166015625
train,20250305_045716.npy,"(480, 640)",uint16,0.0,1120.0,950.9874645189255,947.0,1092.0,0.0687890625,1.0,0.9312109375
train,20250305_045719.npy,"(480, 640)",uint16,0.0,1315.0,1135.3490504256713,1133.0,1281.0,0.05556640625,1.0,0.94443359375
train,20250305_045744.npy,"(480, 640)",uint16,0.0,13727.0,875.6310275174212,876.0,903.0,0.06853515625,1.0,0.93146484375
train,20250305_045812.npy,"(480, 640)",uint16,0.0,719.0,664.4887803176953,665.0,714.0,0.08520833333333333,1.0,0.9147916666666667
train,20250305_045853.npy,"(480, 640)",uint16,0.0,466.0,442.30862856630984,443.0,463.0,0.1278515625,1.0,0.8721484375
train,20250305_045928.npy,"(480, 640)",uint16,0.0,887.0,825.2470300892635,826.0,881.0,0.069716796875,1.0,0.930283203125
train,20250305_045931.npy,"(480, 640)",uint16,0.0,818.0,760.1872568401353,763.0,812.0,0.07461588541666667,1.0,0.9253841145833334
train,20250305_045952.npy,"(480, 640)",uint16,0.0,534.0,499.9388987853064,500.0,528.0,0.11189453125,1.0,0.88810546875
train,20250305_050031.npy,"(480, 640)",uint16,0.0,757.0,685.7127454193144,686.0,751.0,0.08611979166666667,1.0,0.9138802083333334
train,20250305_050128.npy,"(480, 640)",uint16,0.0,722.0,656.8653777784098,659.0,715.0,0.08438802083333333,1.0,0.9156119791666667
train,20250305_050151.npy,"(480, 640)",uint16,0.0,435.0,410.29560807628695,409.0,434.0,0.136005859375,1.0,0.863994140625
train,20250305_050349.npy,"(480, 640)",uint16,0.0,10262.0,848.1379406709797,844.0,953.0,0.06813802083333333,1.0,0.9318619791666667
train,20250305_050357.npy,"(480, 640)",uint16,0.0,10786.0,783.9778759820426,782.0,875.0,0.071875,1.0,0.928125
train,20250305_050424.npy,"(480, 640)",uint16,0.0,593.0,546.0239158451047,545.0,591.0,0.09826497395833333,1.0,0.9017350260416667
train,20250305_050527.npy,"(480, 640)",uint16,0.0,1425.0,1191.9924121805743,1193.0,1380.0,0.05747721354166667,1.0,0.9425227864583333
train,20250305_050811.npy,"(480, 640)",uint16,0.0,1059.0,960.932481117247,967.0,1054.0,0.06391927083333333,1.0,0.9360807291666666
train,20250305_050817.npy,"(480, 640)",uint16,0.0,1180.0,1084.6508675603068,1099.0,1168.0,0.05971354166666667,1.0,0.9402864583333334
train,20250305_050841.npy,"(480, 640)",uint16,0.0,1215.0,1044.8962556394104,1045.0,1181.0,0.06056640625,1.0,0.93943359375
train,20250305_051101.npy,"(480, 640)",uint16,0.0,433.0,385.7042956281947,391.0,428.0,0.14535807291666666,1.0,0.8546419270833333
train,20250305_052012.npy,"(480, 640)",uint16,0.0,14093.0,1357.0600534356374,1350.0,1683.0,0.04967447916666667,1.0,0.9503255208333333
train,20250305_052031.npy,"(480, 640)",uint16,0.0,1550.0,1268.6820037334098,1269.0,1504.0,0.04787109375,1.0,0.95212890625
train,20250305_052046.npy,"(480, 640)",uint16,0.0,997.0,922.5207648421369,930.0,991.0,0.06826497395833334,1.0,0.9317350260416667
train,20250305_052209.npy,"(480, 640)",uint16,0.0,1286.0,1085.4355000380203,1084.0,1275.0,0.05820963541666667,1.0,0.9417903645833333
train,20250305_052348.npy,"(480, 640)",uint16,0.0,663.0,636.9246199935014,640.0,661.0,0.08834309895833334,1.0,0.9116569010416666
train,20250305_052412.npy,"(480, 640)",uint16,0.0,949.0,889.8426126693652,893.0,943.0,0.06470377604166666,1.0,0.9352962239583333
train,20250305_052417.npy,"(480, 640)",uint16,0.0,1027.0,962.2778577548677,965.0,1012.0,0.06159830729166667,1.0,0.9384016927083333
train,20250305_052425.npy,"(480, 640)",uint16,0.0,1048.0,938.8450318322955,941.0,1033.0,0.063798828125,1.0,0.936201171875
train,20250305_052434.npy,"(480, 640)",uint16,0.0,901.0,843.6460481339867,850.0,897.0,0.06862630208333333,1.0,0.9313736979166667
train,20250305_052438.npy,"(480, 640)",uint16,0.0,766.0,706.7919730857715,702.0,755.0,0.07886393229166666,1.0,0.9211360677083333
train,20250305_052507.npy,"(480, 640)",uint16,0.0,1236.0,1034.9669963329259,1035.0,1194.0,0.06260416666666667,1.0,0.9373958333333333
train,20250305_052514.npy,"(480, 640)",uint16,0.0,759.0,732.0902023421653,731.0,754.0,0.07882161458333334,1.0,0.9211783854166666
train,20250305_052530.npy,"(480, 640)",uint16,0.0,734.0,701.6145994410475,701.0,731.0,0.08217447916666666,1.0,0.9178255208333334
train,20250305_052544.npy,"(480, 640)",uint16,0.0,1485.0,1247.5860922827328,1260.0,1442.0,0.05295572916666667,1.0,0.9470442708333333
train,20250305_052623.npy,"(480, 640)",uint16,0.0,1047.0,998.8430019820095,999.0,1041.0,0.060559895833333335,1.0,0.9394401041666667
train,20250305_052703.npy,"(480, 640)",uint16,0.0,1305.0,1164.9147630083319,1174.0,1280.0,0.05609375,1.0,0.94390625
train,20250305_052726.npy,"(480, 640)",uint16,0.0,10570.0,1976.945861964516,1932.0,3029.0,0.043544921875,1.0,0.956455078125
train,20250305_052830.npy,"(480, 640)",uint16,0.0,1039.0,955.6818178658808,964.0,1032.0,0.06333333333333334,1.0,0.9366666666666666
train,20250305_052837.npy,"(480, 640)",uint16,0.0,1464.0,1244.3652886303398,1251.0,1452.0,0.05432942708333333,1.0,0.9456705729166667
train,20250305_052911.npy,"(480, 640)",uint16,0.0,1126.0,996.0751078265168,997.0,1103.0,0.06488606770833333,1.0,0.9351139322916666
train,20250305_052959.npy,"(480, 640)",uint16,0.0,1336.0,1190.3436819228348,1190.0,1328.0,0.054130859375,1.0,0.945869140625
train,20250305_053002.npy,"(480, 640)",uint16,0.0,1561.0,1300.638302912128,1313.0,1532.0,0.05176106770833333,1.0,0.9482389322916667
train,20250305_053008.npy,"(480, 640)",uint16,0.0,1670.0,1356.5907893926853,1364.0,1636.0,0.04817057291666667,1.0,0.9518294270833333
train,20250305_053034.npy,"(480, 640)",uint16,0.0,11744.0,1410.817760813205,1423.0,1747.0,0.04826171875,1.0,0.95173828125
train,20250305_053041.npy,"(480, 640)",uint16,0.0,1082.0,997.5412104327044,996.0,1069.0,0.06294270833333333,1.0,0.9370572916666666
train,20250305_053058.npy,"(480, 640)",uint16,0.0,1103.0,1016.4630209596397,1026.0,1098.0,0.060384114583333336,1.0,0.9396158854166666
train,20250305_053112.npy,"(480, 640)",uint16,0.0,11010.0,1107.8347375198166,1110.0,1251.0,0.05957682291666667,1.0,0.9404231770833333
train,20250305_053221.npy,"(480, 640)",uint16,0.0,11010.0,760.7539324890342,765.0,810.0,0.07827473958333334,1.0,0.9217252604166667
train,20250305_053230.npy,"(480, 640)",uint16,0.0,10897.0,1329.8428280267867,1328.0,1592.0,0.04969075520833333,1.0,0.9503092447916667
train,20250305_053246.npy,"(480, 640)",uint16,0.0,805.0,771.247589773236,772.0,803.0,0.07653971354166667,1.0,0.9234602864583333
train,20250305_053324.npy,"(480, 640)",uint16,0.0,10677.0,1028.177706515628,1037.0,1135.0,0.06205078125,1.0,0.93794921875
train,20250305_053332.npy,"(480, 640)",uint16,0.0,11489.0,830.2181778591021,830.0,875.0,0.07314127604166666,1.0,0.9268587239583334
train,20250305_053447.npy,"(480, 640)",uint16,0.0,11615.0,1009.8413826135547,1007.0,1099.0,0.062106119791666664,1.0,0.9378938802083333
train,20250305_053503.npy,"(480, 640)",uint16,0.0,1316.0,1169.8635243684332,1176.0,1305.0,0.055367838541666665,1.0,0.9446321614583333
train,20250305_053526.npy,"(480, 640)",uint16,0.0,11615.0,1415.336182082656,1426.0,1736.0,0.048909505208333336,1.0,0.9510904947916666
train,20250305_053543.npy,"(480, 640)",uint16,0.0,1267.0,1115.27645494422,1110.0,1254.0,0.05751953125,1.0,0.94248046875
train,20250305_053551.npy,"(480, 640)",uint16,0.0,895.0,835.3628682948746,838.0,890.0,0.07261067708333334,1.0,0.9273893229166666
train,20250305_053555.npy,"(480, 640)",uint16,0.0,1116.0,991.4342425811564,997.0,1104.0,0.06332356770833333,1.0,0.9366764322916666
train,20250305_053624.npy,"(480, 640)",uint16,0.0,1122.0,1015.2900534647965,1017.0,1104.0,0.06236979166666667,1.0,0.9376302083333333
train,20250305_053636.npy,"(480, 640)",uint16,0.0,1032.0,930.2455717342518,930.0,1025.0,0.064404296875,1.0,0.935595703125
train,20250305_053651.npy,"(480, 640)",uint16,0.0,10570.0,887.7057287479113,887.0,944.0,0.06879557291666667,1.0,0.9312044270833333
train,20250305_053657.npy,"(480, 640)",uint16,0.0,1898.0,1464.862330124333,1464.0,1826.0,0.04883138020833333,1.0,0.9511686197916667
train,20250305_053709.npy,"(480, 640)",uint16,0.0,1103.0,1016.8227326531958,1020.0,1098.0,0.062242838541666665,1.0,0.9377571614583333
train,20250305_053732.npy,"(480, 640)",uint16,0.0,1230.0,942.298855333658,944.0,1189.0,0.06438802083333334,1.0,0.9356119791666667
train,20250305_053753.npy,"(480, 640)",uint16,0.0,12435.0,1125.8297922405084,1127.0,1421.0,0.059283854166666664,1.0,0.9407161458333333
train,20250305_053803.npy,"(480, 640)",uint16,0.0,1051.0,787.2913404197405,779.0,1025.0,0.07913736979166666,1.0,0.9208626302083334
train,20250305_053910.npy,"(480, 640)",uint16,0.0,982.0,906.6611216249656,908.0,975.0,0.066005859375,1.0,0.933994140625
train,20250305_053919.npy,"(480, 640)",uint16,0.0,1267.0,1009.9172891894424,1007.0,1258.0,0.061819661458333335,1.0,0.9381803385416667
train,20250305_053937.npy,"(480, 640)",uint16,0.0,1402.0,891.8873351475821,853.0,1323.0,0.0669921875,1.0,0.9330078125
train,20250305_054000.npy,"(480, 640)",uint16,0.0,981.0,817.7880657493702,812.0,958.0,0.07615559895833333,1.0,0.9238444010416667
train,20250305_054019.npy,"(480, 640)",uint16,0.0,12735.0,1010.7260606523672,1007.0,1185.0,0.06270833333333334,1.0,0.9372916666666666
train,20250305_054030.npy,"(480, 640)",uint16,0.0,819.0,646.9616012163679,643.0,806.0,0.09224283854166666,1.0,0.9077571614583333
train,20250305_054104.npy,"(480, 640)",uint16,0.0,892.0,636.4375214165395,622.0,864.0,0.097529296875,1.0,0.902470703125
train,20250305_054116.npy,"(480, 640)",uint16,0.0,10465.0,672.7904221514495,670.0,751.0,0.08724934895833333,1.0,0.9127506510416666
train,20250305_054140.npy,"(480, 640)",uint16,0.0,1491.0,1204.3855067456684,1207.0,1428.0,0.05779622395833333,1.0,0.9422037760416667
train,20250305_054144.npy,"(480, 640)",uint16,0.0,13380.0,667.6913689593965,667.0,830.0,0.08853841145833333,1.0,0.9114615885416667
train,20250305_054159.npy,"(480, 640)",uint16,0.0,11744.0,953.2275638122182,944.0,1218.0,0.06570963541666666,1.0,0.9342903645833334
train,20250305_054214.npy,"(480, 640)",uint16,0.0,591.0,471.8328942957038,467.0,574.0,0.11644856770833334,1.0,0.8835514322916667
train,20250305_054221.npy,"(480, 640)",uint16,0.0,875.0,833.7309593802448,830.0,872.0,0.07095377604166667,1.0,0.9290462239583334
train,20250305_054319.npy,"(480, 640)",uint16,0.0,964.0,760.3510198184483,759.0,935.0,0.07625,1.0,0.92375
train,20250305_054335.npy,"(480, 640)",uint16,0.0,1444.0,1136.0910094511678,1141.0,1411.0,0.059378255208333335,1.0,0.9406217447916667
train,20250305_054557.npy,"(480, 640)",uint16,0.0,15544.0,1148.5230043676559,1144.0,1305.0,0.056451822916666665,1.0,0.9435481770833334
train,20250305_054618.npy,"(480, 640)",uint16,0.0,1255.0,1111.0338744386552,1109.0,1238.0,0.05912109375,1.0,0.94087890625
train,20250305_054625.npy,"(480, 640)",uint16,0.0,1468.0,1227.4221433616428,1226.0,1444.0,0.055192057291666666,1.0,0.9448079427083333
train,20250305_054700.npy,"(480, 640)",uint16,0.0,11876.0,1467.9861817981875,1448.0,1936.0,0.05275716145833333,1.0,0.9472428385416667
train,20250305_054719.npy,"(480, 640)",uint16,0.0,1380.0,1169.3179384804548,1177.0,1353.0,0.05750651041666666,1.0,0.9424934895833333
train,20250305_054753.npy,"(480, 640)",uint16,0.0,10897.0,849.9477592345584,845.0,978.0,0.070185546875,1.0,0.929814453125
train,20250305_054809.npy,"(480, 640)",uint16,0.0,11876.0,626.655628664915,624.0,674.0,0.09069661458333333,1.0,0.9093033854166667
train,20250305_054850.npy,"(480, 640)",uint16,0.0,1197.0,1032.4035465607894,1030.0,1167.0,0.06452799479166667,1.0,0.9354720052083333
train,20250305_054900.npy,"(480, 640)",uint16,0.0,2767.0,1749.46168153878,1708.0,2578.0,0.04094075520833333,1.0,0.9590592447916667
train,20250305_054917.npy,"(480, 640)",uint16,0.0,669.0,642.162043790401,641.0,664.0,0.08953125,1.0,0.91046875
train,20250305_054930.npy,"(480, 640)",uint16,0.0,11615.0,650.3895376859664,646.0,688.0,0.08824544270833333,1.0,0.9117545572916667
train,20250305_054953.npy,"(480, 640)",uint16,0.0,10786.0,628.5490259902849,627.0,659.0,0.08995442708333333,1.0,0.9100455729166667
train,20250305_054958.npy,"(480, 640)",uint16,0.0,1263.0,1101.8487730368763,1099.0,1246.0,0.05803059895833333,1.0,0.9419694010416667
train,20250305_055009.npy,"(480, 640)",uint16,0.0,14680.0,872.1190333002336,871.0,941.0,0.06899739583333334,1.0,0.9310026041666667
train,20250305_055020.npy,"(480, 640)",uint16,0.0,750.0,714.9866462789452,717.0,749.0,0.08245768229166667,1.0,0.9175423177083334
train,20250305_055112.npy,"(480, 640)",uint16,0.0,1357.0,1113.772607183757,1114.0,1323.0,0.06482096354166667,1.0,0.9351790364583333
train,20250305_055147.npy,"(480, 640)",uint16,0.0,990.0,875.2146965643481,877.0,974.0,0.07526041666666666,1.0,0.9247395833333333
train,20250305_055152.npy,"(480, 640)",uint16,0.0,12011.0,1165.3499216976772,1162.0,1360.0,0.05630859375,1.0,0.94369140625
train,20250305_055210.npy,"(480, 640)",uint16,0.0,1143.0,1031.0140012715794,1038.0,1132.0,0.06305013020833333,1.0,0.9369498697916666
train,20250305_055230.npy,"(480, 640)",uint16,0.0,708.0,652.4813364228055,656.0,705.0,0.08824544270833333,1.0,0.9117545572916667
train,20250305_055243.npy,"(480, 640)",uint16,0.0,731.0,682.4541407867495,685.0,721.0,0.0880859375,1.0,0.9119140625
train,20250305_055325.npy,"(480, 640)",uint16,0.0,1504.0,1250.3617524674164,1263.0,1482.0,0.05341796875,1.0,0.94658203125
train,20250305_055425.npy,"(480, 640)",uint16,0.0,10570.0,850.9726957314082,854.0,922.0,0.07115885416666666,1.0,0.9288411458333333
train,20250305_055452.npy,"(480, 640)",uint16,0.0,2359.0,1504.9318523739173,1468.0,2175.0,0.03930989583333333,1.0,0.9606901041666667
train,20250305_055524.npy,"(480, 640)",uint16,0.0,372.0,344.4983388575225,347.0,370.0,0.16226236979166667,1.0,0.8377376302083334
train,20250305_055645.npy,"(480, 640)",uint16,0.0,1330.0,1153.6601632751688,1148.0,1313.0,0.056982421875,1.0,0.943017578125
train,20250305_055711.npy,"(480, 640)",uint16,0.0,19943.0,1473.199824242342,1432.0,2140.0,0.040611979166666666,1.0,0.9593880208333333
train,20250305_055718.npy,"(480, 640)",uint16,0.0,1326.0,1121.062959438399,1116.0,1311.0,0.0558984375,1.0,0.9441015625
train,20250305_055727.npy,"(480, 640)",uint16,0.0,13380.0,1209.8910007784675,1212.0,1426.0,0.05496744791666667,1.0,0.9450325520833334
train,20250305_055733.npy,"(480, 640)",uint16,0.0,1366.0,1169.8534752941907,1167.0,1355.0,0.055882161458333336,1.0,0.9441178385416666
train,20250305_055810.npy,"(480, 640)",uint16,0.0,14284.0,1564.3014240533614,1514.0,2230.0,0.056162109375,1.0,0.943837890625
train,20250305_055906.npy,"(480, 640)",uint16,0.0,705.0,656.8465945552814,659.0,698.0,0.08694010416666667,1.0,0.9130598958333334
train,20250305_055944.npy,"(480, 640)",uint16,0.0,13551.0,1419.9125740564846,1406.0,1894.0,0.04725911458333333,1.0,0.9527408854166667
train,20250305_055950.npy,"(480, 640)",uint16,0.0,1004.0,830.04580500296,833.0,972.0,0.070732421875,1.0,0.929267578125
train,20250305_060007.npy,"(480, 640)",uint16,0.0,14093.0,883.4936226318753,884.0,955.0,0.069228515625,1.0,0.930771484375
train,20250305_060013.npy,"(480, 640)",uint16,0.0,756.0,685.909975547682,686.0,750.0,0.08676432291666666,1.0,0.9132356770833333
train,20250305_060025.npy,"(480, 640)",uint16,0.0,11010.0,1330.1391136788304,1320.0,1636.0,0.05229166666666667,1.0,0.9477083333333334
train,20250305_060110.npy,"(480, 640)",uint16,0.0,1864.0,1389.1698881950213,1382.0,1810.0,0.047646484375,1.0,0.952353515625
train,20250305_060113.npy,"(480, 640)",uint16,0.0,797.0,742.843622591381,748.0,792.0,0.07862630208333334,1.0,0.9213736979166667
train,20250305_060116.npy,"(480, 640)",uint16,0.0,774.0,680.4895007776546,678.0,757.0,0.08118815104166667,1.0,0.9188118489583333
train,20250305_060130.npy,"(480, 640)",uint16,0.0,1218.0,1070.9892892927478,1069.0,1202.0,0.057845052083333334,1.0,0.9421549479166667
train,20250305_060138.npy,"(480, 640)",uint16,0.0,891.0,815.1052392984282,813.0,887.0,0.07369466145833334,1.0,0.9263053385416666
train,20250305_060155.npy,"(480, 640)",uint16,0.0,1155.0,1014.0748168829722,1016.0,1134.0,0.06494791666666666,1.0,0.9350520833333333
train,20250305_060227.npy,"(480, 640)",uint16,0.0,871.0,800.4418992013298,802.0,866.0,0.07561197916666666,1.0,0.9243880208333334
train,20250305_060250.npy,"(480, 640)",uint16,0.0,1305.0,1091.2174683614412,1098.0,1273.0,0.059609375,1.0,0.940390625
train,20250305_060459.npy,"(480, 640)",uint16,0.0,774.0,719.5780133785914,719.0,770.0,0.08319010416666667,1.0,0.9168098958333334
train,20250305_060535.npy,"(480, 640)",uint16,0.0,1030.0,905.457460826771,909.0,1020.0,0.068681640625,1.0,0.931318359375
train,20250305_060539.npy,"(480, 640)",uint16,0.0,846.0,775.0830183889892,771.0,840.0,0.07666666666666666,1.0,0.9233333333333333
train,20250305_060604.npy,"(480, 640)",uint16,0.0,1052.0,962.4053958024906,964.0,1040.0,0.06551106770833333,1.0,0.9344889322916666
train,20250305_060721.npy,"(480, 640)",uint16,0.0,1662.0,1313.1970351135703,1308.0,1631.0,0.052275390625,1.0,0.947724609375
train,20250305_060729.npy,"(480, 640)",uint16,0.0,2207.0,1544.898520967223,1512.0,2081.0,0.04876953125,1.0,0.95123046875
train,20250305_060928.npy,"(480, 640)",uint16,0.0,1093.0,1014.5526855054947,1027.0,1079.0,0.0627734375,1.0,0.9372265625
train,20250305_060935.npy,"(480, 640)",uint16,0.0,14284.0,690.7765625834951,698.0,768.0,0.08624674479166666,1.0,0.9137532552083333
train,20250305_061043.npy,"(480, 640)",uint16,0.0,11615.0,704.8244562418992,701.0,744.0,0.08331705729166666,1.0,0.9166829427083333
train,20250305_061103.npy,"(480, 640)",uint16,0.0,14284.0,960.2853296737833,963.0,1035.0,0.06779296875,1.0,0.93220703125
train,20250305_061139.npy,"(480, 640)",uint16,0.0,1580.0,1232.8195680454385,1235.0,1510.0,0.05664388020833333,1.0,0.9433561197916667
train,20250305_061208.npy,"(480, 640)",uint16,0.0,11126.0,838.2100472299693,840.0,917.0,0.07092447916666667,1.0,0.9290755208333333
train,20250305_061250.npy,"(480, 640)",uint16,0.0,1018.0,918.61224218881,929.0,1005.0,0.06817708333333333,1.0,0.9318229166666666
train,20250305_061303.npy,"(480, 640)",uint16,0.0,1263.0,1065.0759532680509,1069.0,1232.0,0.059908854166666664,1.0,0.9400911458333333
train,20250305_061313.npy,"(480, 640)",uint16,0.0,1027.0,938.0790369378418,945.0,1009.0,0.0665625,1.0,0.9334375
train,20250305_061340.npy,"(480, 640)",uint16,0.0,11126.0,934.6932872025418,935.0,1009.0,0.06666341145833334,1.0,0.9333365885416667
train,20250305_061347.npy,"(480, 640)",uint16,0.0,1044.0,973.5225415238598,973.0,1039.0,0.06162760416666667,1.0,0.9383723958333333
train,20250305_061439.npy,"(480, 640)",uint16,0.0,12149.0,1593.6285930563226,1578.0,2077.0,0.04533203125,1.0,0.95466796875
train,20250305_061843.npy,"(480, 640)",uint16,0.0,1516.0,1184.3441380484128,1184.0,1464.0,0.06282877604166667,1.0,0.9371712239583333
train,20250305_062157.npy,"(480, 640)",uint16,0.0,16261.0,1144.071080747398,1144.0,1270.0,0.056100260416666665,1.0,0.9438997395833333
train,20250305_062228.npy,"(480, 640)",uint16,0.0,1228.0,1075.4247489667416,1069.0,1205.0,0.061171875,1.0,0.938828125
train,20250305_062247.npy,"(480, 640)",uint16,0.0,9697.0,801.1298436557057,806.0,867.0,0.0722265625,1.0,0.9277734375
train,20250305_062512.npy,"(480, 640)",uint16,0.0,2529.0,1659.5806304729736,1649.0,2344.0,0.042034505208333336,1.0,0.9579654947916667
train,20250305_062739.npy,"(480, 640)",uint16,0.0,615.0,574.4213429499468,572.0,612.0,0.10004557291666667,1.0,0.8999544270833333
train,20250305_063106.npy,"(480, 640)",uint16,0.0,950.0,836.8058138182997,837.0,934.0,0.07603841145833333,1.0,0.9239615885416667
train,20250305_064858.npy,"(480, 640)",uint16,0.0,531.0,511.72475791235655,510.0,528.0,0.11320963541666666,1.0,0.8867903645833334
train,20250305_073146.npy,"(480, 640)",uint16,0.0,11876.0,869.0709476881275,859.0,1182.0,0.08470377604166666,1.0,0.9152962239583333
train,20250305_073152.npy,"(480, 640)",uint16,0.0,1129.0,794.5403696864299,782.0,1073.0,0.09217122395833334,1.0,0.9078287760416667
train,20250305_073411.npy,"(480, 640)",uint16,0.0,1305.0,934.6431588787674,920.0,1239.0,0.07375,1.0,0.92625
train,20250305_073451.npy,"(480, 640)",uint16,0.0,1145.0,735.407225336792,715.0,1072.0,0.066328125,1.0,0.933671875
train,20250305_073910.npy,"(480, 640)",uint16,0.0,1504.0,1040.4729263707861,1024.0,1428.0,0.057955729166666664,1.0,0.9420442708333333
train,20250305_074333.npy,"(480, 640)",uint16,0.0,760.0,627.6066546021393,627.0,752.0,0.09161783854166666,1.0,0.9083821614583333
train,20250305_074406.npy,"(480, 640)",uint16,0.0,664.0,566.8634654806488,550.0,660.0,0.10121744791666666,1.0,0.8987825520833334
train,20250305_074604.npy,"(480, 640)",uint16,0.0,1001.0,758.3416078154003,745.0,959.0,0.09333658854166667,1.0,0.9066634114583333
train,20250305_074621.npy,"(480, 640)",uint16,0.0,1173.0,832.719579677328,828.0,1111.0,0.07994791666666666,1.0,0.9200520833333333
train,20250305_074730.npy,"(480, 640)",uint16,0.0,603.0,464.8754478533149,465.0,579.0,0.13505208333333332,1.0,0.8649479166666667
train,20250305_074929.npy,"(480, 640)",uint16,0.0,750.0,524.6145053330634,515.0,706.0,0.13142578125,1.0,0.86857421875
train,20250305_075013.npy,"(480, 640)",uint16,0.0,658.0,479.7766482479835,473.0,633.0,0.128701171875,1.0,0.871298828125
train,20250305_075513.npy,"(480, 640)",uint16,0.0,846.0,644.5984041885567,648.0,823.0,0.09226888020833333,1.0,0.9077311197916667
train,20250305_080122.npy,"(480, 640)",uint16,0.0,632.0,539.5645329445069,543.0,623.0,0.122626953125,1.0,0.877373046875
train,20250305_080503.npy,"(480, 640)",uint16,0.0,11615.0,502.0343261563743,499.0,654.0,0.12840169270833332,1.0,0.8715983072916667
train,20250305_081241.npy,"(480, 640)",uint16,0.0,544.0,484.3302717831627,489.0,537.0,0.11608072916666666,1.0,0.8839192708333333
train,20250305_081309.npy,"(480, 640)",uint16,0.0,1188.0,952.4359004867874,956.0,1154.0,0.06982096354166667,1.0,0.9301790364583333
train,20250305_081500.npy,"(480, 640)",uint16,0.0,1998.0,555.9234031091273,484.0,1438.0,0.15403645833333332,1.0,0.8459635416666667
train,20250305_082258.npy,"(480, 640)",uint16,0.0,1335.0,760.0668468667255,716.0,1257.0,0.11484375,1.0,0.88515625
train,20250305_082631.npy,"(480, 640)",uint16,0.0,467.0,379.7669525177086,383.0,461.0,0.18843098958333335,1.0,0.8115690104166666
train,20250305_082847.npy,"(480, 640)",uint16,0.0,759.0,561.0493842641597,557.0,724.0,0.11738606770833333,1.0,0.8826139322916666
train,20250305_082854.npy,"(480, 640)",uint16,0.0,854.0,636.8502240756427,633.0,816.0,0.10076171875,1.0,0.89923828125
train,20250305_082909.npy,"(480, 640)",uint16,0.0,661.0,524.2497536145557,521.0,638.0,0.098291015625,1.0,0.901708984375
train,20250305_082924.npy,"(480, 640)",uint16,0.0,10465.0,662.8873847491279,651.0,982.0,0.116298828125,1.0,0.883701171875
train,20250305_083300.npy,"(480, 640)",uint16,0.0,580.0,477.2319878325164,480.0,561.0,0.13533203125,1.0,0.86466796875
train,20250305_083506.npy,"(480, 640)",uint16,0.0,875.0,663.3044365211572,661.0,829.5800000000163,0.09523763020833333,1.0,0.9047623697916667
train,20250305_083530.npy,"(480, 640)",uint16,0.0,538.0,409.43501917691464,407.0,526.0,0.14447916666666666,1.0,0.8555208333333333
train,20250305_084055.npy,"(480, 640)",uint16,0.0,1164.0,925.3807566880582,918.0,1140.0,0.06768880208333333,1.0,0.9323111979166666
train,20250305_084405.npy,"(480, 640)",uint16,0.0,739.0,581.962469193585,587.0,716.0,0.10975911458333333,1.0,0.8902408854166667
train,20250305_084430.npy,"(480, 640)",uint16,0.0,1068.0,738.5738774865464,730.0,1015.0,0.09326497395833333,1.0,0.9067350260416667
train,20250305_084512.npy,"(480, 640)",uint16,0.0,809.0,614.7261404198954,615.0,784.0,0.09808268229166667,1.0,0.9019173177083334
train,20250305_084522.npy,"(480, 640)",uint16,0.0,696.0,529.6967175969081,528.0,671.0,0.11648111979166667,1.0,0.8835188802083334
train,20250305_084627.npy,"(480, 640)",uint16,0.0,14284.0,631.8738545674665,594.0,1001.0,0.06430338541666666,1.0,0.9356966145833333
train,20250305_084706.npy,"(480, 640)",uint16,0.0,404.0,345.6972082101235,354.0,397.0,0.17657552083333333,1.0,0.8234244791666666
train,20250305_084720.npy,"(480, 640)",uint16,0.0,506.0,392.1604955296605,399.0,488.0,0.15021484375,1.0,0.84978515625
train,20250305_084828.npy,"(480, 640)",uint16,0.0,500.0,408.19424753958964,406.0,484.0,0.14631184895833332,1.0,0.8536881510416666
train,20250305_085116.npy,"(480, 640)",uint16,0.0,10465.0,667.8071489679863,664.0,859.0,0.09442057291666667,1.0,0.9055794270833334
train,20250305_093835.npy,"(480, 640)",uint16,0.0,10570.0,325.2736974435569,324.0,374.0,0.17398763020833333,1.0,0.8260123697916667
train,20250305_093851.npy,"(480, 640)",uint16,0.0,11876.0,346.57715411281464,346.0,406.0,0.16708658854166666,1.0,0.8329134114583333
train,20250305_093858.npy,"(480, 640)",uint16,0.0,710.0,551.7410703552187,547.0,689.0,0.10642252604166667,1.0,0.8935774739583333
train,20250305_093910.npy,"(480, 640)",uint16,0.0,10897.0,691.6579850847264,680.0,919.0,0.08598307291666667,1.0,0.9140169270833334
train,20250305_093918.npy,"(480, 640)",uint16,0.0,485.0,413.1293517609408,415.0,471.0,0.13136067708333332,1.0,0.8686393229166667
train,20250305_093956.npy,"(480, 640)",uint16,0.0,12890.0,590.7242489503795,582.0,749.0,0.10216796875,1.0,0.89783203125
train,20250305_094344.npy,"(480, 640)",uint16,0.0,493.0,411.92935250169796,416.0,487.0,0.1373046875,1.0,0.8626953125
train,20250305_094446.npy,"(480, 640)",uint16,0.0,65535.0,407.878192355426,298.0,2912.0,0.4282096354166667,1.0,0.5717903645833333
train,20250305_094506.npy,"(480, 640)",uint16,0.0,468.0,389.52684372550146,393.0,458.0,0.148779296875,1.0,0.851220703125
train,20250305_094539.npy,"(480, 640)",uint16,0.0,465.0,365.76452002493374,364.0,447.0,0.164453125,1.0,0.835546875
train,20250305_094551.npy,"(480, 640)",uint16,0.0,485.0,405.32204297374,408.0,472.0,0.14888671875,1.0,0.85111328125
train,20250305_094613.npy,"(480, 640)",uint16,0.0,65535.0,435.8018291387754,298.0,3696.0,0.46361653645833334,1.0,0.5363834635416667
train,20250305_094627.npy,"(480, 640)",uint16,0.0,424.0,339.087620952186,339.0,410.0,0.17309244791666667,1.0,0.8269075520833333
train,20250305_094638.npy,"(480, 640)",uint16,0.0,489.0,390.572279344981,390.0,476.0,0.15058919270833335,1.0,0.8494108072916666
train,20250305_094802.npy,"(480, 640)",uint16,0.0,734.0,569.4952233814388,571.0,709.0,0.10452473958333333,1.0,0.8954752604166667
train,20250305_095102.npy,"(480, 640)",uint16,0.0,1434.0,699.5727932447869,656.0,1277.0,0.12798828125,1.0,0.87201171875
train,20250305_095140.npy,"(480, 640)",uint16,0.0,1765.0,1045.3926319164855,977.0,1719.0,0.08636067708333334,1.0,0.9136393229166667
train,20250305_095310.npy,"(480, 640)",uint16,0.0,1060.0,751.5290995924973,734.0,1018.0,0.09893229166666667,1.0,0.9010677083333334
train,20250305_095314.npy,"(480, 640)",uint16,0.0,631.0,518.4255493604461,515.0,618.0,0.12658854166666667,1.0,0.8734114583333333
train,20250305_095320.npy,"(480, 640)",uint16,0.0,543.0,434.7935190666234,432.0,525.0,0.14763997395833334,1.0,0.8523600260416667
train,20250305_095332.npy,"(480, 640)",uint16,0.0,934.0,636.3683808283997,631.0,853.0,0.10980794270833333,1.0,0.8901920572916666
train,20250305_095338.npy,"(480, 640)",uint16,0.0,786.0,700.2012258210029,700.0,773.0,0.09074544270833333,1.0,0.9092545572916667
train,20250305_095359.npy,"(480, 640)",uint16,0.0,10786.0,321.66758115415723,326.0,348.0,0.17891927083333334,1.0,0.8210807291666666
train,20250305_095421.npy,"(480, 640)",uint16,0.0,1561.0,1107.6254387768975,1091.0,1460.0,0.06615559895833334,1.0,0.9338444010416667
train,20250305_095515.npy,"(480, 640)",uint16,0.0,735.0,508.52169563067025,500.0,694.0,0.13779622395833332,1.0,0.8622037760416666
train,20250305_095743.npy,"(480, 640)",uint16,0.0,824.0,610.1313336616705,600.0,794.0,0.11432942708333334,1.0,0.8856705729166666
train,20250305_095750.npy,"(480, 640)",uint16,0.0,814.0,755.8548239330751,763.0,806.0,0.079736328125,1.0,0.920263671875
train,20250305_095805.npy,"(480, 640)",uint16,0.0,424.0,361.60227936764414,362.0,416.0,0.16997721354166667,1.0,0.8300227864583334
train,20250305_095823.npy,"(480, 640)",uint16,0.0,519.0,417.0548080129077,413.0,505.0,0.15062174479166668,1.0,0.8493782552083333
train,20250305_095829.npy,"(480, 640)",uint16,0.0,867.0,612.7746315560134,599.0,828.0,0.118486328125,1.0,0.881513671875
train,20250305_095841.npy,"(480, 640)",uint16,0.0,1156.0,747.9380401836761,724.0,1092.0,0.10323893229166667,1.0,0.8967610677083333
train,20250305_095858.npy,"(480, 640)",uint16,0.0,10570.0,517.2316721757657,514.0,625.0,0.12451497395833333,1.0,0.8754850260416667
train,20250305_095911.npy,"(480, 640)",uint16,0.0,606.0,488.16372625884844,486.0,590.0,0.13224934895833335,1.0,0.8677506510416667
train,20250305_095915.npy,"(480, 640)",uint16,0.0,437.0,361.5875448830404,361.0,423.0,0.16685221354166666,1.0,0.8331477864583333
train,20250305_095921.npy,"(480, 640)",uint16,0.0,504.0,421.4602680544338,419.0,491.0,0.14555989583333334,1.0,0.8544401041666667
train,20250305_095928.npy,"(480, 640)",uint16,0.0,621.0,488.45849381790936,485.0,598.0,0.13118489583333334,1.0,0.8688151041666666
train,20250305_095934.npy,"(480, 640)",uint16,0.0,12435.0,383.71210280373833,382.0,457.0,0.1640625,1.0,0.8359375
train,20250305_095939.npy,"(480, 640)",uint16,0.0,65535.0,1388.2098501785179,279.0,16261.0,0.8048893229166667,1.0,0.19511067708333332
train,20250305_095946.npy,"(480, 640)",uint16,0.0,20327.0,378.20923178893827,296.0,2782.0,0.5481673177083334,1.0,0.4518326822916667
train,20250305_100002.npy,"(480, 640)",uint16,0.0,534.0,406.6373250473054,403.0,514.0,0.15876627604166665,1.0,0.8412337239583333
train,20250305_100015.npy,"(480, 640)",uint16,0.0,610.0,541.9504151838671,554.0,596.0,0.108154296875,1.0,0.891845703125
train,20250305_100020.npy,"(480, 640)",uint16,0.0,768.0,724.3180501724946,725.0,766.0,0.0828515625,1.0,0.9171484375
train,20250305_100027.npy,"(480, 640)",uint16,0.0,14479.0,573.0044999028798,568.0,625.0,0.09503255208333333,1.0,0.9049674479166666
train,20250305_100053.npy,"(480, 640)",uint16,0.0,482.0,421.9796485118232,423.0,480.0,0.13259440104166667,1.0,0.8674055989583334
train,20250305_100109.npy,"(480, 640)",uint16,0.0,631.0,497.21676358606743,496.0,608.0,0.12450520833333334,1.0,0.8754947916666667
train,20250305_100120.npy,"(480, 640)",uint16,0.0,10262.0,377.2326286253261,372.0,482.0,0.17515950520833334,1.0,0.8248404947916667
train,20250305_100125.npy,"(480, 640)",uint16,0.0,10163.0,418.0167523151968,415.0,518.0,0.15181966145833334,1.0,0.8481803385416666
train,20250305_100138.npy,"(480, 640)",uint16,0.0,452.0,360.767023837102,361.0,436.0,0.17094075520833332,1.0,0.8290592447916667
train,20250305_100147.npy,"(480, 640)",uint16,0.0,553.0,440.8726818221475,440.0,528.0,0.14185221354166666,1.0,0.8581477864583333
train,20250305_100408.npy,"(480, 640)",uint16,0.0,1489.0,851.9373164308814,823.0,1336.0,0.056832682291666665,1.0,0.9431673177083333
train,20250305_100717.npy,"(480, 640)",uint16,0.0,776.0,681.0645496295125,680.0,769.0,0.09413411458333333,1.0,0.9058658854166667
train,20250305_100728.npy,"(480, 640)",uint16,0.0,569.0,472.4820617153286,471.0,557.0,0.12959309895833335,1.0,0.8704069010416666
train,20250305_100804.npy,"(480, 640)",uint16,0.0,969.0,684.302455231445,673.0,917.0,0.07510416666666667,1.0,0.9248958333333334
train,20250305_100858.npy,"(480, 640)",uint16,0.0,896.0,602.628070382182,590.0,837.0,0.11606119791666666,1.0,0.8839388020833333
train,20250305_101458.npy,"(480, 640)",uint16,0.0,11365.0,614.3375330291091,613.0,749.0,0.10191080729166667,1.0,0.8980891927083333
train,20250305_101534.npy,"(480, 640)",uint16,0.0,642.0,479.3030253200037,475.0,615.0,0.12898763020833334,1.0,0.8710123697916666
train,20250305_101600.npy,"(480, 640)",uint16,0.0,11126.0,735.7201970050013,710.0,1135.0,0.10310546875,1.0,0.89689453125
train,20250305_101703.npy,"(480, 640)",uint16,0.0,947.0,623.5395708783889,617.0,888.0,0.103212890625,1.0,0.896787109375
train,20250305_101800.npy,"(480, 640)",uint16,0.0,11365.0,578.7877951593861,571.0,754.0,0.11770833333333333,1.0,0.8822916666666667
train,20250305_102058.npy,"(480, 640)",uint16,0.0,736.0,578.9996587694419,577.0,716.0,0.11281575520833333,1.0,0.8871842447916667
train,20250305_102121.npy,"(480, 640)",uint16,0.0,8808.0,479.1059873753408,477.0,619.0,0.12848307291666666,1.0,0.8715169270833333
train,20250305_102128.npy,"(480, 640)",uint16,0.0,1554.0,990.7061390696545,965.0,1430.0,0.07509440104166666,1.0,0.9249055989583334
train,20250305_102150.npy,"(480, 640)",uint16,0.0,874.0,527.6108914268151,510.0,802.0,0.13152018229166668,1.0,0.8684798177083334
train,20250305_102237.npy,"(480, 640)",uint16,0.0,1343.0,984.1664714956876,972.0,1284.0,0.07154947916666667,1.0,0.9284505208333333
train,20250305_102338.npy,"(480, 640)",uint16,0.0,58721.0,398.0700532988888,314.0,2683.0,0.30191731770833335,1.0,0.6980826822916667
train,20250305_102346.npy,"(480, 640)",uint16,0.0,489.0,464.9702269981655,468.0,487.0,0.12696614583333332,1.0,0.8730338541666667
train,20250305_102506.npy,"(480, 640)",uint16,0.0,1181.0,861.299308423375,870.0,1115.0,0.07932291666666667,1.0,0.9206770833333333
train,20250305_102814.npy,"(480, 640)",uint16,0.0,11244.0,506.6771901574628,505.0,631.0,0.12264322916666667,1.0,0.8773567708333333
train,20250305_102845.npy,"(480, 640)",uint16,0.0,1045.0,764.6449449977542,757.0,993.0,0.08680338541666667,1.0,0.9131966145833333
train,20250305_102923.npy,"(480, 640)",uint16,0.0,808.0,597.9106280372721,582.0,792.0,0.12384114583333333,1.0,0.8761588541666666
train,20250305_102933.npy,"(480, 640)",uint16,0.0,9609.0,776.1715448483858,743.0,1151.0,0.104150390625,1.0,0.895849609375
train,20250305_103013.npy,"(480, 640)",uint16,0.0,807.0,520.73741294712,496.0,775.0,0.14883138020833334,1.0,0.8511686197916667
train,20250305_103046.npy,"(480, 640)",uint16,0.0,1045.0,774.6475323841902,752.0,1030.0,0.09709309895833333,1.0,0.9029069010416667
train,20250305_103310.npy,"(480, 640)",uint16,0.0,849.0,733.4117733969352,737.0,826.0,0.0746484375,1.0,0.9253515625
train,20250305_103318.npy,"(480, 640)",uint16,0.0,810.0,624.1481027524816,612.0,797.0,0.11029622395833333,1.0,0.8897037760416666
train,20250305_103335.npy,"(480, 640)",uint16,0.0,755.0,630.0020673912107,638.0,739.0,0.09305989583333334,1.0,0.9069401041666667
train,20250305_103343.npy,"(480, 640)",uint16,0.0,1819.0,777.5323358503923,707.0,1564.0,0.11713541666666667,1.0,0.8828645833333333
train,20250305_103403.npy,"(480, 640)",uint16,0.0,906.0,635.8046088520947,633.0,861.0,0.10074544270833333,1.0,0.8992545572916667
train,20250305_103511.npy,"(480, 640)",uint16,0.0,1010.0,790.0359494894568,788.0,973.0,0.084091796875,1.0,0.915908203125
train,20250305_103552.npy,"(480, 640)",uint16,0.0,1489.0,1042.402501259082,1015.0,1446.0,0.07572591145833334,1.0,0.9242740885416667
train,20250305_103603.npy,"(480, 640)",uint16,0.0,2006.0,1137.3229278148058,1069.0,1922.0,0.078388671875,1.0,0.921611328125
train,20250305_103915.npy,"(480, 640)",uint16,0.0,1476.0,1015.3969665032305,992.0,1394.0,0.07650065104166667,1.0,0.9234993489583333
train,20250305_103954.npy,"(480, 640)",uint16,0.0,923.0,684.4813591080407,678.0,892.0,0.08966796875,1.0,0.91033203125
train,20250305_103958.npy,"(480, 640)",uint16,0.0,708.0,593.7701940551418,599.0,689.0,0.099033203125,1.0,0.900966796875
train,20250305_104025.npy,"(480, 640)",uint16,0.0,1120.0,800.6550907572067,792.0,1068.0,0.08036458333333334,1.0,0.9196354166666667
train,20250305_104035.npy,"(480, 640)",uint16,0.0,1061.0,721.5891129306306,716.0,1004.0,0.089970703125,1.0,0.910029296875
train,20250305_104042.npy,"(480, 640)",uint16,0.0,874.0,731.6203226596874,737.0,852.0,0.08334309895833333,1.0,0.9166569010416666
train,20250305_110155.npy,"(480, 640)",uint16,0.0,2636.0,1675.720283228118,1644.0,2408.0,0.046061197916666664,1.0,0.9539388020833334
train,20250305_110328.npy,"(480, 640)",uint16,0.0,1835.0,1353.4600238950268,1328.0,1756.0,0.051842447916666666,1.0,0.9481575520833333
train,20250305_110401.npy,"(480, 640)",uint16,0.0,1169.0,946.6992991845947,953.0,1140.0,0.06823567708333333,1.0,0.9317643229166667
train,20250305_110443.npy,"(480, 640)",uint16,0.0,65535.0,1708.228512390473,1491.0,1848.0,0.13513020833333333,1.0,0.8648697916666667
train,20250305_110516.npy,"(480, 640)",uint16,0.0,15100.0,1008.4928334134264,1024.0,1135.0,0.06521484375,1.0,0.93478515625
train,20250305_110543.npy,"(480, 640)",uint16,0.0,572.0,527.9646790984845,530.0,569.0,0.11636067708333334,1.0,0.8836393229166667
train,20250305_110746.npy,"(480, 640)",uint16,0.0,1031.0,854.3642129567709,854.0,1002.0,0.07514973958333333,1.0,0.9248502604166666
train,20250305_110800.npy,"(480, 640)",uint16,0.0,702.0,613.518357046168,618.0,694.0,0.09580729166666667,1.0,0.9041927083333333
train,20250305_110857.npy,"(480, 640)",uint16,0.0,603.0,550.6622817463953,553.0,594.0,0.11163736979166666,1.0,0.8883626302083333
train,20250305_110948.npy,"(480, 640)",uint16,0.0,846.0,732.1790084166882,736.0,828.0,0.08454752604166667,1.0,0.9154524739583333
train,20250305_111006.npy,"(480, 640)",uint16,0.0,11126.0,568.2931969957469,568.0,648.0,0.10066731770833333,1.0,0.8993326822916666
train,20250305_111046.npy,"(480, 640)",uint16,0.0,540.0,456.0091607046121,459.0,529.0,0.12869466145833333,1.0,0.8713053385416667
train,20250305_111454.npy,"(480, 640)",uint16,0.0,516.0,465.0463346290777,469.0,507.0,0.12406901041666667,1.0,0.8759309895833334
train,20250305_111554.npy,"(480, 640)",uint16,0.0,432.0,355.2490070500431,355.0,419.0,0.17304361979166666,1.0,0.8269563802083333
train,20250305_111558.npy,"(480, 640)",uint16,0.0,495.0,411.7916268378169,410.0,486.0,0.1418359375,1.0,0.8581640625
train,20250305_111602.npy,"(480, 640)",uint16,0.0,16015.0,351.784720431032,287.0,1871.0,0.5456640625,1.0,0.4543359375
train,20250305_111604.npy,"(480, 640)",uint16,0.0,65535.0,372.8951516477107,290.0,2760.0,0.553515625,1.0,0.446484375
train,20250305_111615.npy,"(480, 640)",uint16,0.0,440.0,342.96540680579176,341.0,428.0,0.18076822916666666,1.0,0.8192317708333333
train,20250305_111636.npy,"(480, 640)",uint16,0.0,1135.0,932.0784170560747,930.0,1114.0,0.06375,1.0,0.93625
train,20250305_112128.npy,"(480, 640)",uint16,0.0,810.0,668.4614239553998,672.0,792.0,0.09029622395833334,1.0,0.9097037760416666
train,20250305_112207.npy,"(480, 640)",uint16,0.0,664.0,521.4940471581587,518.0,646.0,0.117138671875,1.0,0.882861328125
train,20250305_112253.npy,"(480, 640)",uint16,0.0,11744.0,433.7856127778912,430.0,550.0,0.13873046875,1.0,0.86126953125
train,20250305_112325.npy,"(480, 640)",uint16,0.0,616.0,523.0404122355005,528.0,605.0,0.10927734375,1.0,0.89072265625
train,20250305_113235.npy,"(480, 640)",uint16,0.0,743.0,596.5595661239615,591.0,729.0,0.096083984375,1.0,0.903916015625
train,20250305_113238.npy,"(480, 640)",uint16,0.0,473.0,390.75218924187504,389.0,463.0,0.14502604166666666,1.0,0.8549739583333333
train,20250305_113241.npy,"(480, 640)",uint16,0.0,431.0,366.6578841776303,370.0,422.0,0.15628255208333333,1.0,0.8437174479166667
train,20250305_113255.npy,"(480, 640)",uint16,0.0,936.0,824.6177094007496,838.0,922.0,0.07240885416666666,1.0,0.9275911458333334
train,20250305_113505.npy,"(480, 640)",uint16,0.0,13727.0,788.4031211513424,792.0,922.0,0.07490234375,1.0,0.92509765625
train,20250305_113513.npy,"(480, 640)",uint16,0.0,1100.0,914.5348529068207,912.0,1079.0,0.066435546875,1.0,0.933564453125
train,20250305_113609.npy,"(480, 640)",uint16,0.0,939.0,821.5016648989962,830.0,926.0,0.07616861979166667,1.0,0.9238313802083333
train,20250305_113619.npy,"(480, 640)",uint16,0.0,676.0,611.2077945965831,617.0,668.0,0.097431640625,1.0,0.902568359375
train,20250305_113640.npy,"(480, 640)",uint16,0.0,326.0,297.1307526053884,298.0,321.0,0.188193359375,1.0,0.811806640625
train,20250305_113647.npy,"(480, 640)",uint16,0.0,10262.0,335.15843792381685,335.0,373.0,0.16952473958333333,1.0,0.8304752604166666
train,20250305_113702.npy,"(480, 640)",uint16,0.0,489.0,419.48764429436613,421.0,482.0,0.13625325520833334,1.0,0.8637467447916667
train,20250305_113748.npy,"(480, 640)",uint16,0.0,611.0,548.5538196405345,556.0,601.0,0.10656575520833333,1.0,0.8934342447916667
train,20250305_114119.npy,"(480, 640)",uint16,0.0,803.0,678.0468989574435,677.0,783.0,0.08921549479166667,1.0,0.9107845052083333
train,20250305_114516.npy,"(480, 640)",uint16,0.0,1057.0,867.6176695883003,865.0,1026.0,0.07783528645833333,1.0,0.9221647135416666
train,20250305_114525.npy,"(480, 640)",uint16,0.0,592.0,546.728239037049,549.0,588.0,0.11188802083333334,1.0,0.8881119791666666
train,20250305_114530.npy,"(480, 640)",uint16,0.0,15100.0,508.314803567196,507.0,620.0,0.12104166666666667,1.0,0.8789583333333333
train,20250305_114536.npy,"(480, 640)",uint16,0.0,516.0,413.17522639093147,415.0,499.0,0.143388671875,1.0,0.856611328125
train,20250305_114551.npy,"(480, 640)",uint16,0.0,572.0,500.20182086232313,501.0,560.0,0.11900716145833333,1.0,0.8809928385416667
train,20250305_114604.npy,"(480, 640)",uint16,0.0,369.0,332.12021382885825,335.0,363.0,0.17245442708333333,1.0,0.8275455729166666
train,20250305_114701.npy,"(480, 640)",uint16,0.0,839.0,722.5846693315505,729.0,822.0,0.08467447916666666,1.0,0.9153255208333333
train,20250305_114711.npy,"(480, 640)",uint16,0.0,584.0,479.88527637238246,483.0,567.0,0.12433919270833334,1.0,0.8756608072916666
train,20250305_114841.npy,"(480, 640)",uint16,0.0,575.0,505.0994961890272,505.0,563.0,0.120634765625,1.0,0.879365234375
train,20250305_115523.npy,"(480, 640)",uint16,0.0,14479.0,722.862797322979,719.0,788.0,0.087041015625,1.0,0.912958984375
train,20250305_121222.npy,"(480, 640)",uint16,0.0,2928.0,1721.3834391189487,1659.0,2629.0,0.05120442708333333,1.0,0.9487955729166667
train,20250305_121258.npy,"(480, 640)",uint16,0.0,1010.0,886.5689610334842,893.0,988.0,0.07372395833333334,1.0,0.9262760416666667
train,20250305_121411.npy,"(480, 640)",uint16,0.0,22978.0,326.35825446360053,281.0,295.0,0.36370442708333334,1.0,0.6362955729166667
train,20250305_121446.npy,"(480, 640)",uint16,0.0,831.0,701.0920287120182,703.0,824.0,0.08574869791666667,1.0,0.9142513020833334
train,20250305_121454.npy,"(480, 640)",uint16,0.0,11010.0,412.4750064484804,413.0,476.0,0.1418359375,1.0,0.8581640625
train,20250305_121500.npy,"(480, 640)",uint16,0.0,852.0,701.5752798957199,700.0,836.0,0.08849283854166666,1.0,0.9115071614583333
train,20250305_121509.npy,"(480, 640)",uint16,0.0,1976.0,1484.900649556996,1472.0,1950.0,0.04732747395833333,1.0,0.9526725260416666
train,20250305_121553.npy,"(480, 640)",uint16,0.0,9878.0,420.38352940284705,429.0,464.0,0.14110677083333334,1.0,0.8588932291666667
train,20250305_121628.npy,"(480, 640)",uint16,0.0,1904.0,1470.9951760171307,1450.0,1851.0,0.049886067708333336,1.0,0.9501139322916666
train,20250305_122054.npy,"(480, 640)",uint16,0.0,1559.0,1143.6007077814281,1135.0,1493.0,0.06268880208333333,1.0,0.9373111979166666
train,20250305_122119.npy,"(480, 640)",uint16,0.0,1832.0,1423.237453517265,1423.0,1765.0,0.050211588541666664,1.0,0.9497884114583334
train,20250305_123515.npy,"(480, 640)",uint16,0.0,1084.0,925.3610841192055,926.0,1056.0,0.06870442708333334,1.0,0.9312955729166666
train,20250305_123631.npy,"(480, 640)",uint16,0.0,15776.0,1509.1867826869702,1510.0,1832.0,0.04530598958333333,1.0,0.9546940104166667
train,20250305_123648.npy,"(480, 640)",uint16,0.0,620.0,560.8662323751869,564.0,615.0,0.109541015625,1.0,0.890458984375
train,20250305_123831.npy,"(480, 640)",uint16,0.0,876.0,802.012450942019,804.0,867.0,0.076845703125,1.0,0.923154296875
train,20250305_123857.npy,"(480, 640)",uint16,0.0,808.0,726.4144359770172,732.0,789.0,0.08332682291666667,1.0,0.9166731770833333
train,20250305_123923.npy,"(480, 640)",uint16,0.0,888.0,809.5266348079693,820.0,879.0,0.07360026041666666,1.0,0.9263997395833333
train,20250305_123934.npy,"(480, 640)",uint16,0.0,924.0,865.3610339252343,873.0,921.0,0.06983723958333334,1.0,0.9301627604166667
train,20250305_124140.npy,"(480, 640)",uint16,0.0,13380.0,589.8576371599397,591.0,727.0,0.10437825520833334,1.0,0.8956217447916667
train,20250305_124219.npy,"(480, 640)",uint16,0.0,645.0,567.1015779452424,569.0,633.0,0.10757161458333334,1.0,0.8924283854166667
train,20250305_124234.npy,"(480, 640)",uint16,0.0,604.0,564.4374286221861,570.0,601.0,0.10214518229166666,1.0,0.8978548177083333
train,20250305_124240.npy,"(480, 640)",uint16,0.0,829.0,730.7599780235361,736.0,823.0,0.081640625,1.0,0.918359375
train,20250305_124252.npy,"(480, 640)",uint16,0.0,617.0,583.0881784946938,586.0,612.0,0.101572265625,1.0,0.898427734375
train,20250305_124258.npy,"(480, 640)",uint16,0.0,666.0,611.2066398738143,616.0,659.0,0.09607421875,1.0,0.90392578125
train,20250305_124302.npy,"(480, 640)",uint16,0.0,750.0,694.0348718933607,700.0,749.0,0.0847265625,1.0,0.9152734375
train,20250305_124307.npy,"(480, 640)",uint16,0.0,785.0,730.3470214734692,738.0,775.0,0.081806640625,1.0,0.918193359375
train,20250305_124318.npy,"(480, 640)",uint16,0.0,772.0,699.7188926180455,707.0,767.0,0.083447265625,1.0,0.916552734375
train,20250305_124408.npy,"(480, 640)",uint16,0.0,662.0,571.6098899494993,572.0,637.0,0.107890625,1.0,0.892109375
train,20250305_124504.npy,"(480, 640)",uint16,0.0,764.0,664.0557700634458,672.0,747.0,0.09032877604166667,1.0,0.9096712239583333
train,20250305_124559.npy,"(480, 640)",uint16,0.0,947.0,801.5177571747054,809.0,922.0,0.08011067708333333,1.0,0.9198893229166667
train,20250305_124603.npy,"(480, 640)",uint16,0.0,846.0,741.7512298236219,749.0,827.0,0.08219075520833333,1.0,0.9178092447916667
train,20250305_124605.npy,"(480, 640)",uint16,0.0,12149.0,691.2685271107558,692.0,766.0,0.08794270833333333,1.0,0.9120572916666667
train,20250305_124613.npy,"(480, 640)",uint16,0.0,1071.0,949.7185878409051,958.0,1048.0,0.06780598958333334,1.0,0.9321940104166667
train,20250305_124623.npy,"(480, 640)",uint16,0.0,1223.0,1021.38097827413,1025.0,1205.0,0.066103515625,1.0,0.933896484375
train,20250305_124642.npy,"(480, 640)",uint16,0.0,673.0,633.0333625609107,635.0,671.0,0.09415364583333333,1.0,0.9058463541666667
train,20250305_124659.npy,"(480, 640)",uint16,0.0,895.0,803.3363548745656,809.0,890.0,0.0745703125,1.0,0.9254296875
train,20250305_124703.npy,"(480, 640)",uint16,0.0,807.0,725.8849260210862,731.0,792.0,0.08146158854166667,1.0,0.9185384114583334
train,20250305_124711.npy,"(480, 640)",uint16,0.0,809.0,724.623055027116,723.0,798.0,0.08283854166666667,1.0,0.9171614583333333
train,20250305_124722.npy,"(480, 640)",uint16,0.0,560.0,526.1196806173851,529.0,553.0,0.11083333333333334,1.0,0.8891666666666667
train,20250305_124726.npy,"(480, 640)",uint16,0.0,398.0,358.44165744922725,360.0,393.0,0.152421875,1.0,0.847578125
train,20250305_124803.npy,"(480, 640)",uint16,0.0,10570.0,395.4203403190443,392.0,476.0,0.14927408854166666,1.0,0.8507259114583333
train,20250305_124810.npy,"(480, 640)",uint16,0.0,917.0,707.772539345266,700.0,884.0,0.09612630208333334,1.0,0.9038736979166667
train,20250305_124818.npy,"(480, 640)",uint16,0.0,1067.0,934.3485501936565,943.0,1056.0,0.06708984375,1.0,0.93291015625
train,20250305_124822.npy,"(480, 640)",uint16,0.0,12583.0,1200.9846443359775,1181.0,1582.0,0.058987630208333336,1.0,0.9410123697916667
train,20250305_124838.npy,"(480, 640)",uint16,0.0,599.0,510.9976941296076,510.0,586.0,0.11627278645833333,1.0,0.8837272135416666
train,20250305_124840.npy,"(480, 640)",uint16,0.0,753.0,663.2261142641477,672.0,749.0,0.08574869791666667,1.0,0.9142513020833334
train,20250305_124847.npy,"(480, 640)",uint16,0.0,10786.0,501.7754678905175,500.0,562.0,0.11765299479166667,1.0,0.8823470052083333
train,20250305_124908.npy,"(480, 640)",uint16,0.0,666.0,566.129773703187,566.0,659.0,0.10167643229166666,1.0,0.8983235677083333
train,20250305_124909.npy,"(480, 640)",uint16,0.0,861.0,749.4516617170722,755.0,842.0,0.08145182291666667,1.0,0.9185481770833334
train,20250305_124917.npy,"(480, 640)",uint16,0.0,2021.0,1489.549704779997,1480.0,1932.0,0.048974609375,1.0,0.951025390625
train,20250305_124929.npy,"(480, 640)",uint16,0.0,557.0,510.26744442890066,513.0,549.0,0.11577473958333333,1.0,0.8842252604166667
train,20250305_124933.npy,"(480, 640)",uint16,0.0,1056.0,919.7507721940116,926.0,1026.0,0.07047526041666667,1.0,0.9295247395833334
train,20250305_124935.npy,"(480, 640)",uint16,0.0,1667.0,888.4133314446152,834.0,1568.0,0.103779296875,1.0,0.896220703125
train,20250305_124944.npy,"(480, 640)",uint16,0.0,778.0,690.7167337521563,694.0,768.0,0.08857096354166667,1.0,0.9114290364583333
train,20250305_125111.npy,"(480, 640)",uint16,0.0,12149.0,1134.0821440882455,1133.0,1393.0,0.0556640625,1.0,0.9443359375
train,20250305_125116.npy,"(480, 640)",uint16,0.0,1487.0,1225.4059663176247,1228.0,1460.0,0.051533203125,1.0,0.948466796875
train,20250305_125126.npy,"(480, 640)",uint16,0.0,856.0,744.4304977273209,759.0,850.0,0.07901692708333333,1.0,0.9209830729166667
train,20250305_125139.npy,"(480, 640)",uint16,0.0,1033.0,856.5360795136165,855.0,1023.0,0.07052083333333334,1.0,0.9294791666666666
train,20250305_125158.npy,"(480, 640)",uint16,0.0,661.0,583.70456833808,582.0,649.0,0.094765625,1.0,0.905234375
train,20250305_125219.npy,"(480, 640)",uint16,0.0,932.0,811.1445986476841,816.0,920.0,0.07421549479166667,1.0,0.9257845052083333
train,20250305_125242.npy,"(480, 640)",uint16,0.0,648.0,577.0055911578341,578.0,642.0,0.09583333333333334,1.0,0.9041666666666667
train,20250305_125247.npy,"(480, 640)",uint16,0.0,592.0,532.335742206747,534.0,588.0,0.108115234375,1.0,0.891884765625
train,20250305_125419.npy,"(480, 640)",uint16,0.0,1005.0,878.9120933749703,887.0,989.0,0.07016927083333334,1.0,0.9298307291666666
train,20250305_125426.npy,"(480, 640)",uint16,0.0,1100.0,953.4477698142092,966.0,1091.0,0.06438802083333334,1.0,0.9356119791666667
train,20250305_125548.npy,"(480, 640)",uint16,0.0,1059.0,873.0634832992025,878.0,1029.0,0.06850911458333334,1.0,0.9314908854166667
train,20250305_125611.npy,"(480, 640)",uint16,0.0,613.0,565.3653506208778,569.0,608.0,0.10319986979166666,1.0,0.8968001302083334
train,20250305_125639.npy,"(480, 640)",uint16,0.0,600.0,523.2238061610178,530.0,592.0,0.11035481770833333,1.0,0.8896451822916667
train,20250305_125749.npy,"(480, 640)",uint16,0.0,23489.0,323.5188006895857,279.0,1189.0,0.4505305989583333,1.0,0.5494694010416666
train,20250305_125803.npy,"(480, 640)",uint16,0.0,65535.0,7393.1601053936765,1397.0,65535.0,0.9579947916666667,1.0,0.042005208333333335
train,20250305_125823.npy,"(480, 640)",uint16,0.0,325.0,294.81873221091223,294.0,321.0,0.1902734375,1.0,0.8097265625
train,20250305_125901.npy,"(480, 640)",uint16,0.0,346.0,323.7723978660456,328.0,345.0,0.17260416666666667,1.0,0.8273958333333333
train,20250305_130544.npy,"(480, 640)",uint16,0.0,872.0,741.2041903989874,745.0,848.0,0.08443359375,1.0,0.91556640625
train,20250305_131511.npy,"(480, 640)",uint16,0.0,11010.0,1176.1777409614592,1176.0,1387.0,0.05884440104166667,1.0,0.9411555989583333
train,20250305_131532.npy,"(480, 640)",uint16,0.0,11010.0,759.4995651190089,763.0,831.0,0.07930989583333334,1.0,0.9206901041666666
train,20250305_131541.npy,"(480, 640)",uint16,0.0,534.0,483.8035160327837,487.0,525.0,0.12065755208333333,1.0,0.8793424479166667
train,20250305_131547.npy,"(480, 640)",uint16,0.0,11744.0,691.3770514037706,696.0,758.0,0.08797526041666667,1.0,0.9120247395833333
train,20250305_131640.npy,"(480, 640)",uint16,0.0,14479.0,1716.9733182130865,1683.0,2397.0,0.04412109375,1.0,0.95587890625
train,20250305_131704.npy,"(480, 640)",uint16,0.0,1649.0,1284.1455878771665,1278.0,1597.0,0.050947265625,1.0,0.949052734375
train,20250305_131720.npy,"(480, 640)",uint16,0.0,3011.0,1876.367211811548,1788.0,2888.0,0.04180989583333333,1.0,0.9581901041666666
train,20250305_131734.npy,"(480, 640)",uint16,0.0,960.0,789.9465793695101,798.0,931.0,0.07871744791666667,1.0,0.9212825520833333
train,20250305_131756.npy,"(480, 640)",uint16,0.0,2025.0,1421.2516801734373,1396.0,1911.0,0.054052734375,1.0,0.945947265625
train,20250305_131813.npy,"(480, 640)",uint16,0.0,11126.0,369.04678098153107,369.0,427.0,0.157685546875,1.0,0.842314453125
train,20250305_131902.npy,"(480, 640)",uint16,0.0,1114.0,1031.9075678958786,1051.0,1108.0,0.062093098958333336,1.0,0.9379069010416666
train,20250305_132143.npy,"(480, 640)",uint16,0.0,12583.0,899.5960666738052,910.0,1006.0,0.08798828125,1.0,0.91201171875
train,20250305_132157.npy,"(480, 640)",uint16,0.0,673.0,599.5658548734664,601.0,656.0,0.098173828125,1.0,0.901826171875
train,20250305_132207.npy,"(480, 640)",uint16,0.0,709.0,642.8293432563465,650.0,701.0,0.09021809895833334,1.0,0.9097819010416667
train,20250305_132212.npy,"(480, 640)",uint16,0.0,948.0,837.4772826362127,846.0,939.0,0.07419270833333333,1.0,0.9258072916666666
train,20250305_132216.npy,"(480, 640)",uint16,0.0,803.0,697.0228056863896,689.0,792.0,0.09048177083333334,1.0,0.9095182291666667
train,20250305_132248.npy,"(480, 640)",uint16,0.0,1218.0,1030.6882365589906,1041.0,1193.0,0.06141276041666666,1.0,0.9385872395833333
train,20250305_132257.npy,"(480, 640)",uint16,0.0,1385.0,1108.7712903047016,1108.0,1341.0,0.06029947916666667,1.0,0.9397005208333333
train,20250305_132340.npy,"(480, 640)",uint16,0.0,1176.0,983.5374711840726,989.0,1138.0,0.06803385416666667,1.0,0.9319661458333334
train,20250305_132405.npy,"(480, 640)",uint16,0.0,10786.0,512.0468140585002,512.0,544.0,0.11113606770833333,1.0,0.8888639322916667
train,20250305_132505.npy,"(480, 640)",uint16,0.0,574.0,517.1256630354717,521.0,567.0,0.120576171875,1.0,0.879423828125
train,20250305_132549.npy,"(480, 640)",uint16,0.0,12149.0,1181.2156754652233,1180.0,1413.0,0.055218098958333336,1.0,0.9447819010416667
train,20250305_132557.npy,"(480, 640)",uint16,0.0,12149.0,1255.4613968003566,1260.0,1504.0,0.050797526041666666,1.0,0.9492024739583333
train,20250305_132607.npy,"(480, 640)",uint16,0.0,31088.0,2947.578560037212,2298.0,12735.0,0.020247395833333334,1.0,0.9797526041666667
train,20250305_132852.npy,"(480, 640)",uint16,0.0,1145.0,970.1377769704507,971.0,1109.0,0.06814127604166667,1.0,0.9318587239583334
train,20250305_133001.npy,"(480, 640)",uint16,0.0,2397.0,1577.2774825782471,1519.0,2318.0,0.05595377604166667,1.0,0.9440462239583334
train,20250305_133014.npy,"(480, 640)",uint16,0.0,648.0,474.0914850717621,468.0,618.0,0.126572265625,1.0,0.873427734375
train,20250305_133018.npy,"(480, 640)",uint16,0.0,479.0,397.1340200333764,394.0,474.0,0.13978190104166666,1.0,0.8602180989583333
train,20250305_133021.npy,"(480, 640)",uint16,0.0,1089.0,896.6042325859471,893.0,1062.0,0.06894856770833334,1.0,0.9310514322916666
train,20250305_133054.npy,"(480, 640)",uint16,0.0,535.0,466.9873744321097,469.0,525.0,0.12442057291666667,1.0,0.8755794270833334
train,20250305_133059.npy,"(480, 640)",uint16,0.0,978.0,869.5991580344821,872.0,967.0,0.06824544270833334,1.0,0.9317545572916667
train,20250305_133111.npy,"(480, 640)",uint16,0.0,12011.0,907.2137223892165,918.0,1029.0,0.067587890625,1.0,0.932412109375
train,20250305_133525.npy,"(480, 640)",uint16,0.0,905.0,757.0704185781856,757.0,892.0,0.08466796875,1.0,0.91533203125
train,20250305_133536.npy,"(480, 640)",uint16,0.0,828.0,697.496096707378,708.0,796.0,0.0884765625,1.0,0.9115234375
train,20250305_133540.npy,"(480, 640)",uint16,0.0,732.0,646.9647586271312,654.0,718.0,0.09386067708333333,1.0,0.9061393229166667
train,20250305_133543.npy,"(480, 640)",uint16,0.0,1004.0,814.3468647545355,813.0,988.789999999979,0.08456380208333333,1.0,0.9154361979166666
train,20250305_133549.npy,"(480, 640)",uint16,0.0,11876.0,630.1759034025966,624.0,821.0,0.11143229166666667,1.0,0.8885677083333333
train,20250305_133606.npy,"(480, 640)",uint16,0.0,11615.0,761.0741619655265,769.0,826.0,0.08368489583333333,1.0,0.9163151041666666
train,20250305_133609.npy,"(480, 640)",uint16,0.0,27815.0,3266.507787737296,2535.0,12735.0,0.04488932291666667,1.0,0.9551106770833333
train,20250305_133629.npy,"(480, 640)",uint16,0.0,982.0,786.7925130956944,785.0,950.0,0.0827734375,1.0,0.9172265625
train,20250305_133633.npy,"(480, 640)",uint16,0.0,979.0,774.454477399116,772.0,947.0,0.08684895833333334,1.0,0.9131510416666667
train,20250305_133640.npy,"(480, 640)",uint16,0.0,678.0,573.6393438450939,571.0,663.0,0.10463216145833333,1.0,0.8953678385416667
train,20250305_133655.npy,"(480, 640)",uint16,0.0,12735.0,3355.585572074719,2529.0,10570.0,0.04712239583333333,1.0,0.9528776041666667
train,20250305_133703.npy,"(480, 640)",uint16,0.0,804.0,640.736980257362,636.0,774.0,0.09842447916666666,1.0,0.9015755208333334
train,20250305_133732.npy,"(480, 640)",uint16,0.0,844.0,689.6514596184192,688.0,816.0,0.09231770833333333,1.0,0.9076822916666667
train,20250305_133753.npy,"(480, 640)",uint16,0.0,1582.0,1105.6212763587505,1093.0,1495.0,0.06482421875,1.0,0.93517578125
train,20250305_134023.npy,"(480, 640)",uint16,0.0,2767.0,1669.3090340442986,1629.0,2517.0,0.04765625,1.0,0.95234375
train,20250305_134201.npy,"(480, 640)",uint16,0.0,11010.0,1005.8980154277205,986.0,1391.0,0.07751953125,1.0,0.92248046875
train,20250305_134211.npy,"(480, 640)",uint16,0.0,646.0,543.2283494402731,543.0,633.0,0.11513997395833334,1.0,0.8848600260416667
train,20250305_134212.npy,"(480, 640)",uint16,0.0,943.0,818.5757629581212,827.0,930.0,0.08364908854166667,1.0,0.9163509114583334
train,20250305_134236.npy,"(480, 640)",uint16,0.0,903.0,783.3012452583573,786.0,885.0,0.08350260416666666,1.0,0.9164973958333333
train,20250305_134243.npy,"(480, 640)",uint16,0.0,551.0,490.7674127238726,492.0,543.0,0.11921223958333334,1.0,0.8807877604166666
train,20250305_134302.npy,"(480, 640)",uint16,0.0,1072.0,897.6555665094007,906.0,1040.0,0.07545572916666667,1.0,0.9245442708333333
train,20250305_134331.npy,"(480, 640)",uint16,0.0,766.0,595.8428999945462,596.0,731.0,0.10470377604166667,1.0,0.8952962239583333
train,20250305_134622.npy,"(480, 640)",uint16,0.0,885.0,660.8258125786118,656.0,848.0,0.10194986979166666,1.0,0.8980501302083334
train,20250305_134629.npy,"(480, 640)",uint16,0.0,1120.0,838.2026644031197,836.0,1073.0,0.08345052083333333,1.0,0.9165494791666666
train,20250305_134713.npy,"(480, 640)",uint16,0.0,2703.0,1405.0215691353444,1277.0,2541.0,0.07003255208333334,1.0,0.9299674479166666
train,20250305_134830.npy,"(480, 640)",uint16,0.0,1201.0,965.9973865701277,964.0,1174.0,0.07205078125,1.0,0.92794921875
train,20250305_134958.npy,"(480, 640)",uint16,0.0,1081.0,867.5458077867958,866.0,1058.0,0.07512369791666666,1.0,0.9248763020833334
train,20250305_135014.npy,"(480, 640)",uint16,0.0,1487.0,1192.2489676472007,1186.0,1436.0,0.05561848958333333,1.0,0.9443815104166666
train,20250305_135029.npy,"(480, 640)",uint16,0.0,1041.0,853.5817735980099,850.0,1029.0,0.08136067708333333,1.0,0.9186393229166666
train,20250305_135035.npy,"(480, 640)",uint16,0.0,1284.0,1017.2091552901916,1008.0,1236.0,0.06553059895833334,1.0,0.9344694010416666
train,20250305_135042.npy,"(480, 640)",uint16,0.0,12435.0,1621.8177200044263,1506.0,2774.0,0.058671875,1.0,0.941328125
train,20250305_135046.npy,"(480, 640)",uint16,0.0,474.0,398.58188254074753,400.0,461.0,0.155791015625,1.0,0.844208984375
train,20250305_135051.npy,"(480, 640)",uint16,0.0,13551.0,488.2646433050645,488.0,573.0,0.12791666666666668,1.0,0.8720833333333333
train,20250305_135057.npy,"(480, 640)",uint16,0.0,857.0,667.3591346205774,667.0,819.0,0.09586263020833333,1.0,0.9041373697916667
train,20250305_135143.npy,"(480, 640)",uint16,0.0,11615.0,612.9294796645324,615.0,658.0,0.09757486979166667,1.0,0.9024251302083334
train,20250305_135219.npy,"(480, 640)",uint16,0.0,1277.0,927.6458852779509,922.0,1226.0,0.08088541666666667,1.0,0.9191145833333333
train,20250305_135233.npy,"(480, 640)",uint16,0.0,1104.0,909.323370194027,914.0,1069.0,0.07155598958333333,1.0,0.9284440104166667
train,20250305_135247.npy,"(480, 640)",uint16,0.0,9437.0,2593.238429490705,2085.0,7340.0,0.053020833333333336,1.0,0.9469791666666667
train,20250305_135253.npy,"(480, 640)",uint16,0.0,873.0,678.9637589624707,676.0,835.0,0.09289713541666667,1.0,0.9071028645833333
train,20250305_135306.npy,"(480, 640)",uint16,0.0,709.0,626.6115226218725,633.0,694.0,0.09733723958333333,1.0,0.9026627604166667
train,20250305_135312.npy,"(480, 640)",uint16,0.0,11489.0,737.1054993469681,739.0,826.0,0.08529622395833333,1.0,0.9147037760416666
train,20250305_135354.npy,"(480, 640)",uint16,0.0,5808.0,2247.776407331754,2060.0,4804.0,0.04222981770833333,1.0,0.9577701822916667
train,20250305_135425.npy,"(480, 640)",uint16,0.0,1281.0,1049.2382214737192,1051.0,1249.0,0.060625,1.0,0.939375
train,20250305_135440.npy,"(480, 640)",uint16,0.0,559.0,493.1202195743795,494.0,546.0,0.12413411458333333,1.0,0.8758658854166667
train,20250305_135459.npy,"(480, 640)",uint16,0.0,3454.0,1842.2518004528024,1756.0,3037.0,0.04673502604166667,1.0,0.9532649739583333
train,20250305_140109.npy,"(480, 640)",uint16,0.0,9972.0,929.732963883185,914.0,1222.0,0.07896158854166667,1.0,0.9210384114583333
train,20250305_140116.npy,"(480, 640)",uint16,0.0,1947.0,1406.0955156535542,1385.0,1845.0,0.050589192708333335,1.0,0.9494108072916667
train,20250305_140151.npy,"(480, 640)",uint16,0.0,1235.0,978.2347723633516,970.0,1193.0,0.06892578125,1.0,0.93107421875
train,20250305_140155.npy,"(480, 640)",uint16,0.0,11126.0,718.7591948921425,716.0,848.0,0.086884765625,1.0,0.913115234375
train,20250305_140203.npy,"(480, 640)",uint16,0.0,2140.0,1340.6286603558783,1281.0,2037.0,0.06499674479166667,1.0,0.9350032552083334
train,20250305_140415.npy,"(480, 640)",uint16,0.0,10465.0,999.531394189565,994.0,1263.0,0.06944986979166666,1.0,0.9305501302083333
train,20250305_140423.npy,"(480, 640)",uint16,0.0,13212.0,2076.567690469117,1947.0,3345.0,0.03575520833333334,1.0,0.9642447916666667
train,20250305_140426.npy,"(480, 640)",uint16,0.0,10465.0,1587.1429057386808,1564.0,1979.0,0.04306640625,1.0,0.95693359375
train,20250305_140432.npy,"(480, 640)",uint16,0.0,1750.0,1291.70737236824,1275.0,1665.0,0.05377604166666667,1.0,0.9462239583333333
train,20250305_140444.npy,"(480, 640)",uint16,0.0,17048.0,742.3476349052888,731.0,898.0,0.09091796875,1.0,0.90908203125
train,20250305_140549.npy,"(480, 640)",uint16,0.0,1100.0,912.5087601830153,922.0,1080.0,0.0665625,1.0,0.9334375
train,20250305_140801.npy,"(480, 640)",uint16,0.0,866.0,740.376136132855,741.0,846.0,0.08637044270833333,1.0,0.9136295572916666
train,20250305_140808.npy,"(480, 640)",uint16,0.0,1100.0,877.1824835471415,878.0,1062.0,0.073564453125,1.0,0.926435546875
train,20250305_140826.npy,"(480, 640)",uint16,0.0,1272.0,1081.0783227271306,1079.0,1245.0,0.062373046875,1.0,0.937626953125
train,20250305_140851.npy,"(480, 640)",uint16,0.0,464.0,386.2957480230078,385.0,454.0,0.15449869791666668,1.0,0.8455013020833333
train,20250305_141310.npy,"(480, 640)",uint16,0.0,800.0,716.1738429755,720.0,790.0,0.08296223958333333,1.0,0.9170377604166666
train,20250305_141316.npy,"(480, 640)",uint16,0.0,12583.0,378.83804626260604,379.0,442.0,0.15366536458333332,1.0,0.8463346354166666
train,20250305_141439.npy,"(480, 640)",uint16,0.0,828.0,751.0687791854144,759.0,812.0,0.081923828125,1.0,0.918076171875
train,20250305_141520.npy,"(480, 640)",uint16,0.0,517.0,421.59662876111906,422.0,501.0,0.14294921875,1.0,0.85705078125
train,20250305_141524.npy,"(480, 640)",uint16,0.0,1109.0,917.6457698370994,914.0,1075.0,0.07080078125,1.0,0.92919921875
train,20250305_141551.npy,"(480, 640)",uint16,0.0,734.0,706.2750519344472,706.0,731.0,0.08331705729166666,1.0,0.9166829427083333
train,20250305_141909.npy,"(480, 640)",uint16,0.0,1033.0,881.459668624161,879.0,1027.0,0.06875,1.0,0.93125
train,20250305_141916.npy,"(480, 640)",uint16,0.0,1614.0,1084.781783093988,1069.0,1504.0,0.06383463541666666,1.0,0.9361653645833333
train,20250305_142050.npy,"(480, 640)",uint16,0.0,13380.0,699.6483506662044,701.0,826.0,0.08945638020833334,1.0,0.9105436197916666
train,20250305_142058.npy,"(480, 640)",uint16,0.0,714.0,648.640935852404,655.0,702.0,0.08992838541666667,1.0,0.9100716145833333
train,20250305_142107.npy,"(480, 640)",uint16,0.0,6406.0,2140.6283138809267,1925.0,4871.0,0.05061197916666667,1.0,0.9493880208333333
train,20250305_142115.npy,"(480, 640)",uint16,0.0,1215.0,914.420938870808,898.0,1169.0,0.07981770833333333,1.0,0.9201822916666667
train,20250305_142139.npy,"(480, 640)",uint16,0.0,1521.0,1094.113786684759,1076.0,1444.0,0.064404296875,1.0,0.935595703125
train,20250305_142220.npy,"(480, 640)",uint16,0.0,1190.0,910.8766092644319,899.0,1144.0,0.07583658854166667,1.0,0.9241634114583334
train,20250305_142246.npy,"(480, 640)",uint16,0.0,1215.0,877.1105793069979,867.0,1159.0,0.07435872395833333,1.0,0.9256412760416667
train,20250305_142301.npy,"(480, 640)",uint16,0.0,674.0,557.1046264669819,558.0,655.0,0.10796875,1.0,0.89203125
train,20250305_142409.npy,"(480, 640)",uint16,0.0,9787.0,715.1455078822873,714.0,863.0,0.08897135416666667,1.0,0.9110286458333333
train,20250305_142436.npy,"(480, 640)",uint16,0.0,2288.0,1447.1110107522416,1396.0,2148.0,0.059365234375,1.0,0.940634765625
train,20250305_142451.npy,"(480, 640)",uint16,0.0,1450.0,1097.38089664134,1087.0,1396.0,0.065595703125,1.0,0.934404296875
train,20250305_142602.npy,"(480, 640)",uint16,0.0,14479.0,835.5730467945485,826.0,1055.0,0.08328776041666666,1.0,0.9167122395833334
train,20250305_142744.npy,"(480, 640)",uint16,0.0,16015.0,2091.9201038770625,1877.0,3872.0,0.0586328125,1.0,0.9413671875
train,20250305_142815.npy,"(480, 640)",uint16,0.0,871.0,779.3504720263049,786.0,852.0,0.07831705729166667,1.0,0.9216829427083333
train,20250305_143002.npy,"(480, 640)",uint16,0.0,13212.0,1038.9649484967465,1029.0,1238.0,0.06647786458333334,1.0,0.9335221354166666
train,20250305_143025.npy,"(480, 640)",uint16,0.0,1589.0,988.8708906727828,955.0,1489.0,0.0803125,1.0,0.9196875
train,20250305_143042.npy,"(480, 640)",uint16,0.0,2452.0,1487.3291169368747,1434.0,2239.0,0.056315104166666664,1.0,0.9436848958333334
train,20250305_143109.npy,"(480, 640)",uint16,0.0,957.0,741.7883645668699,740.0,924.0,0.091708984375,1.0,0.908291015625
train,20250305_143124.npy,"(480, 640)",uint16,0.0,1915.0,1385.2750584500914,1359.0,1829.0,0.04627278645833333,1.0,0.9537272135416667
train,20250305_143219.npy,"(480, 640)",uint16,0.0,9354.0,2536.373363356992,2140.0,6367.0,0.04878255208333333,1.0,0.9512174479166666
train,20250305_143234.npy,"(480, 640)",uint16,0.0,1357.0,1037.722137687623,1032.0,1292.0,0.069404296875,1.0,0.930595703125
train,20250305_143243.npy,"(480, 640)",uint16,0.0,859.0,712.8425262676532,718.0,834.0,0.08884440104166667,1.0,0.9111555989583333
train,20250305_143255.npy,"(480, 640)",uint16,0.0,1049.0,861.2360575682943,864.0,1020.0,0.07876627604166667,1.0,0.9212337239583334
train,20250305_143305.npy,"(480, 640)",uint16,0.0,930.0,758.3366829885368,759.0,907.0,0.08391276041666666,1.0,0.9160872395833334
train,20250305_143314.npy,"(480, 640)",uint16,0.0,1198.0,951.9777029840146,945.0,1154.0,0.06958658854166666,1.0,0.9304134114583333
train,20250305_143414.npy,"(480, 640)",uint16,0.0,13551.0,2127.381965969512,1894.0,4939.0,0.051669921875,1.0,0.948330078125
train,20250305_143424.npy,"(480, 640)",uint16,0.0,65535.0,5631.413923977385,3118.0,44041.0,0.043681640625,1.0,0.956318359375
train,20250305_143919.npy,"(480, 640)",uint16,0.0,734.0,592.6141201064235,596.0,711.0,0.109296875,1.0,0.890703125
train,20250305_144025.npy,"(480, 640)",uint16,0.0,868.0,723.597509236256,726.0,848.0,0.08542317708333333,1.0,0.9145768229166666
train,20250305_144032.npy,"(480, 640)",uint16,0.0,1580.0,1204.0629119626349,1214.0,1506.0,0.05772135416666667,1.0,0.9422786458333333
train,20250305_144527.npy,"(480, 640)",uint16,0.0,1057.0,919.8655881716754,921.0,1033.0,0.06694661458333333,1.0,0.9330533854166667
train,20250305_150043.npy,"(480, 640)",uint16,0.0,1212.0,873.5525113511876,861.0,1144.0,0.07587565104166667,1.0,0.9241243489583333
train,20250305_150049.npy,"(480, 640)",uint16,0.0,1345.0,1123.4616879253601,1134.0,1320.0,0.053440755208333336,1.0,0.9465592447916666
train,20250305_150323.npy,"(480, 640)",uint16,0.0,1117.0,904.2291877541443,904.0,1092.0,0.07058268229166667,1.0,0.9294173177083334
train,20250305_150331.npy,"(480, 640)",uint16,0.0,11244.0,966.9577955587898,959.0,1151.0,0.06958658854166666,1.0,0.9304134114583333
train,20250305_150414.npy,"(480, 640)",uint16,0.0,1454.0,1102.2246942434194,1099.0,1393.0,0.061253255208333336,1.0,0.9387467447916666
train,20250305_150442.npy,"(480, 640)",uint16,0.0,14284.0,1045.751029308291,1034.0,1303.0,0.06547526041666667,1.0,0.9345247395833334
train,20250305_150515.npy,"(480, 640)",uint16,0.0,1485.0,1148.0305184365654,1145.0,1436.0,0.05847981770833333,1.0,0.9415201822916667
train,20250305_150518.npy,"(480, 640)",uint16,0.0,721.0,589.2370798357498,591.0,701.0,0.10419921875,1.0,0.89580078125
train,20250305_151641.npy,"(480, 640)",uint16,0.0,1006.0,830.6545022872535,829.0,983.0,0.08275065104166666,1.0,0.9172493489583333
train,20250305_153008.npy,"(480, 640)",uint16,0.0,2193.0,1325.695456601064,1299.0,2006.0,0.05705403645833333,1.0,0.9429459635416667
val,20250227_140905.npy,"(480, 640)",uint16,0.0,874.0,754.4160211606845,757.0,850.0,0.070849609375,1.0,0.929150390625
val,20250227_143319.npy,"(480, 640)",uint16,0.0,11876.0,742.930518318348,744.0,828.0,0.07968098958333333,1.0,0.9203190104166666
val,20250227_170425.npy,"(480, 640)",uint16,0.0,9272.0,1028.107513429215,1016.0,1311.0,0.060709635416666664,1.0,0.9392903645833334
val,20250227_170647.npy,"(480, 640)",uint16,0.0,1514.0,1198.0605393752173,1201.0,1493.0,0.054775390625,1.0,0.945224609375
val,20250227_170940.npy,"(480, 640)",uint16,0.0,866.0,735.8270080747982,735.0,851.0,0.080859375,1.0,0.919140625
val,20250227_171010.npy,"(480, 640)",uint16,0.0,901.0,799.7157218821405,807.0,891.0,0.07684895833333333,1.0,0.9231510416666666
val,20250227_171314.npy,"(480, 640)",uint16,0.0,11615.0,823.073900523652,823.0,931.0,0.07189778645833333,1.0,0.9281022135416667
val,20250227_172829.npy,"(480, 640)",uint16,0.0,2106.0,1502.9364164223075,1487.0,2033.0,0.04862955729166667,1.0,0.9513704427083334
val,20250227_174412.npy,"(480, 640)",uint16,0.0,12583.0,888.2909649760819,890.0,973.0,0.06908854166666667,1.0,0.9309114583333333
val,20250227_174615.npy,"(480, 640)",uint16,0.0,668.0,636.4264289189731,638.0,664.0,0.09013020833333334,1.0,0.9098697916666667
val,20250227_180536.npy,"(480, 640)",uint16,0.0,2458.0,1693.681927281792,1652.0,2391.0,0.08590494791666667,1.0,0.9140950520833333
val,20250227_181003.npy,"(480, 640)",uint16,0.0,1310.0,1171.4447105939769,1178.0,1297.0,0.055514322916666664,1.0,0.9444856770833333
val,20250227_183220.npy,"(480, 640)",uint16,0.0,12011.0,1272.7711395134077,1266.0,1506.0,0.051787109375,1.0,0.948212890625
val,20250227_183642.npy,"(480, 640)",uint16,0.0,11010.0,1271.021479607077,1275.0,1478.0,0.051910807291666666,1.0,0.9480891927083334
val,20250227_184251.npy,"(480, 640)",uint16,0.0,1182.0,1068.8560734072023,1073.0,1171.0,0.059895833333333336,1.0,0.9401041666666666
val,20250227_184927.npy,"(480, 640)",uint16,0.0,1109.0,1007.6259120221976,1019.0,1092.0,0.06263346354166667,1.0,0.9373665364583333
val,20250227_191254.npy,"(480, 640)",uint16,0.0,1070.0,987.0361152493167,992.0,1062.0,0.062607421875,1.0,0.937392578125
val,20250227_191351.npy,"(480, 640)",uint16,0.0,816.0,749.0341715408533,749.0,806.0,0.07558919270833334,1.0,0.9244108072916667
val,20250305_021612.npy,"(480, 640)",uint16,0.0,1601.0,1369.8716147964512,1376.0,1587.0,0.04933919270833333,1.0,0.9506608072916667
val,20250305_023226.npy,"(480, 640)",uint16,0.0,1396.0,1235.3324226837865,1242.0,1380.0,0.05511393229166667,1.0,0.9448860677083334
val,20250305_033147.npy,"(480, 640)",uint16,0.0,1069.0,905.0992372555194,903.0,1047.0,0.06962890625,1.0,0.93037109375
val,20250305_034430.npy,"(480, 640)",uint16,0.0,785.0,721.0780508625289,728.0,774.0,0.08479817708333333,1.0,0.9152018229166666
val,20250305_035737.npy,"(480, 640)",uint16,0.0,12290.0,583.7724646322293,579.0,622.0,0.099169921875,1.0,0.900830078125
val,20250305_040158.npy,"(480, 640)",uint16,0.0,645.0,599.448095736616,603.0,640.0,0.09827473958333334,1.0,0.9017252604166667
val,20250305_040311.npy,"(480, 640)",uint16,0.0,1039.0,904.6491530762231,910.0,1020.0,0.06985677083333333,1.0,0.9301432291666667
val,20250305_040423.npy,"(480, 640)",uint16,0.0,933.0,846.3616617231514,850.0,923.0,0.07263997395833334,1.0,0.9273600260416667
val,20250305_041332.npy,"(480, 640)",uint16,0.0,11010.0,709.8305592259494,706.0,748.0,0.0835546875,1.0,0.9164453125
val,20250305_050340.npy,"(480, 640)",uint16,0.0,1120.0,986.1945380306686,994.0,1109.0,0.060859375,1.0,0.939140625
val,20250305_050343.npy,"(480, 640)",uint16,0.0,1074.0,941.1931281969254,945.0,1059.0,0.06386393229166666,1.0,0.9361360677083334
val,20250305_051245.npy,"(480, 640)",uint16,0.0,1589.0,1312.743247514412,1313.0,1561.6899999999441,0.05248046875,1.0,0.94751953125
val,20250305_053826.npy,"(480, 640)",uint16,0.0,1045.0,863.2066467292868,859.0,1032.0,0.0726171875,1.0,0.9273828125
val,20250305_053907.npy,"(480, 640)",uint16,0.0,1219.0,1087.5565176763744,1096.0,1211.0,0.059423828125,1.0,0.940576171875
val,20250305_053943.npy,"(480, 640)",uint16,0.0,10465.0,862.9805738740002,864.0,1005.0,0.07200520833333333,1.0,0.9279947916666667
val,20250305_054230.npy,"(480, 640)",uint16,0.0,1116.0,1007.1101977276746,1006.0,1107.0,0.06111002604166667,1.0,0.9388899739583333
val,20250305_054517.npy,"(480, 640)",uint16,0.0,1148.0,1005.9210118614504,1010.0,1141.0,0.06499674479166667,1.0,0.9350032552083334
val,20250305_054607.npy,"(480, 640)",uint16,0.0,955.0,890.2103542425091,893.0,946.0,0.07005208333333333,1.0,0.9299479166666667
val,20250305_055707.npy,"(480, 640)",uint16,0.0,10786.0,1308.1331296347157,1291.0,1621.0,0.05182291666666667,1.0,0.9481770833333333
val,20250305_055923.npy,"(480, 640)",uint16,0.0,12011.0,1096.0321506840792,1092.0,1270.0,0.05828776041666667,1.0,0.9417122395833334
val,20250305_061011.npy,"(480, 640)",uint16,0.0,17328.0,1104.3411776089129,1108.0,1230.0,0.057998046875,1.0,0.942001953125
val,20250305_061138.npy,"(480, 640)",uint16,0.0,13380.0,961.8535179139461,959.0,1073.0,0.06671875,1.0,0.93328125
val,20250305_061329.npy,"(480, 640)",uint16,0.0,852.0,807.855197910756,809.0,850.0,0.07637044270833333,1.0,0.9236295572916666
val,20250305_080238.npy,"(480, 640)",uint16,0.0,13049.0,538.7768215144387,529.0,751.0,0.124013671875,1.0,0.875986328125
val,20250305_082316.npy,"(480, 640)",uint16,0.0,11126.0,599.7275236578489,583.0,768.0,0.11904622395833334,1.0,0.8809537760416667
val,20250305_083636.npy,"(480, 640)",uint16,0.0,573.0,458.89473918627004,463.0,562.0,0.12296223958333333,1.0,0.8770377604166667
val,20250305_094522.npy,"(480, 640)",uint16,0.0,480.0,378.1930505805336,377.0,464.0,0.15666666666666668,1.0,0.8433333333333334
val,20250305_094634.npy,"(480, 640)",uint16,0.0,10786.0,397.47203465262965,399.0,483.0,0.15154947916666667,1.0,0.8484505208333334
val,20250305_095114.npy,"(480, 640)",uint16,0.0,685.0,537.2159912956537,536.0,657.0,0.11442708333333333,1.0,0.8855729166666667
val,20250305_095818.npy,"(480, 640)",uint16,0.0,9878.0,442.1563612708847,440.0,530.0,0.144296875,1.0,0.855703125
val,20250305_095853.npy,"(480, 640)",uint16,0.0,527.0,412.6905453497699,409.0,518.0,0.16397786458333333,1.0,0.8360221354166667
val,20250305_095954.npy,"(480, 640)",uint16,0.0,571.0,425.6603493826495,422.0,545.0,0.15475911458333333,1.0,0.8452408854166666
val,20250305_101118.npy,"(480, 640)",uint16,0.0,787.0,617.4106905419425,615.0,751.0,0.1088671875,1.0,0.8911328125
val,20250305_101122.npy,"(480, 640)",uint16,0.0,703.0,578.5156818198315,585.0,691.0,0.10305338541666667,1.0,0.8969466145833334
val,20250305_102157.npy,"(480, 640)",uint16,0.0,9787.0,505.51890229846595,504.0,648.0,0.12447265625,1.0,0.87552734375
val,20250305_103303.npy,"(480, 640)",uint16,0.0,1338.0,1054.4466162647007,1062.0,1284.0,0.0622265625,1.0,0.9377734375
val,20250305_110407.npy,"(480, 640)",uint16,0.0,1004.0,819.4488778761062,823.0,974.0,0.08040364583333333,1.0,0.9195963541666666
val,20250305_111246.npy,"(480, 640)",uint16,0.0,475.0,431.0321127885855,431.0,469.0,0.13624348958333332,1.0,0.8637565104166667
val,20250305_111305.npy,"(480, 640)",uint16,0.0,659.0,555.5914449383221,562.0,648.0,0.10726888020833333,1.0,0.8927311197916666
val,20250305_111532.npy,"(480, 640)",uint16,0.0,878.0,720.1859621146572,716.0,852.0,0.08956380208333334,1.0,0.9104361979166666
val,20250305_111611.npy,"(480, 640)",uint16,0.0,65535.0,409.3790741213514,293.0,489.0,0.5409765625,1.0,0.4590234375
val,20250305_112342.npy,"(480, 640)",uint16,0.0,885.0,703.3515905977051,718.0,855.0,0.08765625,1.0,0.91234375
val,20250305_114836.npy,"(480, 640)",uint16,0.0,461.0,411.04219293533134,413.0,453.0,0.145634765625,1.0,0.854365234375
val,20250305_115026.npy,"(480, 640)",uint16,0.0,553.0,479.6948606977621,486.0,540.0,0.12825846354166667,1.0,0.8717415364583333
val,20250305_115048.npy,"(480, 640)",uint16,0.0,15100.0,431.3284434906576,434.0,465.0,0.14145833333333332,1.0,0.8585416666666666
val,20250305_115546.npy,"(480, 640)",uint16,0.0,12435.0,863.236656323685,871.0,919.0,0.07365559895833333,1.0,0.9263444010416667
val,20250305_121309.npy,"(480, 640)",uint16,0.0,418.0,402.39105636793886,404.0,418.0,0.14161458333333332,1.0,0.8583854166666667
val,20250305_124414.npy,"(480, 640)",uint16,0.0,664.0,585.7734365369975,587.0,652.0,0.10211588541666666,1.0,0.8978841145833333
val,20250305_124432.npy,"(480, 640)",uint16,0.0,360.0,321.25941240133676,324.0,357.0,0.17888346354166668,1.0,0.8211165364583334
val,20250305_124507.npy,"(480, 640)",uint16,0.0,890.0,738.0608570707088,740.0,864.0,0.08474283854166667,1.0,0.9152571614583334
val,20250305_124519.npy,"(480, 640)",uint16,0.0,11010.0,659.9430545303396,661.0,721.0,0.09155598958333333,1.0,0.9084440104166667
val,20250305_124651.npy,"(480, 640)",uint16,0.0,733.0,676.7028153507392,678.0,724.0,0.08934895833333334,1.0,0.9106510416666667
val,20250305_124845.npy,"(480, 640)",uint16,0.0,1110.0,973.9809669207656,979.0,1102.0,0.06395833333333334,1.0,0.9360416666666667
val,20250305_124859.npy,"(480, 640)",uint16,0.0,728.0,634.3086637287552,638.0,715.0,0.09291666666666666,1.0,0.9070833333333334
val,20250305_124920.npy,"(480, 640)",uint16,0.0,1406.0,1122.2110471504488,1132.0,1366.0,0.05789713541666667,1.0,0.9421028645833334
val,20250305_125029.npy,"(480, 640)",uint16,0.0,1373.0,1169.9839396885147,1181.0,1350.0,0.05568359375,1.0,0.94431640625
val,20250305_125432.npy,"(480, 640)",uint16,0.0,1325.0,1090.7642820931092,1099.0,1305.0,0.05611653645833333,1.0,0.9438834635416666
val,20250305_125440.npy,"(480, 640)",uint16,0.0,509.0,467.1614254600409,475.0,507.0,0.121171875,1.0,0.878828125
val,20250305_125815.npy,"(480, 640)",uint16,0.0,23489.0,331.4078219620509,290.0,307.0,0.35494791666666664,1.0,0.6450520833333333
val,20250305_131835.npy,"(480, 640)",uint16,0.0,65535.0,3277.676515940821,874.0,52849.0,0.9218912760416667,1.0,0.07810872395833333
val,20250305_131930.npy,"(480, 640)",uint16,0.0,1289.0,1036.4595108386263,1029.0,1255.0,0.05650065104166667,1.0,0.9434993489583333
val,20250305_132636.npy,"(480, 640)",uint16,0.0,1947.0,1425.8737164772024,1428.0,1829.0,0.052747395833333335,1.0,0.9472526041666667
val,20250305_133552.npy,"(480, 640)",uint16,0.0,850.0,746.7413326960666,745.0,840.0,0.08735677083333333,1.0,0.9126432291666666
val,20250305_134250.npy,"(480, 640)",uint16,0.0,573.0,510.6818447579153,515.0,566.0,0.12032552083333334,1.0,0.8796744791666666
val,20250305_135157.npy,"(480, 640)",uint16,0.0,1269.0,848.9711140494046,828.0,1193.0,0.05462890625,1.0,0.94537109375
val,20250305_135325.npy,"(480, 640)",uint16,0.0,2064.0,1482.6399045671437,1468.0,2009.0,0.044921875,1.0,0.955078125
val,20250305_135341.npy,"(480, 640)",uint16,0.0,13049.0,2060.9640858097728,1929.0,4019.0,0.044488932291666665,1.0,0.9555110677083334
val,20250305_140447.npy,"(480, 640)",uint16,0.0,512.0,395.20492000527867,394.0,490.0,0.16132161458333333,1.0,0.8386783854166666
val,20250305_140842.npy,"(480, 640)",uint16,0.0,1396.0,1130.4451197352982,1127.0,1360.0,0.059475911458333336,1.0,0.9405240885416667
val,20250305_142529.npy,"(480, 640)",uint16,0.0,10067.0,1157.5219488341331,1092.0,1762.0,0.07470052083333334,1.0,0.9252994791666667
val,20250305_142551.npy,"(480, 640)",uint16,0.0,1428.0,1091.322358092891,1089.0,1380.0,0.064833984375,1.0,0.935166015625
val,20250305_142717.npy,"(480, 640)",uint16,0.0,763.0,676.3476665614598,678.0,751.0,0.09239583333333333,1.0,0.9076041666666667
val,20250305_143250.npy,"(480, 640)",uint16,0.0,886.0,747.154028436019,749.0,866.0,0.08236979166666666,1.0,0.9176302083333333
val,20250305_143325.npy,"(480, 640)",uint16,0.0,1665.0,1309.3326931321271,1300.0,1646.0,0.050862630208333336,1.0,0.9491373697916666
val,20250305_150021.npy,"(480, 640)",uint16,0.0,696.0,651.610526917362,659.0,692.0,0.08864583333333333,1.0,0.9113541666666667
val,20250305_150132.npy,"(480, 640)",uint16,0.0,5156.0,2165.60765986432,1925.0,4479.0,0.053763020833333335,1.0,0.9462369791666667
val,20250305_150419.npy,"(480, 640)",uint16,0.0,1575.0,1203.2612535750307,1208.0,1521.0,0.057591145833333336,1.0,0.9424088541666666
val,20250305_150506.npy,"(480, 640)",uint16,0.0,4423.0,2149.3992289700564,2041.0,3802.0,0.04247395833333333,1.0,0.9575260416666667
val,20250305_152851.npy,"(480, 640)",uint16,0.0,3500.0,1869.1879662859694,1798.0,3127.0,0.044892578125,1.0,0.955107421875
test,20250227_141738.npy,"(480, 640)",uint16,0.0,923.0,733.2901848866375,732.0,895.0,0.07724283854166666,1.0,0.9227571614583333
test,20250227_162618.npy,"(480, 640)",uint16,0.0,2085.0,1481.154373063698,1432.0,2052.0,0.04384765625,1.0,0.95615234375
test,20250227_162635.npy,"(480, 640)",uint16,0.0,2148.0,1306.7288051306673,1239.0,2060.0,0.05084635416666667,1.0,0.9491536458333333
test,20250227_162958.npy,"(480, 640)",uint16,0.0,1182.0,889.9358079957605,876.0,1140.0,0.066318359375,1.0,0.933681640625
test,20250227_163022.npy,"(480, 640)",uint16,0.0,1501.0,1118.81051220462,1101.0,1450.0,0.05541341145833333,1.0,0.9445865885416667
test,20250227_170115.npy,"(480, 640)",uint16,0.0,11615.0,1213.120883737427,1202.0,1561.0,0.054677734375,1.0,0.945322265625
test,20250227_170321.npy,"(480, 640)",uint16,0.0,1073.0,959.0401873063398,974.0,1063.0,0.06500651041666666,1.0,0.9349934895833333
test,20250227_171126.npy,"(480, 640)",uint16,0.0,1104.0,898.3146684026137,903.0,1074.0,0.069912109375,1.0,0.930087890625
test,20250227_171548.npy,"(480, 640)",uint16,0.0,14093.0,493.59442896935934,484.0,560.0,0.11184895833333333,1.0,0.8881510416666667
test,20250227_171601.npy,"(480, 640)",uint16,0.0,1398.0,1080.2495672992216,1067.0,1380.0,0.057744140625,1.0,0.942255859375
test,20250227_172623.npy,"(480, 640)",uint16,0.0,787.0,750.8030701863156,751.0,783.0,0.08117513020833333,1.0,0.9188248697916667
test,20250227_172833.npy,"(480, 640)",uint16,0.0,11615.0,999.6638257411449,1004.0,1140.0,0.06194986979166667,1.0,0.9380501302083334
test,20250227_172837.npy,"(480, 640)",uint16,0.0,11489.0,1092.4207586801692,1087.0,1308.0,0.06395833333333334,1.0,0.9360416666666667
test,20250227_173255.npy,"(480, 640)",uint16,0.0,12011.0,1271.6609524466123,1266.0,1568.0,0.055680338541666666,1.0,0.9443196614583333
test,20250227_173648.npy,"(480, 640)",uint16,0.0,634.0,596.755155364683,599.0,631.0,0.09801432291666666,1.0,0.9019856770833333
test,20250227_173957.npy,"(480, 640)",uint16,0.0,11876.0,1189.7682856501544,1177.0,1456.0,0.05734049479166667,1.0,0.9426595052083333
test,20250227_174536.npy,"(480, 640)",uint16,0.0,16015.0,850.4469908113433,845.0,952.0,0.071474609375,1.0,0.928525390625
test,20250227_175029.npy,"(480, 640)",uint16,0.0,1182.0,1095.958200248041,1101.0,1169.0,0.060345052083333336,1.0,0.9396549479166667
test,20250227_180537.npy,"(480, 640)",uint16,0.0,869.0,821.0446037449286,824.0,866.0,0.07409505208333333,1.0,0.9259049479166667
test,20250227_183431.npy,"(480, 640)",uint16,0.0,1504.0,1254.0799106328338,1261.0,1446.0,0.054404296875,1.0,0.945595703125
test,20250227_183800.npy,"(480, 640)",uint16,0.0,964.0,864.8748048594813,871.0,944.0,0.072099609375,1.0,0.927900390625
test,20250227_184207.npy,"(480, 640)",uint16,0.0,1733.0,1361.439373970346,1345.0,1708.0,0.0515625,1.0,0.9484375
test,20250227_185502.npy,"(480, 640)",uint16,0.0,874.0,815.2461589306182,821.0,871.0,0.07413411458333333,1.0,0.9258658854166667
test,20250227_190012.npy,"(480, 640)",uint16,0.0,1697.0,1302.7074378003276,1286.0,1659.0,0.05430989583333334,1.0,0.9456901041666667
test,20250227_190842.npy,"(480, 640)",uint16,0.0,1832.0,1478.9402197652198,1478.0,1795.0,0.04609375,1.0,0.95390625
test,20250227_192501.npy,"(480, 640)",uint16,0.0,10465.0,840.9239575446567,846.0,944.0,0.071328125,1.0,0.928671875
test,20250305_021453.npy,"(480, 640)",uint16,0.0,9878.0,1622.3141126792245,1629.0,1987.0,0.044866536458333335,1.0,0.9551334635416666
test,20250305_021640.npy,"(480, 640)",uint16,0.0,1008.0,960.3219598159712,967.0,1001.0,0.06533528645833334,1.0,0.9346647135416667
test,20250305_022052.npy,"(480, 640)",uint16,0.0,12890.0,1991.9245224131425,1864.0,3223.0,0.05087890625,1.0,0.94912109375
test,20250305_023142.npy,"(480, 640)",uint16,0.0,1156.0,1026.6507259697448,1025.0,1141.0,0.05792317708333333,1.0,0.9420768229166666
test,20250305_024357.npy,"(480, 640)",uint16,0.0,884.0,821.1266963241774,830.0,869.0,0.07289388020833333,1.0,0.9271061197916667
test,20250305_031412.npy,"(480, 640)",uint16,0.0,11010.0,924.9917774930257,925.0,1000.0,0.06767903645833333,1.0,0.9323209635416667
test,20250305_035753.npy,"(480, 640)",uint16,0.0,616.0,585.0340665371644,583.0,614.0,0.09844401041666667,1.0,0.9015559895833334
test,20250305_041543.npy,"(480, 640)",uint16,0.0,11615.0,923.8755251771493,922.0,1009.0,0.06560546875,1.0,0.93439453125
test,20250305_042158.npy,"(480, 640)",uint16,0.0,811.0,703.3711905585886,703.0,794.0,0.07819661458333334,1.0,0.9218033854166666
test,20250305_043508.npy,"(480, 640)",uint16,0.0,2370.0,1485.8341144978845,1436.0,2225.0,0.057535807291666664,1.0,0.9424641927083334
test,20250305_043741.npy,"(480, 640)",uint16,0.0,12149.0,1344.5789518847266,1335.0,1686.0,0.05162109375,1.0,0.94837890625
test,20250305_052509.npy,"(480, 640)",uint16,0.0,11744.0,911.4211651914832,911.0,961.0,0.06695638020833333,1.0,0.9330436197916666
test,20250305_052609.npy,"(480, 640)",uint16,0.0,1115.0,1011.1292327854302,1031.0,1109.0,0.061090494791666665,1.0,0.9389095052083334
test,20250305_052731.npy,"(480, 640)",uint16,0.0,12011.0,933.8949000857305,933.0,992.0,0.06593098958333334,1.0,0.9340690104166667
test,20250305_053130.npy,"(480, 640)",uint16,0.0,1093.0,1019.2183168076044,1023.0,1080.0,0.06304036458333333,1.0,0.9369596354166667
test,20250305_053309.npy,"(480, 640)",uint16,0.0,14284.0,1279.5858742795724,1275.0,1487.0,0.055081380208333336,1.0,0.9449186197916667
test,20250305_053421.npy,"(480, 640)",uint16,0.0,1589.0,1290.3798153541793,1299.0,1557.0,0.05223958333333333,1.0,0.9477604166666667
test,20250305_053506.npy,"(480, 640)",uint16,0.0,1239.0,1110.387812523735,1108.0,1232.0,0.057102864583333336,1.0,0.9428971354166666
test,20250305_053631.npy,"(480, 640)",uint16,0.0,1172.0,1023.6907488005901,1025.0,1145.0,0.064345703125,1.0,0.935654296875
test,20250305_053817.npy,"(480, 640)",uint16,0.0,1336.0,926.05080125356,903.0,1302.0,0.066201171875,1.0,0.933798828125
test,20250305_053902.npy,"(480, 640)",uint16,0.0,925.0,859.8936139712952,864.0,918.0,0.06896158854166666,1.0,0.9310384114583333
test,20250305_055220.npy,"(480, 640)",uint16,0.0,1190.0,989.613960941272,990.0,1141.0,0.06957682291666667,1.0,0.9304231770833333
test,20250305_055253.npy,"(480, 640)",uint16,0.0,508.0,478.14268534863197,479.0,506.0,0.11484375,1.0,0.88515625
test,20250305_060414.npy,"(480, 640)",uint16,0.0,1724.0,1357.6882950477072,1359.0,1678.0,0.049853515625,1.0,0.950146484375
test,20250305_060649.npy,"(480, 640)",uint16,0.0,675.0,608.6910605283084,609.0,673.0,0.09289388020833333,1.0,0.9071061197916667
test,20250305_061029.npy,"(480, 640)",uint16,0.0,11876.0,823.4392167910974,825.0,871.0,0.07565104166666667,1.0,0.9243489583333333
test,20250305_083140.npy,"(480, 640)",uint16,0.0,11876.0,844.6118936115066,829.0,1188.0,0.08318033854166666,1.0,0.9168196614583334
test,20250305_095046.npy,"(480, 640)",uint16,0.0,666.0,610.2753351427516,611.0,654.0,0.09208658854166667,1.0,0.9079134114583334
test,20250305_095343.npy,"(480, 640)",uint16,0.0,540.0,489.78220312842603,491.0,534.0,0.12408528645833333,1.0,0.8759147135416666
test,20250305_095815.npy,"(480, 640)",uint16,0.0,632.0,509.1123190827337,508.0,611.0,0.12330078125,1.0,0.87669921875
test,20250305_095918.npy,"(480, 640)",uint16,0.0,12011.0,395.4749975009035,392.0,460.0,0.15333984375,1.0,0.84666015625
test,20250305_100402.npy,"(480, 640)",uint16,0.0,829.0,611.0748701615968,610.0,791.0,0.10056966145833333,1.0,0.8994303385416667
test,20250305_101722.npy,"(480, 640)",uint16,0.0,2391.0,1536.5002612749536,1478.0,2221.0,0.046891276041666666,1.0,0.9531087239583333
test,20250305_101733.npy,"(480, 640)",uint16,0.0,1380.0,943.6327071401568,922.0,1310.0,0.07866861979166667,1.0,0.9213313802083334
test,20250305_102838.npy,"(480, 640)",uint16,0.0,903.0,769.8213221987301,772.0,885.0,0.080849609375,1.0,0.919150390625
test,20250305_102854.npy,"(480, 640)",uint16,0.0,10465.0,643.6769866822772,634.0,846.0,0.11028645833333334,1.0,0.8897135416666667
test,20250305_103950.npy,"(480, 640)",uint16,0.0,2162.0,1284.3033762069037,1238.0,1972.0,0.062063802083333335,1.0,0.9379361979166667
test,20250305_110414.npy,"(480, 640)",uint16,0.0,10067.0,1081.4486295127936,1084.0,1382.0,0.0712890625,1.0,0.9287109375
test,20250305_110944.npy,"(480, 640)",uint16,0.0,952.0,796.0115282116446,800.0,922.0,0.077783203125,1.0,0.922216796875
test,20250305_111241.npy,"(480, 640)",uint16,0.0,9878.0,499.17994708092766,499.0,571.0,0.12159505208333334,1.0,0.8784049479166667
test,20250305_111624.npy,"(480, 640)",uint16,0.0,16015.0,337.64768119179354,310.0,379.0,0.24221354166666667,1.0,0.7577864583333334
test,20250305_113508.npy,"(480, 640)",uint16,0.0,764.0,649.4484709095483,651.0,748.0,0.09417317708333334,1.0,0.9058268229166667
test,20250305_114447.npy,"(480, 640)",uint16,0.0,660.0,472.54875413599837,468.0,628.0,0.13228515625,1.0,0.86771484375
test,20250305_114555.npy,"(480, 640)",uint16,0.0,417.0,349.53843953399974,351.0,409.0,0.16929361979166666,1.0,0.8307063802083333
test,20250305_122203.npy,"(480, 640)",uint16,0.0,464.0,415.2068602445635,414.0,458.0,0.14361653645833333,1.0,0.8563834635416666
test,20250305_123822.npy,"(480, 640)",uint16,0.0,830.0,713.2522942638066,720.0,815.0,0.08555338541666667,1.0,0.9144466145833333
test,20250305_123917.npy,"(480, 640)",uint16,0.0,887.0,805.5461946752945,817.0,873.0,0.07638671875,1.0,0.92361328125
test,20250305_124338.npy,"(480, 640)",uint16,0.0,1115.0,961.0775195419363,969.0,1099.0,0.065927734375,1.0,0.934072265625
test,20250305_124654.npy,"(480, 640)",uint16,0.0,897.0,780.7510768348665,785.0,874.0,0.08027018229166667,1.0,0.9197298177083333
test,20250305_124804.npy,"(480, 640)",uint16,0.0,1383.0,1186.8214689848492,1189.0,1367.0,0.053564453125,1.0,0.946435546875
test,20250305_124827.npy,"(480, 640)",uint16,0.0,1176.0,993.8122053303434,1002.0,1149.0,0.06514973958333334,1.0,0.9348502604166666
test,20250305_124833.npy,"(480, 640)",uint16,0.0,1466.0,1220.7426614145081,1223.0,1452.0,0.05296875,1.0,0.94703125
test,20250305_125129.npy,"(480, 640)",uint16,0.0,10465.0,854.451681620232,860.0,995.0,0.069384765625,1.0,0.930615234375
test,20250305_125220.npy,"(480, 640)",uint16,0.0,581.0,524.3677528442012,525.0,574.0,0.10671223958333333,1.0,0.8932877604166667
test,20250305_125700.npy,"(480, 640)",uint16,0.0,1795.0,1376.9020944558522,1362.0,1765.0,0.048828125,1.0,0.951171875
test,20250305_132656.npy,"(480, 640)",uint16,0.0,1264.0,1026.7515892828003,1029.0,1222.0,0.06242513020833333,1.0,0.9375748697916667
test,20250305_132706.npy,"(480, 640)",uint16,0.0,1430.0,1118.0328377879516,1113.0,1380.0,0.056481119791666666,1.0,0.9435188802083333
test,20250305_132930.npy,"(480, 640)",uint16,0.0,13212.0,832.2327390748497,841.0,977.0,0.07827473958333334,1.0,0.9217252604166667
test,20250305_133709.npy,"(480, 640)",uint16,0.0,546.0,446.42678855056005,444.0,529.0,0.13717122395833334,1.0,0.8628287760416666
test,20250305_134208.npy,"(480, 640)",uint16,0.0,1289.0,1015.3596232873132,1010.0,1249.0,0.06607096354166667,1.0,0.9339290364583334
test,20250305_135009.npy,"(480, 640)",uint16,0.0,2623.0,1650.6256399493545,1575.0,2541.0,0.05388020833333333,1.0,0.9461197916666667
test,20250305_135133.npy,"(480, 640)",uint16,0.0,811.0,665.3874225945029,664.0,788.0,0.09373697916666666,1.0,0.9062630208333333
test,20250305_135259.npy,"(480, 640)",uint16,0.0,667.0,587.623808638668,592.0,656.0,0.106865234375,1.0,0.893134765625
test,20250305_135344.npy,"(480, 640)",uint16,0.0,65535.0,3596.650664511616,2578.0,17048.0,0.04133463541666667,1.0,0.9586653645833333
test,20250305_135431.npy,"(480, 640)",uint16,0.0,692.0,554.6108216227681,557.0,674.0,0.109794921875,1.0,0.890205078125
test,20250305_141449.npy,"(480, 640)",uint16,0.0,1214.0,1031.5354022892645,1037.0,1185.0,0.06322265625,1.0,0.93677734375
test,20250305_142205.npy,"(480, 640)",uint16,0.0,1123.0,882.0003837528209,875.0,1079.0,0.075400390625,1.0,0.924599609375
test,20250305_142518.npy,"(480, 640)",uint16,0.0,1874.0,1287.1115266466513,1245.0,1826.0,0.06430013020833333,1.0,0.9356998697916666
test,20250305_143046.npy,"(480, 640)",uint16,0.0,1816.0,1195.587347546068,1160.0,1713.0,0.06798177083333333,1.0,0.9320182291666667
test,20250305_143927.npy,"(480, 640)",uint16,0.0,1036.0,751.9878517984314,747.0,993.0,0.09724934895833333,1.0,0.9027506510416666
test,20250305_150029.npy,"(480, 640)",uint16,0.0,1423.0,1101.903177666102,1094.0,1366.0,0.06205729166666667,1.0,0.9379427083333334
test,20250305_150113.npy,"(480, 640)",uint16,0.0,3356.0,1910.4265848601244,1835.0,3020.0,0.04235026041666667,1.0,0.9576497395833333
test,20250305_150348.npy,"(480, 640)",uint16,0.0,1318.0,1073.6126043370955,1075.0,1273.0,0.060911458333333335,1.0,0.9390885416666667
